# 3ds Max Wavefront OBJ Exporter v0.97b - (c)2007 guruware
# File Created: 22.09.2026 02:26:45

mtllib hqwall_a_building.mtl

#
# object hqwall_a_base
#

v  -197.4432 97.0400 -31.8050
v  -197.4432 1.4916 -31.8050
v  -202.5568 1.4916 -31.8050
v  -202.5568 97.0400 -31.8050
v  -197.4432 97.0400 31.8047
v  -202.5568 97.0400 31.8047
v  -202.5568 1.4916 31.8047
v  -197.4432 1.4916 31.8047
v  -163.2347 130.8982 -31.8050
v  -196.9261 97.2068 -31.8050
v  -200.5419 100.8227 -31.8050
v  -166.8506 134.5140 -31.8050
v  -163.2347 130.8982 31.8047
v  -166.8506 134.5140 31.8047
v  -200.5419 100.8227 31.8047
v  -196.9261 97.2068 31.8047
v  -163.4950 135.6846 -31.8050
v  -60.7614 135.6846 -31.8050
v  -60.7614 130.5710 -31.8050
v  -163.4950 130.5710 -31.8050
v  -163.4950 135.6846 31.8047
v  -163.4950 130.5710 31.8047
v  -60.7614 130.5710 31.8047
v  -60.7614 135.6846 31.8047
v  -202.5568 97.0400 -30.0972
v  -202.5568 97.0400 29.9059
v  -197.4432 97.0400 29.9059
v  -197.4432 97.0400 -30.0972
v  -202.5568 1.4916 -30.0972
v  -202.5568 1.4916 29.9059
v  -197.4432 1.4916 -30.0972
v  -197.4432 1.4916 29.9059
v  -166.8506 134.5140 -30.0972
v  -166.8506 134.5140 29.9059
v  -163.2347 130.8982 29.9059
v  -163.2347 130.8982 -30.0972
v  -200.5419 100.8227 -30.0972
v  -200.5419 100.8227 29.9059
v  -196.9261 97.2068 -30.0972
v  -196.9261 97.2068 29.9059
v  -163.4950 130.5710 -30.0972
v  -163.4950 130.5710 29.9059
v  -163.4950 135.6845 29.9059
v  -163.4950 135.6846 -30.0972
v  -60.7614 130.5710 -30.0972
v  -60.7614 130.5710 29.9059
v  -60.7614 135.6846 -30.0972
v  -60.7614 135.6846 29.9059
v  -197.4432 -97.0400 -31.8050
v  -202.5568 -97.0400 -31.8050
v  -202.5568 -1.4916 -31.8050
v  -197.4432 -1.4916 -31.8050
v  -197.4432 -97.0400 31.8047
v  -197.4432 -1.4916 31.8047
v  -202.5568 -1.4916 31.8047
v  -202.5568 -97.0400 31.8047
v  -163.2347 -130.8981 -31.8050
v  -166.8505 -134.5140 -31.8050
v  -200.5419 -100.8226 -31.8050
v  -196.9260 -97.2068 -31.8050
v  -163.2347 -130.8981 31.8047
v  -196.9260 -97.2068 31.8047
v  -200.5419 -100.8226 31.8047
v  -166.8505 -134.5140 31.8047
v  -163.4949 -135.6845 -31.8050
v  -163.4949 -130.5710 -31.8050
v  -60.7613 -130.5710 -31.8050
v  -60.7613 -135.6845 -31.8050
v  -163.4949 -135.6845 31.8047
v  -60.7613 -135.6845 31.8047
v  -60.7613 -130.5710 31.8047
v  -163.4949 -130.5710 31.8047
v  -202.5568 -97.0400 -30.0972
v  -197.4432 -97.0400 -30.0972
v  -197.4432 -97.0400 29.9059
v  -202.5568 -97.0400 29.9059
v  -202.5568 -1.4916 -30.0972
v  -202.5568 -1.4916 29.9059
v  -197.4432 -1.4916 -30.0972
v  -197.4432 -1.4916 29.9059
v  -166.8505 -134.5140 -30.0972
v  -163.2347 -130.8981 -30.0972
v  -163.2347 -130.8981 29.9059
v  -166.8505 -134.5140 29.9059
v  -200.5419 -100.8226 -30.0972
v  -200.5419 -100.8226 29.9059
v  -196.9260 -97.2068 -30.0972
v  -196.9260 -97.2068 29.9059
v  -163.4949 -130.5710 -30.0972
v  -163.4949 -135.6845 -30.0972
v  -163.4949 -135.6845 29.9059
v  -163.4949 -130.5710 29.9059
v  -60.7613 -130.5710 -30.0972
v  -60.7613 -130.5710 29.9059
v  -60.7613 -135.6845 -30.0972
v  -60.7613 -135.6845 29.9059
v  -1.7802 -170.0008 31.8163
v  -1.7803 -218.2576 31.8163
v  -0.0001 -218.2575 31.8163
v  -0.0001 -170.0007 31.8163
v  -1.7803 -218.2576 -31.8112
v  -1.7802 -170.0008 -31.8112
v  -0.0001 -170.0007 -31.8112
v  -0.0001 -218.2575 -31.8112
v  -1.7803 -218.2576 -30.1145
v  -1.7803 -218.2576 29.9302
v  -1.7802 -170.0008 29.9302
v  -1.7802 -170.0008 -30.1145
v  -1.7802 -31.5397 31.8163
v  -1.7803 -69.7474 31.8163
v  -0.0001 -69.7473 31.8163
v  -0.0001 -31.5396 31.8163
v  -1.7803 -69.7474 -31.8112
v  -1.7802 -31.5397 -31.8112
v  -0.0001 -31.5396 -31.8112
v  -0.0001 -69.7473 -31.8112
v  -1.7803 -69.7474 -30.1145
v  -1.7803 -69.7474 29.9302
v  -1.7802 -31.5397 29.9302
v  -1.7802 -31.5397 -30.1145
v  -1.7802 -302.7761 31.8163
v  -1.7802 -334.1253 31.8163
v  0.0000 -334.1253 31.8163
v  -0.0000 -302.7761 31.8163
v  -1.7802 -334.1253 -31.8113
v  -1.7802 -302.7761 -31.8113
v  -0.0000 -302.7761 -31.8113
v  0.0000 -334.1253 -31.8113
v  -1.7802 -334.1253 -30.1145
v  -1.7802 -334.1253 29.9302
v  -1.7802 -302.7761 29.9302
v  -1.7802 -302.7761 -30.1145
v  -1.7803 170.0010 31.8163
v  -0.0002 170.0009 31.8163
v  -0.0002 218.2576 31.8163
v  -1.7804 218.2577 31.8163
v  -1.7804 218.2577 -31.8112
v  -0.0002 218.2576 -31.8112
v  -0.0001 170.0009 -31.8112
v  -1.7803 170.0010 -31.8112
v  -1.7804 218.2578 -30.1145
v  -1.7803 170.0010 -30.1145
v  -1.7803 170.0010 29.9302
v  -1.7804 218.2578 29.9302
v  -1.7802 31.5398 31.8163
v  -0.0001 31.5397 31.8163
v  -0.0002 69.7474 31.8163
v  -1.7803 69.7475 31.8163
v  -1.7803 69.7475 -31.8112
v  -0.0001 69.7474 -31.8112
v  -0.0001 31.5397 -31.8112
v  -1.7802 31.5398 -31.8112
v  -1.7803 69.7475 -30.1145
v  -1.7802 31.5398 -30.1145
v  -1.7802 31.5398 29.9302
v  -1.7803 69.7475 29.9302
v  -1.7803 302.7762 31.8163
v  -0.0002 302.7762 31.8163
v  -0.0002 334.1254 31.8163
v  -1.7804 334.1254 31.8163
v  -1.7804 334.1254 -31.8113
v  -0.0002 334.1254 -31.8113
v  -0.0002 302.7762 -31.8113
v  -1.7803 302.7762 -31.8113
v  -1.7804 334.1254 -30.1145
v  -1.7803 302.7762 -30.1145
v  -1.7803 302.7762 29.9302
v  -1.7804 334.1254 29.9302
v  -56.4057 -129.3605 -30.1145
v  -56.4057 -129.3605 29.9302
v  -38.9263 -93.4710 29.9302
v  -38.9263 -93.4710 -30.1145
v  -52.8449 -129.3605 -31.8112
v  -35.3656 -93.4710 -31.8112
v  -35.3656 -93.4710 -30.1145
v  -52.8449 -129.3605 -30.1145
v  -52.8450 -57.5815 31.8163
v  -56.4057 -57.5815 31.8163
v  -38.9263 -93.4710 31.8163
v  -35.3655 -93.4710 31.8163
v  -56.4058 -129.3605 -31.8112
v  -38.9263 -93.4710 -31.8112
v  -35.3655 -93.4710 -31.8112
v  -52.8449 -129.3605 29.9302
v  -35.3656 -93.4710 29.9301
v  -35.3656 -93.4710 31.8163
v  -52.8449 -129.3605 31.8163
v  -35.3656 -93.4710 29.9302
v  -56.4057 -57.5815 29.9302
v  -56.4057 -57.5815 -30.1145
v  -52.8450 -57.5815 -31.8112
v  -52.8450 -57.5815 -30.1145
v  -56.4058 -129.3605 31.8163
v  -56.4057 -57.5815 -31.8112
v  -52.8450 -57.5815 29.9301
v  -56.4058 129.3606 -30.1145
v  -38.9263 93.4711 -30.1145
v  -38.9263 93.4711 29.9302
v  -56.4058 129.3606 29.9302
v  -52.8450 129.3606 -31.8112
v  -52.8450 129.3606 -30.1145
v  -35.3656 93.4711 -30.1145
v  -35.3656 93.4711 -31.8112
v  -52.8450 57.5816 31.8163
v  -35.3655 93.4711 31.8163
v  -38.9264 93.4711 31.8163
v  -56.4057 57.5816 31.8163
v  -38.9264 93.4711 -31.8112
v  -56.4059 129.3606 -31.8112
v  -52.8450 129.3606 29.9302
v  -52.8450 129.3606 31.8163
v  -35.3656 93.4711 31.8163
v  -35.3656 93.4711 29.9301
v  -35.3656 93.4711 29.9302
v  -56.4057 57.5816 -30.1145
v  -56.4057 57.5816 29.9302
v  -52.8450 57.5816 -30.1145
v  -52.8450 57.5816 -31.8112
v  -52.8449 129.3606 31.8163
v  -56.4059 129.3606 31.8163
v  -56.4057 57.5816 -31.8112
v  -52.8450 57.5816 29.9301
v  -155.1514 254.7191 0.0000
v  -155.1514 283.8694 0.0000
v  -130.5527 283.8694 0.0000
v  -130.5527 254.7191 0.0000
v  -155.1514 254.7191 107.9135
v  -130.5527 254.7191 107.9135
v  -130.5527 283.8694 107.9135
v  -155.1514 283.8694 107.9135
v  -167.6177 290.4147 0.0000
v  -167.6177 319.5650 0.0000
v  -136.4040 319.5650 0.0000
v  -136.4040 290.4147 0.0000
v  -167.6177 290.4147 76.6950
v  -136.4040 290.4147 76.6950
v  -136.4040 319.5650 76.6950
v  -167.6177 319.5650 76.6950
v  -206.0121 272.2958 0.0000
v  -206.0121 300.1284 0.0000
v  -180.9163 300.1284 0.0000
v  -180.9163 272.2958 0.0000
v  -206.0121 272.2958 57.3208
v  -180.9163 272.2958 57.3208
v  -180.9163 300.1284 57.3208
v  -206.0121 300.1284 57.3208
v  -203.0086 280.3089 0.0000
v  -203.0086 311.3870 0.0000
v  -167.3491 311.3870 0.0000
v  -167.3492 280.3089 0.0000
v  -203.0086 280.3089 18.1655
v  -167.3492 280.3089 18.1655
v  -167.3491 311.3870 18.1655
v  -203.0086 311.3870 18.1655
v  -188.4032 257.5715 0.0000
v  -188.4032 318.2885 0.0000
v  -139.5193 318.2885 0.0000
v  -139.5193 257.5715 0.0000
v  -188.4032 257.5715 29.2258
v  -139.5193 257.5715 29.2258
v  -139.5193 318.2885 29.2258
v  -188.4032 318.2885 29.2258
v  -109.7614 254.7191 0.0000
v  -109.7614 283.8694 0.0000
v  -65.9572 283.8694 0.0000
v  -65.9572 254.7191 0.0000
v  -109.7614 254.7191 41.7111
v  -65.9572 254.7191 41.7111
v  -65.9572 283.8694 41.7111
v  -109.7614 283.8694 41.7111
v  -66.4011 258.8617 0.0000
v  -66.4011 298.2758 0.0000
v  -33.9328 298.2758 0.0000
v  -33.9327 258.8617 0.0000
v  -66.4011 258.8617 21.1352
v  -33.9327 258.8617 21.1352
v  -33.9328 298.2758 21.1352
v  -66.4011 298.2758 21.1352
v  -74.6378 281.8194 0.0000
v  -74.6378 321.2335 0.0000
v  -36.1622 321.2334 0.0000
v  -36.1622 281.8193 0.0000
v  -74.6378 281.8194 27.0653
v  -36.1622 281.8193 27.0653
v  -36.1622 321.2334 27.0653
v  -74.6378 321.2335 27.0653
v  -112.5657 290.5194 0.0000
v  -112.5657 319.6697 0.0000
v  -68.7615 319.6697 0.0000
v  -68.7615 290.5194 0.0000
v  -112.5657 290.5194 57.0170
v  -68.7615 290.5194 57.0170
v  -68.7615 319.6697 57.0170
v  -112.5657 319.6697 57.0170
v  -105.5250 277.1613 0.0000
v  -105.5250 301.9091 0.0000
v  -71.2569 301.9092 0.0000
v  -71.2569 277.1613 0.0000
v  -105.5250 277.1613 16.9688
v  -71.2569 277.1613 16.9688
v  -71.2569 301.9092 16.9688
v  -105.5250 301.9091 16.9688
v  -185.6791 338.4551 0.0000
v  -185.6791 367.6054 0.0000
v  -154.4654 367.6054 0.0000
v  -154.4654 338.4551 0.0000
v  -185.6791 338.4551 157.7807
v  -154.4654 338.4551 157.7807
v  -154.4654 367.6054 157.7807
v  -185.6791 367.6054 157.7807
v  -203.0086 343.2999 0.0000
v  -203.0086 375.0000 0.0000
v  -167.3492 375.0000 0.0000
v  -167.3492 343.2999 0.0000
v  -203.0086 343.2999 18.1655
v  -167.3492 343.2999 18.1655
v  -167.3492 375.0000 18.1655
v  -203.0086 375.0000 18.1655
v  -167.5203 339.2356 0.0000
v  -167.5203 370.3137 0.0000
v  -131.8608 370.3137 0.0000
v  -131.8608 339.2356 0.0000
v  -167.5203 339.2356 10.4312
v  -131.8608 339.2356 10.4312
v  -131.8608 370.3137 10.4312
v  -167.5203 370.3137 10.4312
v  -82.6879 338.8586 0.0000
v  -82.6879 375.0000 0.0000
v  -38.8837 375.0000 0.0000
v  -38.8837 338.8586 0.0000
v  -82.6879 338.8586 119.3901
v  -38.8837 338.8586 119.3901
v  -38.8837 375.0000 119.3901
v  -82.6879 375.0000 119.3901
v  -158.6753 206.9671 0.0000
v  -158.6753 229.2153 0.0000
v  -134.1528 229.2153 0.0000
v  -134.1528 206.9671 0.0000
v  -158.6753 206.9671 159.5585
v  -134.1528 206.9671 159.5585
v  -134.1528 229.2153 159.5585
v  -158.6753 229.2153 159.5585
v  -192.3436 191.1849 0.0000
v  -192.3436 213.4330 0.0000
v  -144.4077 213.4331 0.0000
v  -144.4077 191.1849 0.0000
v  -192.3436 191.1849 17.8291
v  -144.4077 191.1849 17.8291
v  -144.4077 213.4331 17.8291
v  -192.3436 213.4330 17.8291
v  -276.2920 272.2958 0.0000
v  -276.2920 300.1284 0.0000
v  -251.1963 300.1284 0.0000
v  -251.1963 272.2958 0.0000
v  -276.2920 272.2958 71.7519
v  -251.1963 272.2958 71.7519
v  -251.1963 300.1284 71.7519
v  -276.2920 300.1284 71.7519
v  -248.4044 254.5015 0.0000
v  -248.4044 282.3341 0.0000
v  -223.3087 282.3341 0.0000
v  -223.3087 254.5014 0.0000
v  -248.4044 254.5015 112.6846
v  -223.3087 254.5014 112.6846
v  -223.3087 282.3341 112.6846
v  -248.4044 282.3341 112.6846
v  -302.4934 254.5014 0.0000
v  -302.4934 282.3341 0.0000
v  -277.3977 282.3341 0.0000
v  -277.3977 254.5014 0.0000
v  -302.4934 254.5014 156.6551
v  -277.3977 254.5014 156.6551
v  -277.3977 282.3341 156.6551
v  -302.4934 282.3341 156.6551
v  -248.4045 292.7622 0.0000
v  -248.4044 320.5948 0.0000
v  -223.3087 320.5948 0.0000
v  -223.3087 292.7622 0.0000
v  -248.4045 292.7622 178.9547
v  -223.3087 292.7622 178.9547
v  -223.3087 320.5948 178.9547
v  -248.4044 320.5948 178.9547
v  -302.4934 292.7622 0.0000
v  -302.4934 320.5948 0.0000
v  -277.3977 320.5948 0.0000
v  -277.3977 292.7622 0.0000
v  -302.4934 292.7622 112.6846
v  -277.3977 292.7622 112.6846
v  -277.3977 320.5948 112.6846
v  -302.4934 320.5948 112.6846
v  -286.8147 177.6945 0.0000
v  -286.8147 185.4977 0.0000
v  -238.8788 185.4977 0.0000
v  -238.8788 177.6945 0.0000
v  -286.8147 177.6945 120.2537
v  -238.8788 177.6945 120.2537
v  -238.8788 185.4977 120.2537
v  -286.8147 185.4977 120.2537
v  -286.8147 194.2569 0.0000
v  -286.8147 202.0601 0.0000
v  -238.8788 202.0601 0.0000
v  -238.8789 194.2569 0.0000
v  -286.8147 194.2569 130.0992
v  -238.8789 194.2569 130.0992
v  -238.8788 202.0601 130.0992
v  -286.8147 202.0601 130.0992
v  -286.8147 210.3919 0.0000
v  -286.8147 218.1951 0.0000
v  -238.8788 218.1951 0.0000
v  -238.8788 210.3919 0.0000
v  -286.8147 210.3919 146.2585
v  -238.8788 210.3919 146.2585
v  -238.8788 218.1951 146.2585
v  -286.8147 218.1951 146.2585
v  -286.8147 224.8597 0.0000
v  -286.8147 232.6629 0.0000
v  -238.8788 232.6630 0.0000
v  -238.8788 224.8597 0.0000
v  -286.8147 224.8597 170.2762
v  -238.8788 224.8597 170.2762
v  -238.8788 232.6630 170.2762
v  -286.8147 232.6629 170.2762
v  -179.8092 174.5999 0.0000
v  -179.8092 196.8481 0.0000
v  -156.9422 196.8481 0.0000
v  -156.9421 174.5999 0.0000
v  -179.8092 174.5999 121.1685
v  -156.9421 174.5999 121.1685
v  -156.9422 196.8481 121.1685
v  -179.8092 196.8481 121.1685
v  -204.2982 206.9671 0.0000
v  -204.2982 229.2153 0.0000
v  -179.7757 229.2153 0.0000
v  -179.7757 206.9671 0.0000
v  -204.2982 206.9671 150.2875
v  -179.7757 206.9671 150.2875
v  -179.7757 229.2153 150.2875
v  -204.2982 229.2153 150.2875
v  -109.9688 348.5952 0.0000
v  -109.9688 365.2633 0.0000
v  -66.1646 365.2633 0.0000
v  -66.1646 348.5952 0.0000
v  -109.9688 348.5952 15.5241
v  -66.1646 348.5952 15.5241
v  -66.1646 365.2633 15.5241
v  -109.9688 365.2633 15.5241
v  -109.9688 348.5952 83.4703
v  -109.9688 365.2633 83.4703
v  -66.1646 365.2633 83.4703
v  -66.1646 348.5952 83.4703
v  -109.9688 348.5952 98.9945
v  -66.1646 348.5952 98.9945
v  -66.1646 365.2633 98.9945
v  -109.9688 365.2633 98.9945
v  -109.9688 348.5952 57.8376
v  -109.9688 365.2633 57.8376
v  -66.1646 365.2633 57.8376
v  -66.1646 348.5952 57.8376
v  -109.9688 348.5952 73.3617
v  -66.1646 348.5952 73.3617
v  -66.1646 365.2633 73.3617
v  -109.9688 365.2633 73.3617
v  -109.9688 348.5952 27.9822
v  -109.9688 365.2633 27.9822
v  -66.1646 365.2633 27.9822
v  -66.1646 348.5952 27.9822
v  -109.9688 348.5952 43.5063
v  -66.1646 348.5952 43.5063
v  -66.1646 365.2633 43.5063
v  -109.9688 365.2633 43.5063
v  -92.9871 191.3534 0.0000
v  -92.9871 220.5037 0.0000
v  -49.1829 220.5037 0.0000
v  -49.1829 191.3534 0.0000
v  -92.9871 191.3534 31.7185
v  -49.1829 191.3534 31.7185
v  -49.1829 220.5037 31.7185
v  -92.9871 220.5037 31.7185
v  -88.5788 193.1421 8.8333
v  -88.5788 218.7150 8.8333
v  -53.5913 218.7150 8.8333
v  -53.5913 193.1421 8.8333
v  -88.5788 193.1421 79.2506
v  -53.5913 193.1421 79.2506
v  -53.5913 218.7150 79.2506
v  -88.5788 218.7150 79.2506
v  -276.6655 338.4551 0.0000
v  -276.6655 367.6054 0.0000
v  -245.4518 367.6054 0.0000
v  -245.4518 338.4551 0.0000
v  -276.6655 338.4551 157.7807
v  -245.4518 338.4551 157.7807
v  -245.4518 367.6054 157.7807
v  -276.6655 367.6054 157.7807
v  -296.8513 81.7149 0.0000
v  -296.8513 139.6745 0.0000
v  -272.3289 139.6745 0.0000
v  -272.3289 81.7149 0.0000
v  -296.8513 81.7149 159.5585
v  -272.3289 81.7149 159.5585
v  -272.3289 139.6745 159.5585
v  -296.8513 139.6745 159.5585
v  -274.7113 93.2726 0.0000
v  -274.7113 128.1169 0.0000
v  -250.1888 128.1169 0.0000
v  -250.1888 93.2726 0.0000
v  -274.7113 93.2726 134.0859
v  -250.1888 93.2726 134.0859
v  -250.1888 128.1169 134.0859
v  -274.7113 128.1169 134.0859
v  -247.9754 73.4685 0.0000
v  -247.9754 154.5869 0.0000
v  -224.2312 154.5869 0.0000
v  -224.2312 73.4685 0.0000
v  -247.9754 73.4685 45.3004
v  -224.2312 73.4685 45.3004
v  -224.2312 154.5869 45.3004
v  -247.9754 154.5869 45.3004
v  -254.2628 0.0000 0.0000
v  -254.2628 81.7938 0.0000
v  -229.0661 81.7938 0.0000
v  -229.0661 -0.0000 0.0000
v  -254.2628 0.0000 60.9169
v  -229.0661 -0.0000 60.9169
v  -229.0661 81.7938 60.9169
v  -254.2628 81.7938 60.9169
v  -263.6065 -28.4470 0.0000
v  -263.6065 62.6703 0.0000
v  -249.5320 62.6703 0.0000
v  -249.5320 -28.4470 0.0000
v  -263.6065 -28.4470 106.6588
v  -249.5320 -28.4470 106.6588
v  -249.5320 62.6703 106.6588
v  -263.6065 62.6703 106.6588
v  -295.7320 0.0000 0.0000
v  -295.7320 68.3173 0.0000
v  -290.5839 68.3173 0.0000
v  -290.5839 0.0000 0.0000
v  -295.7320 0.0000 60.9169
v  -290.5839 0.0000 60.9169
v  -290.5839 68.3173 60.9169
v  -295.7320 68.3173 60.9169
v  -298.1221 51.7989 0.0000
v  -232.4915 51.7989 0.0000
v  -232.4915 22.3665 0.0000
v  -298.1221 22.3665 0.0000
v  -298.1221 51.7989 127.5267
v  -298.1221 22.3665 127.5267
v  -232.4915 22.3665 127.5267
v  -232.4915 51.7989 127.5267
v  -329.0948 69.8979 0.0000
v  -329.0948 4.2674 0.0000
v  -358.5273 4.2674 0.0000
v  -358.5273 69.8979 0.0000
v  -329.0948 69.8979 174.1230
v  -358.5273 69.8979 174.1230
v  -358.5273 4.2674 174.1230
v  -329.0948 4.2674 174.1230
v  -322.1310 145.2712 0.0000
v  -322.1310 79.6407 0.0000
v  -375.0000 79.6407 0.0000
v  -375.0000 145.2712 0.0000
v  -322.1310 145.2712 79.9606
v  -375.0000 145.2712 79.9606
v  -375.0000 79.6407 79.9606
v  -322.1310 79.6407 79.9606
v  -322.1310 232.0005 0.0000
v  -322.1310 174.4144 0.0000
v  -334.4753 174.4144 0.0000
v  -334.4753 232.0005 0.0000
v  -322.1310 232.0005 38.6609
v  -334.4753 232.0005 38.6609
v  -334.4753 174.4144 38.6609
v  -322.1310 174.4144 38.6609
v  -339.8398 232.0005 0.0000
v  -339.8398 174.4144 0.0000
v  -352.1841 174.4144 0.0000
v  -352.1841 232.0005 0.0000
v  -339.8398 232.0005 82.5876
v  -352.1841 232.0005 82.5876
v  -352.1841 174.4144 82.5876
v  -339.8398 174.4144 82.5876
v  -357.6032 232.0005 0.0000
v  -357.6032 174.4144 0.0000
v  -369.9475 174.4144 0.0000
v  -369.9475 232.0005 0.0000
v  -357.6032 232.0005 129.9258
v  -369.9475 232.0005 129.9258
v  -369.9475 174.4144 129.9258
v  -357.6032 174.4144 129.9258
v  -358.9472 286.6461 0.0000
v  -358.9472 317.7242 0.0000
v  -323.2878 317.7242 0.0000
v  -323.2878 286.6461 0.0000
v  -358.9472 286.6461 18.1655
v  -323.2878 286.6461 18.1655
v  -323.2878 317.7242 18.1655
v  -358.9472 317.7242 18.1655
v  -333.5196 273.8270 0.0000
v  -333.5196 283.9263 0.0000
v  -322.8321 283.9263 0.0000
v  -322.8321 273.8270 0.0000
v  -333.5196 273.8270 18.1655
v  -322.8321 273.8270 18.1655
v  -322.8321 283.9263 18.1655
v  -333.5196 283.9263 18.1655
v  -333.5196 257.8749 0.0000
v  -333.5196 267.9742 0.0000
v  -322.8321 267.9742 0.0000
v  -322.8321 257.8749 0.0000
v  -333.5196 257.8749 18.1655
v  -322.8321 257.8749 18.1655
v  -322.8321 267.9742 18.1655
v  -333.5196 267.9742 18.1655
v  -349.0265 273.8270 0.0000
v  -349.0266 283.9263 0.0000
v  -338.3391 283.9263 0.0000
v  -338.3391 273.8270 0.0000
v  -349.0265 273.8270 18.1655
v  -338.3391 273.8270 18.1655
v  -338.3391 283.9263 18.1655
v  -349.0266 283.9263 18.1655
v  -349.0265 257.8749 0.0000
v  -349.0265 267.9742 0.0000
v  -338.3391 267.9742 0.0000
v  -338.3391 257.8749 0.0000
v  -349.0265 257.8749 18.1655
v  -338.3391 257.8749 18.1655
v  -338.3391 267.9742 18.1655
v  -349.0265 267.9742 18.1655
v  -367.3140 273.8270 0.0000
v  -367.3140 283.9263 0.0000
v  -356.6265 283.9263 0.0000
v  -356.6265 273.8270 0.0000
v  -367.3140 273.8270 18.1655
v  -356.6265 273.8270 18.1655
v  -356.6265 283.9263 18.1655
v  -367.3140 283.9263 18.1655
v  -367.3140 257.8749 0.0000
v  -367.3140 267.9742 0.0000
v  -356.6265 267.9742 0.0000
v  -356.6265 257.8749 0.0000
v  -367.3140 257.8749 18.1655
v  -356.6265 257.8749 18.1655
v  -356.6265 267.9742 18.1655
v  -367.3140 267.9742 18.1655
v  -340.6080 337.9211 0.0000
v  -340.6080 354.0057 0.0000
v  -323.2878 354.0057 0.0000
v  -323.2877 337.9211 0.0000
v  -340.6080 337.9211 54.9877
v  -323.2877 337.9211 54.9877
v  -323.2878 354.0057 54.9877
v  -340.6080 354.0057 54.9877
v  -369.7535 337.9211 0.0000
v  -369.7535 354.0057 0.0000
v  -352.4332 354.0057 0.0000
v  -352.4332 337.9211 0.0000
v  -369.7535 337.9211 87.7238
v  -352.4332 337.9211 87.7238
v  -352.4332 354.0057 87.7238
v  -369.7535 354.0057 87.7238
v  -357.3166 347.3209 0.0000
v  -357.3166 368.6052 0.0000
v  -329.9765 368.6052 0.0000
v  -329.9765 347.3209 0.0000
v  -357.3166 347.3209 28.8436
v  -329.9765 347.3209 28.8436
v  -329.9765 368.6052 28.8436
v  -357.3166 368.6052 28.8436
v  -343.1658 -9.8486 0.0000
v  -343.1658 -49.4001 0.0000
v  -372.5982 -49.4001 0.0000
v  -372.5982 -9.8486 0.0000
v  -343.1658 -9.8486 130.1392
v  -372.5982 -9.8486 130.1392
v  -372.5982 -49.4001 130.1392
v  -343.1658 -49.4001 130.1392
v  -322.1310 -31.2140 0.0000
v  -322.1310 -96.8445 0.0000
v  -375.0000 -96.8445 0.0000
v  -375.0000 -31.2140 0.0000
v  -322.1310 -31.2140 79.9606
v  -375.0000 -31.2140 79.9606
v  -375.0000 -96.8445 79.9606
v  -322.1310 -96.8445 79.9606
v  -298.1221 -19.0276 0.0000
v  -232.4915 -19.0276 0.0000
v  -232.4915 -48.4600 0.0000
v  -298.1221 -48.4600 0.0000
v  -298.1221 -19.0276 127.5267
v  -298.1221 -48.4600 127.5267
v  -232.4915 -48.4600 127.5267
v  -232.4915 -19.0276 127.5267
v  -278.2729 -38.4976 0.0000
v  -278.2729 -104.1281 0.0000
v  -291.5696 -104.1281 0.0000
v  -291.5696 -38.4976 0.0000
v  -278.2729 -38.4976 160.1721
v  -291.5696 -38.4976 160.1721
v  -291.5696 -104.1281 160.1721
v  -278.2729 -104.1281 160.1721
v  -241.9555 -38.4976 0.0000
v  -241.9555 -104.1281 0.0000
v  -257.1453 -104.1281 0.0000
v  -257.1453 -38.4976 0.0000
v  -241.9555 -38.4976 160.1721
v  -257.1453 -38.4976 160.1721
v  -257.1453 -104.1281 160.1721
v  -241.9555 -104.1281 160.1721
v  -322.1310 -127.9403 0.0000
v  -322.1310 -153.2316 0.0000
v  -352.4330 -153.2316 0.0000
v  -352.4330 -127.9403 0.0000
v  -322.1310 -127.9403 102.0990
v  -352.4330 -127.9403 102.0990
v  -352.4330 -153.2316 102.0990
v  -322.1310 -153.2316 102.0990
v  -280.4343 -87.6246 0.0000
v  -280.4343 -153.2551 0.0000
v  -289.8992 -153.2551 0.0000
v  -289.8992 -87.6246 0.0000
v  -280.4343 -87.6246 120.7153
v  -289.8992 -87.6246 120.7153
v  -289.8992 -153.2551 120.7153
v  -280.4343 -153.2551 120.7153
v  -243.4047 -87.6246 0.0000
v  -243.4047 -153.2551 0.0000
v  -252.8695 -153.2551 0.0000
v  -252.8695 -87.6245 0.0000
v  -243.4047 -87.6246 120.7153
v  -252.8695 -87.6245 120.7153
v  -252.8695 -153.2551 120.7153
v  -243.4047 -153.2551 120.7153
v  -254.2628 -268.0505 0.0000
v  -254.2628 -186.2568 0.0000
v  -229.0661 -186.2568 0.0000
v  -229.0661 -268.0505 0.0000
v  -254.2628 -268.0505 127.1743
v  -229.0661 -268.0505 127.1743
v  -229.0661 -186.2568 127.1743
v  -254.2628 -186.2568 127.1743
v  -375.0000 -251.1298 0.0000
v  -375.0000 -203.1775 0.0000
v  -161.4304 -203.1775 0.0000
v  -161.4304 -251.1298 0.0000
v  -375.0000 -251.1298 60.9169
v  -161.4304 -251.1298 60.9169
v  -161.4304 -203.1775 60.9169
v  -375.0000 -203.1775 60.9169
v  -201.6718 -268.0505 0.0000
v  -201.6718 -186.2568 0.0000
v  -176.4752 -186.2568 0.0000
v  -176.4752 -268.0505 0.0000
v  -201.6718 -268.0505 93.0839
v  -176.4752 -268.0505 93.0839
v  -176.4752 -186.2568 93.0839
v  -201.6718 -186.2568 93.0839
v  -368.8888 -268.0505 0.0000
v  -368.8888 -186.2568 0.0000
v  -343.6921 -186.2568 0.0000
v  -343.6921 -268.0506 0.0000
v  -368.8888 -268.0505 93.0839
v  -343.6921 -268.0506 93.0839
v  -343.6921 -186.2568 93.0839
v  -368.8888 -186.2568 93.0839
v  -317.2448 -268.0506 0.0000
v  -317.2448 -186.2568 0.0000
v  -292.0481 -186.2568 0.0000
v  -292.0481 -268.0505 0.0000
v  -317.2448 -268.0506 127.1743
v  -292.0481 -268.0505 127.1743
v  -292.0481 -186.2568 127.1743
v  -317.2448 -186.2568 127.1743
v  -329.0948 -301.0077 0.0000
v  -329.0948 -366.6382 0.0000
v  -375.0000 -366.6382 0.0000
v  -375.0000 -301.0077 0.0000
v  -329.0948 -301.0077 174.1230
v  -375.0000 -301.0077 174.1230
v  -375.0000 -366.6382 174.1230
v  -329.0948 -366.6382 174.1230
v  -340.1883 -312.9601 0.0000
v  -274.5577 -312.9600 0.0000
v  -274.5577 -342.3924 0.0000
v  -340.1883 -342.3924 0.0000
v  -340.1883 -312.9601 127.5267
v  -340.1883 -342.3924 127.5267
v  -274.5577 -342.3924 127.5267
v  -274.5577 -312.9600 127.5267
v  -272.4951 -330.5203 0.0000
v  -206.8646 -330.5203 0.0000
v  -206.8646 -349.6082 0.0000
v  -272.4951 -349.6082 0.0000
v  -272.4951 -330.5203 86.3834
v  -272.4951 -349.6082 86.3834
v  -206.8646 -349.6082 86.3834
v  -206.8646 -330.5203 86.3834
v  -136.4203 -375.0000 0.0000
v  -136.4203 -331.4760 0.0000
v  -83.5994 -331.4759 0.0000
v  -83.5994 -375.0000 0.0000
v  -136.4203 -375.0000 60.9169
v  -83.5994 -375.0000 60.9169
v  -83.5994 -331.4759 60.9169
v  -136.4203 -331.4760 60.9169
v  -138.8049 -294.0367 0.0000
v  -138.8050 -259.6281 0.0000
v  -110.8903 -259.6281 0.0000
v  -110.8903 -294.0367 0.0000
v  -138.8049 -294.0367 141.1619
v  -110.8903 -294.0367 141.1619
v  -110.8903 -259.6281 141.1619
v  -138.8050 -259.6281 141.1619
v  -135.9364 -260.7786 0.0000
v  -135.9364 -226.3699 0.0000
v  -108.0217 -226.3699 0.0000
v  -108.0217 -260.7786 0.0000
v  -135.9364 -260.7786 38.9410
v  -108.0217 -260.7786 38.9410
v  -108.0217 -226.3699 38.9410
v  -135.9364 -226.3699 38.9410
v  -120.2937 -283.7615 0.0000
v  -120.2937 -246.1639 0.0000
v  -69.4540 -246.1639 0.0000
v  -69.4541 -283.7615 0.0000
v  -120.2937 -283.7615 105.9075
v  -69.4541 -283.7615 105.9075
v  -69.4540 -246.1639 105.9075
v  -120.2937 -246.1639 105.9075
v  -84.3055 -260.7785 0.0000
v  -84.3055 -226.3699 0.0000
v  -56.3908 -226.3699 0.0000
v  -56.3908 -260.7785 0.0000
v  -84.3055 -260.7785 38.9410
v  -56.3908 -260.7785 38.9410
v  -56.3908 -226.3699 38.9410
v  -84.3055 -226.3699 38.9410
v  -64.4021 -210.0563 0.0000
v  -64.4021 -175.6476 0.0000
v  -36.4874 -175.6476 0.0000
v  -36.4874 -210.0563 0.0000
v  -64.4021 -210.0563 99.5957
v  -36.4874 -210.0563 99.5957
v  -36.4874 -175.6476 99.5957
v  -64.4021 -175.6476 99.5957
v  -110.2810 -210.0563 0.0000
v  -110.2810 -175.6476 0.0000
v  -82.3663 -175.6476 0.0000
v  -82.3663 -210.0563 0.0000
v  -110.2810 -210.0563 38.9410
v  -82.3663 -210.0563 38.9410
v  -82.3663 -175.6476 38.9410
v  -110.2810 -175.6476 38.9410
v  -83.3794 -369.7410 0.0000
v  -83.3794 -336.7349 0.0000
v  -43.3232 -336.7349 0.0000
v  -43.3232 -369.7410 0.0000
v  -83.3794 -369.7410 104.0442
v  -43.3232 -369.7410 104.0442
v  -43.3232 -336.7349 104.0442
v  -83.3794 -336.7349 104.0442
v  -84.3055 -304.6725 0.0000
v  -84.3055 -270.2639 0.0000
v  -56.3908 -270.2639 0.0000
v  -56.3908 -304.6725 0.0000
v  -84.3055 -304.6725 38.9410
v  -56.3908 -304.6725 38.9410
v  -56.3908 -270.2639 38.9410
v  -84.3055 -270.2639 38.9410
v  -155.1514 254.7191 375.0000
v  -130.5527 254.7191 375.0000
v  -130.5527 283.8694 375.0000
v  -155.1514 283.8694 375.0000
v  -155.1514 254.7191 267.0865
v  -155.1514 283.8694 267.0865
v  -130.5527 283.8694 267.0865
v  -130.5527 254.7191 267.0865
v  -167.6177 290.4147 375.0000
v  -136.4040 290.4147 375.0000
v  -136.4040 319.5650 375.0000
v  -167.6177 319.5650 375.0000
v  -167.6177 290.4147 298.3050
v  -167.6177 319.5650 298.3050
v  -136.4040 319.5650 298.3050
v  -136.4040 290.4147 298.3050
v  -206.0121 272.2958 375.0000
v  -180.9163 272.2958 375.0000
v  -180.9163 300.1284 375.0000
v  -206.0121 300.1284 375.0000
v  -206.0121 272.2958 317.6792
v  -206.0121 300.1284 317.6792
v  -180.9163 300.1284 317.6792
v  -180.9163 272.2958 317.6792
v  -203.0086 280.3089 375.0000
v  -167.3492 280.3089 375.0000
v  -167.3491 311.3870 375.0000
v  -203.0086 311.3870 375.0000
v  -203.0086 280.3089 356.8345
v  -203.0086 311.3870 356.8345
v  -167.3491 311.3870 356.8345
v  -167.3492 280.3089 356.8345
v  -188.4032 257.5715 375.0000
v  -139.5193 257.5715 375.0000
v  -139.5193 318.2885 375.0000
v  -188.4032 318.2885 375.0000
v  -188.4032 257.5715 345.7742
v  -188.4032 318.2885 345.7742
v  -139.5193 318.2885 345.7742
v  -139.5193 257.5715 345.7742
v  -109.7614 254.7191 375.0000
v  -65.9572 254.7191 375.0000
v  -65.9572 283.8694 375.0000
v  -109.7614 283.8694 375.0000
v  -109.7614 254.7191 333.2889
v  -109.7614 283.8694 333.2889
v  -65.9572 283.8694 333.2889
v  -65.9572 254.7191 333.2889
v  -66.4011 258.8617 375.0000
v  -33.9327 258.8617 375.0000
v  -33.9328 298.2758 375.0000
v  -66.4011 298.2758 375.0000
v  -66.4011 258.8617 353.8648
v  -66.4011 298.2758 353.8648
v  -33.9328 298.2758 353.8648
v  -33.9327 258.8617 353.8648
v  -74.6378 281.8194 375.0000
v  -36.1622 281.8193 375.0000
v  -36.1622 321.2334 375.0000
v  -74.6378 321.2335 375.0000
v  -74.6378 281.8194 347.9348
v  -74.6378 321.2335 347.9348
v  -36.1622 321.2334 347.9348
v  -36.1622 281.8193 347.9348
v  -112.5657 290.5194 375.0000
v  -68.7615 290.5194 375.0000
v  -68.7615 319.6697 375.0000
v  -112.5657 319.6697 375.0000
v  -112.5657 290.5194 317.9830
v  -112.5657 319.6697 317.9830
v  -68.7615 319.6697 317.9830
v  -68.7615 290.5194 317.9830
v  -105.5250 277.1613 375.0000
v  -71.2569 277.1613 375.0000
v  -71.2569 301.9092 375.0000
v  -105.5250 301.9091 375.0000
v  -105.5250 277.1613 358.0312
v  -105.5250 301.9091 358.0312
v  -71.2569 301.9092 358.0312
v  -71.2569 277.1613 358.0312
v  -185.6791 338.4551 375.0000
v  -154.4654 338.4551 375.0000
v  -154.4654 367.6054 375.0000
v  -185.6791 367.6054 375.0000
v  -185.6791 338.4551 217.2193
v  -185.6791 367.6054 217.2193
v  -154.4654 367.6054 217.2193
v  -154.4654 338.4551 217.2193
v  -203.0086 343.2999 375.0000
v  -167.3492 343.2999 375.0000
v  -167.3492 375.0000 375.0000
v  -203.0086 375.0000 375.0000
v  -203.0086 343.2999 356.8345
v  -203.0086 375.0000 356.8345
v  -167.3492 375.0000 356.8345
v  -167.3492 343.2999 356.8345
v  -167.5203 339.2356 375.0000
v  -131.8608 339.2356 375.0000
v  -131.8608 370.3137 375.0000
v  -167.5203 370.3137 375.0000
v  -167.5203 339.2356 364.5688
v  -167.5203 370.3137 364.5688
v  -131.8608 370.3137 364.5688
v  -131.8608 339.2356 364.5688
v  -82.6879 338.8586 375.0000
v  -38.8837 338.8586 375.0000
v  -38.8837 375.0000 375.0000
v  -82.6879 375.0000 375.0000
v  -82.6879 338.8586 255.6099
v  -82.6879 375.0000 255.6099
v  -38.8837 375.0000 255.6099
v  -38.8837 338.8586 255.6099
v  -158.6753 206.9671 375.0000
v  -134.1528 206.9671 375.0000
v  -134.1528 229.2153 375.0000
v  -158.6753 229.2153 375.0000
v  -158.6753 206.9671 215.4415
v  -158.6753 229.2153 215.4415
v  -134.1528 229.2153 215.4415
v  -134.1528 206.9671 215.4415
v  -192.3436 191.1849 375.0000
v  -144.4077 191.1849 375.0000
v  -144.4077 213.4331 375.0000
v  -192.3436 213.4330 375.0000
v  -192.3436 191.1849 357.1709
v  -192.3436 213.4330 357.1709
v  -144.4077 213.4331 357.1709
v  -144.4077 191.1849 357.1709
v  -276.2920 272.2958 375.0000
v  -251.1963 272.2958 375.0000
v  -251.1963 300.1284 375.0000
v  -276.2920 300.1284 375.0000
v  -276.2920 272.2958 303.2481
v  -276.2920 300.1284 303.2481
v  -251.1963 300.1284 303.2481
v  -251.1963 272.2958 303.2481
v  -248.4044 254.5015 375.0000
v  -223.3087 254.5014 375.0000
v  -223.3087 282.3341 375.0000
v  -248.4044 282.3341 375.0000
v  -248.4044 254.5015 262.3154
v  -248.4044 282.3341 262.3154
v  -223.3087 282.3341 262.3154
v  -223.3087 254.5014 262.3154
v  -302.4934 254.5014 375.0000
v  -277.3977 254.5014 375.0000
v  -277.3977 282.3341 375.0000
v  -302.4934 282.3341 375.0000
v  -302.4934 254.5014 218.3449
v  -302.4934 282.3341 218.3449
v  -277.3977 282.3341 218.3449
v  -277.3977 254.5014 218.3449
v  -248.4045 292.7622 375.0000
v  -223.3087 292.7622 375.0000
v  -223.3087 320.5948 375.0000
v  -248.4044 320.5948 375.0000
v  -248.4045 292.7622 196.0453
v  -248.4044 320.5948 196.0453
v  -223.3087 320.5948 196.0453
v  -223.3087 292.7622 196.0453
v  -302.4934 292.7622 375.0000
v  -277.3977 292.7622 375.0000
v  -277.3977 320.5948 375.0000
v  -302.4934 320.5948 375.0000
v  -302.4934 292.7622 262.3154
v  -302.4934 320.5948 262.3154
v  -277.3977 320.5948 262.3154
v  -277.3977 292.7622 262.3154
v  -286.8147 177.6945 375.0000
v  -238.8788 177.6945 375.0000
v  -238.8788 185.4977 375.0000
v  -286.8147 185.4977 375.0000
v  -286.8147 177.6945 254.7463
v  -286.8147 185.4977 254.7463
v  -238.8788 185.4977 254.7463
v  -238.8788 177.6945 254.7463
v  -286.8147 194.2569 375.0000
v  -238.8789 194.2569 375.0000
v  -238.8788 202.0601 375.0000
v  -286.8147 202.0601 375.0000
v  -286.8147 194.2569 244.9008
v  -286.8147 202.0601 244.9008
v  -238.8788 202.0601 244.9008
v  -238.8789 194.2569 244.9008
v  -286.8147 210.3919 375.0000
v  -238.8788 210.3919 375.0000
v  -238.8788 218.1951 375.0000
v  -286.8147 218.1951 375.0000
v  -286.8147 210.3919 228.7415
v  -286.8147 218.1951 228.7415
v  -238.8788 218.1951 228.7415
v  -238.8788 210.3919 228.7415
v  -286.8147 224.8597 375.0000
v  -238.8788 224.8597 375.0000
v  -238.8788 232.6630 375.0000
v  -286.8147 232.6629 375.0000
v  -286.8147 224.8597 204.7238
v  -286.8147 232.6629 204.7238
v  -238.8788 232.6630 204.7238
v  -238.8788 224.8597 204.7238
v  -179.8092 174.5999 375.0000
v  -156.9421 174.5999 375.0000
v  -156.9422 196.8481 375.0000
v  -179.8092 196.8481 375.0000
v  -179.8092 174.5999 253.8315
v  -179.8092 196.8481 253.8315
v  -156.9422 196.8481 253.8315
v  -156.9421 174.5999 253.8315
v  -204.2982 206.9671 375.0000
v  -179.7757 206.9671 375.0000
v  -179.7757 229.2153 375.0000
v  -204.2982 229.2153 375.0000
v  -204.2982 206.9671 224.7125
v  -204.2982 229.2153 224.7125
v  -179.7757 229.2153 224.7125
v  -179.7757 206.9671 224.7125
v  -109.9688 348.5952 375.0000
v  -66.1646 348.5952 375.0000
v  -66.1646 365.2633 375.0000
v  -109.9688 365.2633 375.0000
v  -109.9688 348.5952 359.4759
v  -109.9688 365.2633 359.4759
v  -66.1646 365.2633 359.4759
v  -66.1646 348.5952 359.4759
v  -109.9688 348.5952 291.5297
v  -66.1646 348.5952 291.5297
v  -66.1646 365.2633 291.5297
v  -109.9688 365.2633 291.5297
v  -109.9688 348.5952 276.0056
v  -109.9688 365.2633 276.0056
v  -66.1646 365.2633 276.0056
v  -66.1646 348.5952 276.0056
v  -109.9688 348.5952 317.1624
v  -66.1646 348.5952 317.1624
v  -66.1646 365.2633 317.1624
v  -109.9688 365.2633 317.1624
v  -109.9688 348.5952 301.6383
v  -109.9688 365.2633 301.6383
v  -66.1646 365.2633 301.6383
v  -66.1646 348.5952 301.6383
v  -109.9688 348.5952 347.0178
v  -66.1646 348.5952 347.0178
v  -66.1646 365.2633 347.0178
v  -109.9688 365.2633 347.0178
v  -109.9688 348.5952 331.4937
v  -109.9688 365.2633 331.4937
v  -66.1646 365.2633 331.4937
v  -66.1646 348.5952 331.4937
v  -92.9871 191.3534 375.0000
v  -49.1829 191.3534 375.0000
v  -49.1829 220.5037 375.0000
v  -92.9871 220.5037 375.0000
v  -92.9871 191.3534 343.2816
v  -92.9871 220.5037 343.2816
v  -49.1829 220.5037 343.2816
v  -49.1829 191.3534 343.2816
v  -88.5788 193.1421 366.1667
v  -53.5913 193.1421 366.1667
v  -53.5913 218.7150 366.1667
v  -88.5788 218.7150 366.1667
v  -88.5788 193.1421 295.7495
v  -88.5788 218.7150 295.7495
v  -53.5913 218.7150 295.7495
v  -53.5913 193.1421 295.7495
v  -276.6655 338.4551 375.0000
v  -245.4518 338.4551 375.0000
v  -245.4518 367.6054 375.0000
v  -276.6655 367.6054 375.0000
v  -276.6655 338.4551 217.2193
v  -276.6655 367.6054 217.2193
v  -245.4518 367.6054 217.2193
v  -245.4518 338.4551 217.2193
v  -296.8513 81.7149 375.0000
v  -272.3289 81.7149 375.0000
v  -272.3289 139.6745 375.0000
v  -296.8513 139.6745 375.0000
v  -296.8513 81.7149 215.4415
v  -296.8513 139.6745 215.4415
v  -272.3289 139.6745 215.4415
v  -272.3289 81.7149 215.4415
v  -274.7113 93.2726 375.0000
v  -250.1888 93.2726 375.0000
v  -250.1888 128.1169 375.0000
v  -274.7113 128.1169 375.0000
v  -274.7113 93.2726 240.9141
v  -274.7113 128.1169 240.9141
v  -250.1888 128.1169 240.9141
v  -250.1888 93.2726 240.9141
v  -247.9754 73.4685 375.0000
v  -224.2312 73.4685 375.0000
v  -224.2312 154.5869 375.0000
v  -247.9754 154.5869 375.0000
v  -247.9754 73.4685 329.6996
v  -247.9754 154.5869 329.6996
v  -224.2312 154.5869 329.6996
v  -224.2312 73.4685 329.6996
v  -254.2628 0.0000 375.0000
v  -229.0661 -0.0000 375.0000
v  -229.0661 81.7938 375.0000
v  -254.2628 81.7938 375.0000
v  -254.2628 0.0000 314.0831
v  -254.2628 81.7938 314.0831
v  -229.0661 81.7938 314.0831
v  -229.0661 -0.0000 314.0831
v  -263.6065 -28.4470 375.0000
v  -249.5320 -28.4470 375.0000
v  -249.5320 62.6703 375.0000
v  -263.6065 62.6703 375.0000
v  -263.6065 -28.4470 268.3412
v  -263.6065 62.6703 268.3412
v  -249.5320 62.6703 268.3412
v  -249.5320 -28.4470 268.3412
v  -295.7320 0.0000 375.0000
v  -290.5839 0.0000 375.0000
v  -290.5839 68.3173 375.0000
v  -295.7320 68.3173 375.0000
v  -295.7320 0.0000 314.0831
v  -295.7320 68.3173 314.0831
v  -290.5839 68.3173 314.0831
v  -290.5839 0.0000 314.0831
v  -298.1221 51.7989 375.0000
v  -298.1221 22.3665 375.0000
v  -232.4915 22.3665 375.0000
v  -232.4915 51.7989 375.0000
v  -298.1221 51.7989 247.4733
v  -232.4915 51.7989 247.4733
v  -232.4915 22.3665 247.4733
v  -298.1221 22.3665 247.4733
v  -329.0948 69.8979 375.0000
v  -358.5273 69.8979 375.0000
v  -358.5273 4.2674 375.0000
v  -329.0948 4.2674 375.0000
v  -329.0948 69.8979 200.8770
v  -329.0948 4.2674 200.8770
v  -358.5273 4.2674 200.8770
v  -358.5273 69.8979 200.8770
v  -322.1310 145.2712 375.0000
v  -375.0000 145.2712 375.0000
v  -375.0000 79.6407 375.0000
v  -322.1310 79.6407 375.0000
v  -322.1310 145.2712 295.0394
v  -322.1310 79.6407 295.0394
v  -375.0000 79.6407 295.0394
v  -375.0000 145.2712 295.0394
v  -322.1310 232.0005 375.0000
v  -334.4753 232.0005 375.0000
v  -334.4753 174.4144 375.0000
v  -322.1310 174.4144 375.0000
v  -322.1310 232.0005 336.3391
v  -322.1310 174.4144 336.3391
v  -334.4753 174.4144 336.3391
v  -334.4753 232.0005 336.3391
v  -339.8398 232.0005 375.0000
v  -352.1841 232.0005 375.0000
v  -352.1841 174.4144 375.0000
v  -339.8398 174.4144 375.0000
v  -339.8398 232.0005 292.4124
v  -339.8398 174.4144 292.4124
v  -352.1841 174.4144 292.4124
v  -352.1841 232.0005 292.4124
v  -357.6032 232.0005 375.0000
v  -369.9475 232.0005 375.0000
v  -369.9475 174.4144 375.0000
v  -357.6032 174.4144 375.0000
v  -357.6032 232.0005 245.0742
v  -357.6032 174.4144 245.0742
v  -369.9475 174.4144 245.0742
v  -369.9475 232.0005 245.0742
v  -358.9472 286.6461 375.0000
v  -323.2878 286.6461 375.0000
v  -323.2878 317.7242 375.0000
v  -358.9472 317.7242 375.0000
v  -358.9472 286.6461 356.8345
v  -358.9472 317.7242 356.8345
v  -323.2878 317.7242 356.8345
v  -323.2878 286.6461 356.8345
v  -333.5196 273.8270 375.0000
v  -322.8321 273.8270 375.0000
v  -322.8321 283.9263 375.0000
v  -333.5196 283.9263 375.0000
v  -333.5196 273.8270 356.8345
v  -333.5196 283.9263 356.8345
v  -322.8321 283.9263 356.8345
v  -322.8321 273.8270 356.8345
v  -333.5196 257.8749 375.0000
v  -322.8321 257.8749 375.0000
v  -322.8321 267.9742 375.0000
v  -333.5196 267.9742 375.0000
v  -333.5196 257.8749 356.8345
v  -333.5196 267.9742 356.8345
v  -322.8321 267.9742 356.8345
v  -322.8321 257.8749 356.8345
v  -349.0265 273.8270 375.0000
v  -338.3391 273.8270 375.0000
v  -338.3391 283.9263 375.0000
v  -349.0266 283.9263 375.0000
v  -349.0265 273.8270 356.8345
v  -349.0266 283.9263 356.8345
v  -338.3391 283.9263 356.8345
v  -338.3391 273.8270 356.8345
v  -349.0265 257.8749 375.0000
v  -338.3391 257.8749 375.0000
v  -338.3391 267.9742 375.0000
v  -349.0265 267.9742 375.0000
v  -349.0265 257.8749 356.8345
v  -349.0265 267.9742 356.8345
v  -338.3391 267.9742 356.8345
v  -338.3391 257.8749 356.8345
v  -367.3140 273.8270 375.0000
v  -356.6265 273.8270 375.0000
v  -356.6265 283.9263 375.0000
v  -367.3140 283.9263 375.0000
v  -367.3140 273.8270 356.8345
v  -367.3140 283.9263 356.8345
v  -356.6265 283.9263 356.8345
v  -356.6265 273.8270 356.8345
v  -367.3140 257.8749 375.0000
v  -356.6265 257.8749 375.0000
v  -356.6265 267.9742 375.0000
v  -367.3140 267.9742 375.0000
v  -367.3140 257.8749 356.8345
v  -367.3140 267.9742 356.8345
v  -356.6265 267.9742 356.8345
v  -356.6265 257.8749 356.8345
v  -340.6080 337.9211 375.0000
v  -323.2877 337.9211 375.0000
v  -323.2878 354.0057 375.0000
v  -340.6080 354.0057 375.0000
v  -340.6080 337.9211 320.0123
v  -340.6080 354.0057 320.0123
v  -323.2878 354.0057 320.0123
v  -323.2877 337.9211 320.0123
v  -369.7535 337.9211 375.0000
v  -352.4332 337.9211 375.0000
v  -352.4332 354.0057 375.0000
v  -369.7535 354.0057 375.0000
v  -369.7535 337.9211 287.2762
v  -369.7535 354.0057 287.2762
v  -352.4332 354.0057 287.2762
v  -352.4332 337.9211 287.2762
v  -357.3166 347.3209 375.0000
v  -329.9765 347.3209 375.0000
v  -329.9765 368.6052 375.0000
v  -357.3166 368.6052 375.0000
v  -357.3166 347.3209 346.1564
v  -357.3166 368.6052 346.1564
v  -329.9765 368.6052 346.1564
v  -329.9765 347.3209 346.1564
v  -343.1658 -9.8486 375.0000
v  -372.5982 -9.8486 375.0000
v  -372.5982 -49.4001 375.0000
v  -343.1658 -49.4001 375.0000
v  -343.1658 -9.8486 244.8608
v  -343.1658 -49.4001 244.8608
v  -372.5982 -49.4001 244.8608
v  -372.5982 -9.8486 244.8608
v  -322.1310 -31.2140 375.0000
v  -375.0000 -31.2140 375.0000
v  -375.0000 -96.8445 375.0000
v  -322.1310 -96.8445 375.0000
v  -322.1310 -31.2140 295.0394
v  -322.1310 -96.8445 295.0394
v  -375.0000 -96.8445 295.0394
v  -375.0000 -31.2140 295.0394
v  -298.1221 -19.0276 375.0000
v  -298.1221 -48.4600 375.0000
v  -232.4915 -48.4600 375.0000
v  -232.4915 -19.0276 375.0000
v  -298.1221 -19.0276 247.4733
v  -232.4915 -19.0276 247.4733
v  -232.4915 -48.4600 247.4733
v  -298.1221 -48.4600 247.4733
v  -278.2729 -38.4976 375.0000
v  -291.5696 -38.4976 375.0000
v  -291.5696 -104.1281 375.0000
v  -278.2729 -104.1281 375.0000
v  -278.2729 -38.4976 214.8279
v  -278.2729 -104.1281 214.8279
v  -291.5696 -104.1281 214.8279
v  -291.5696 -38.4976 214.8279
v  -241.9555 -38.4976 375.0000
v  -257.1453 -38.4976 375.0000
v  -257.1453 -104.1281 375.0000
v  -241.9555 -104.1281 375.0000
v  -241.9555 -38.4976 214.8279
v  -241.9555 -104.1281 214.8279
v  -257.1453 -104.1281 214.8279
v  -257.1453 -38.4976 214.8279
v  -322.1310 -127.9403 375.0000
v  -352.4330 -127.9403 375.0000
v  -352.4330 -153.2316 375.0000
v  -322.1310 -153.2316 375.0000
v  -322.1310 -127.9403 272.9010
v  -322.1310 -153.2316 272.9010
v  -352.4330 -153.2316 272.9010
v  -352.4330 -127.9403 272.9010
v  -280.4343 -87.6246 375.0000
v  -289.8992 -87.6246 375.0000
v  -289.8992 -153.2551 375.0000
v  -280.4343 -153.2551 375.0000
v  -280.4343 -87.6246 254.2847
v  -280.4343 -153.2551 254.2847
v  -289.8992 -153.2551 254.2847
v  -289.8992 -87.6246 254.2847
v  -243.4047 -87.6246 375.0000
v  -252.8695 -87.6245 375.0000
v  -252.8695 -153.2551 375.0000
v  -243.4047 -153.2551 375.0000
v  -243.4047 -87.6246 254.2847
v  -243.4047 -153.2551 254.2847
v  -252.8695 -153.2551 254.2847
v  -252.8695 -87.6245 254.2847
v  -254.2628 -268.0505 375.0000
v  -229.0661 -268.0505 375.0000
v  -229.0661 -186.2568 375.0000
v  -254.2628 -186.2568 375.0000
v  -254.2628 -268.0505 247.8257
v  -254.2628 -186.2568 247.8257
v  -229.0661 -186.2568 247.8257
v  -229.0661 -268.0505 247.8257
v  -375.0000 -251.1298 375.0000
v  -161.4304 -251.1298 375.0000
v  -161.4304 -203.1775 375.0000
v  -375.0000 -203.1775 375.0000
v  -375.0000 -251.1298 314.0831
v  -375.0000 -203.1775 314.0831
v  -161.4304 -203.1775 314.0831
v  -161.4304 -251.1298 314.0831
v  -201.6718 -268.0505 375.0000
v  -176.4752 -268.0505 375.0000
v  -176.4752 -186.2568 375.0000
v  -201.6718 -186.2568 375.0000
v  -201.6718 -268.0505 281.9161
v  -201.6718 -186.2568 281.9161
v  -176.4752 -186.2568 281.9161
v  -176.4752 -268.0505 281.9161
v  -368.8888 -268.0505 375.0000
v  -343.6921 -268.0506 375.0000
v  -343.6921 -186.2568 375.0000
v  -368.8888 -186.2568 375.0000
v  -368.8888 -268.0505 281.9161
v  -368.8888 -186.2568 281.9161
v  -343.6921 -186.2568 281.9161
v  -343.6921 -268.0506 281.9161
v  -317.2448 -268.0506 375.0000
v  -292.0481 -268.0505 375.0000
v  -292.0481 -186.2568 375.0000
v  -317.2448 -186.2568 375.0000
v  -317.2448 -268.0506 247.8257
v  -317.2448 -186.2568 247.8257
v  -292.0481 -186.2568 247.8257
v  -292.0481 -268.0505 247.8257
v  -329.0948 -301.0077 375.0000
v  -375.0000 -301.0077 375.0000
v  -375.0000 -366.6382 375.0000
v  -329.0948 -366.6382 375.0000
v  -329.0948 -301.0077 200.8770
v  -329.0948 -366.6382 200.8770
v  -375.0000 -366.6382 200.8770
v  -375.0000 -301.0077 200.8770
v  -340.1883 -312.9601 375.0000
v  -340.1883 -342.3924 375.0000
v  -274.5577 -342.3924 375.0000
v  -274.5577 -312.9600 375.0000
v  -340.1883 -312.9601 247.4733
v  -274.5577 -312.9600 247.4733
v  -274.5577 -342.3924 247.4733
v  -340.1883 -342.3924 247.4733
v  -272.4951 -330.5203 375.0000
v  -272.4951 -349.6082 375.0000
v  -206.8646 -349.6082 375.0000
v  -206.8646 -330.5203 375.0000
v  -272.4951 -330.5203 288.6166
v  -206.8646 -330.5203 288.6166
v  -206.8646 -349.6082 288.6166
v  -272.4951 -349.6082 288.6166
v  -136.4203 -375.0000 375.0000
v  -83.5994 -375.0000 375.0000
v  -83.5994 -331.4759 375.0000
v  -136.4203 -331.4760 375.0000
v  -136.4203 -375.0000 314.0831
v  -136.4203 -331.4760 314.0831
v  -83.5994 -331.4759 314.0831
v  -83.5994 -375.0000 314.0831
v  -138.8049 -294.0367 375.0000
v  -110.8903 -294.0367 375.0000
v  -110.8903 -259.6281 375.0000
v  -138.8050 -259.6281 375.0000
v  -138.8049 -294.0367 233.8381
v  -138.8050 -259.6281 233.8381
v  -110.8903 -259.6281 233.8381
v  -110.8903 -294.0367 233.8381
v  -135.9364 -260.7786 375.0000
v  -108.0217 -260.7786 375.0000
v  -108.0217 -226.3699 375.0000
v  -135.9364 -226.3699 375.0000
v  -135.9364 -260.7786 336.0590
v  -135.9364 -226.3699 336.0590
v  -108.0217 -226.3699 336.0590
v  -108.0217 -260.7786 336.0590
v  -120.2937 -283.7615 375.0000
v  -69.4541 -283.7615 375.0000
v  -69.4540 -246.1639 375.0000
v  -120.2937 -246.1639 375.0000
v  -120.2937 -283.7615 269.0925
v  -120.2937 -246.1639 269.0925
v  -69.4540 -246.1639 269.0925
v  -69.4541 -283.7615 269.0925
v  -84.3055 -260.7785 375.0000
v  -56.3908 -260.7785 375.0000
v  -56.3908 -226.3699 375.0000
v  -84.3055 -226.3699 375.0000
v  -84.3055 -260.7785 336.0590
v  -84.3055 -226.3699 336.0590
v  -56.3908 -226.3699 336.0590
v  -56.3908 -260.7785 336.0590
v  -64.4021 -210.0563 375.0000
v  -36.4874 -210.0563 375.0000
v  -36.4874 -175.6476 375.0000
v  -64.4021 -175.6476 375.0000
v  -64.4021 -210.0563 275.4043
v  -64.4021 -175.6476 275.4043
v  -36.4874 -175.6476 275.4043
v  -36.4874 -210.0563 275.4043
v  -110.2810 -210.0563 375.0000
v  -82.3663 -210.0563 375.0000
v  -82.3663 -175.6476 375.0000
v  -110.2810 -175.6476 375.0000
v  -110.2810 -210.0563 336.0590
v  -110.2810 -175.6476 336.0590
v  -82.3663 -175.6476 336.0590
v  -82.3663 -210.0563 336.0590
v  -83.3794 -369.7410 375.0000
v  -43.3232 -369.7410 375.0000
v  -43.3232 -336.7349 375.0000
v  -83.3794 -336.7349 375.0000
v  -83.3794 -369.7410 270.9558
v  -83.3794 -336.7349 270.9558
v  -43.3232 -336.7349 270.9558
v  -43.3232 -369.7410 270.9558
v  -84.3055 -304.6725 375.0000
v  -56.3908 -304.6725 375.0000
v  -56.3908 -270.2639 375.0000
v  -84.3055 -270.2639 375.0000
v  -84.3055 -304.6725 336.0590
v  -84.3055 -270.2639 336.0590
v  -56.3908 -270.2639 336.0590
v  -56.3908 -304.6725 336.0590
v  -155.1514 254.7191 -107.9135
v  -155.1514 283.8694 -107.9135
v  -130.5527 283.8694 -107.9135
v  -130.5527 254.7191 -107.9135
v  -167.6177 290.4147 -76.6950
v  -167.6177 319.5650 -76.6950
v  -136.4040 319.5650 -76.6950
v  -136.4040 290.4147 -76.6950
v  -206.0121 272.2958 -57.3208
v  -206.0121 300.1284 -57.3208
v  -180.9163 300.1284 -57.3208
v  -180.9163 272.2958 -57.3208
v  -203.0086 280.3089 -18.1655
v  -203.0086 311.3870 -18.1655
v  -167.3491 311.3870 -18.1655
v  -167.3492 280.3089 -18.1655
v  -188.4032 257.5715 -29.2258
v  -188.4032 318.2885 -29.2258
v  -139.5193 318.2885 -29.2258
v  -139.5193 257.5715 -29.2258
v  -109.7614 254.7191 -41.7111
v  -109.7614 283.8694 -41.7111
v  -65.9572 283.8694 -41.7111
v  -65.9572 254.7191 -41.7111
v  -66.4011 258.8617 -21.1352
v  -66.4011 298.2758 -21.1352
v  -33.9328 298.2758 -21.1352
v  -33.9327 258.8617 -21.1352
v  -74.6378 281.8194 -27.0653
v  -74.6378 321.2335 -27.0653
v  -36.1622 321.2334 -27.0653
v  -36.1622 281.8193 -27.0653
v  -112.5657 290.5194 -57.0170
v  -112.5657 319.6697 -57.0170
v  -68.7615 319.6697 -57.0170
v  -68.7615 290.5194 -57.0170
v  -105.5250 277.1613 -16.9688
v  -105.5250 301.9091 -16.9688
v  -71.2569 301.9092 -16.9688
v  -71.2569 277.1613 -16.9688
v  -185.6791 338.4551 -157.7807
v  -185.6791 367.6054 -157.7807
v  -154.4654 367.6054 -157.7807
v  -154.4654 338.4551 -157.7807
v  -203.0086 343.2999 -18.1655
v  -203.0086 375.0000 -18.1655
v  -167.3492 375.0000 -18.1655
v  -167.3492 343.2999 -18.1655
v  -167.5203 339.2356 -10.4312
v  -167.5203 370.3137 -10.4312
v  -131.8608 370.3137 -10.4312
v  -131.8608 339.2356 -10.4312
v  -82.6879 338.8586 -119.3901
v  -82.6879 375.0000 -119.3901
v  -38.8837 375.0000 -119.3901
v  -38.8837 338.8586 -119.3901
v  -158.6753 206.9671 -159.5585
v  -158.6753 229.2153 -159.5585
v  -134.1528 229.2153 -159.5585
v  -134.1528 206.9671 -159.5585
v  -192.3436 191.1849 -17.8291
v  -192.3436 213.4330 -17.8291
v  -144.4077 213.4331 -17.8291
v  -144.4077 191.1849 -17.8291
v  -276.2920 272.2958 -71.7519
v  -276.2920 300.1284 -71.7519
v  -251.1963 300.1284 -71.7519
v  -251.1963 272.2958 -71.7519
v  -248.4044 254.5015 -112.6846
v  -248.4044 282.3341 -112.6846
v  -223.3087 282.3341 -112.6846
v  -223.3087 254.5014 -112.6846
v  -302.4934 254.5014 -156.6551
v  -302.4934 282.3341 -156.6551
v  -277.3977 282.3341 -156.6551
v  -277.3977 254.5014 -156.6551
v  -248.4045 292.7622 -178.9547
v  -248.4044 320.5948 -178.9547
v  -223.3087 320.5948 -178.9547
v  -223.3087 292.7622 -178.9547
v  -302.4934 292.7622 -112.6846
v  -302.4934 320.5948 -112.6846
v  -277.3977 320.5948 -112.6846
v  -277.3977 292.7622 -112.6846
v  -286.8147 177.6945 -120.2537
v  -286.8147 185.4977 -120.2537
v  -238.8788 185.4977 -120.2537
v  -238.8788 177.6945 -120.2537
v  -286.8147 194.2569 -130.0992
v  -286.8147 202.0601 -130.0992
v  -238.8788 202.0601 -130.0992
v  -238.8789 194.2569 -130.0992
v  -286.8147 210.3919 -146.2585
v  -286.8147 218.1951 -146.2585
v  -238.8788 218.1951 -146.2585
v  -238.8788 210.3919 -146.2585
v  -286.8147 224.8597 -170.2762
v  -286.8147 232.6629 -170.2762
v  -238.8788 232.6630 -170.2762
v  -238.8788 224.8597 -170.2762
v  -179.8092 174.5999 -121.1685
v  -179.8092 196.8481 -121.1685
v  -156.9422 196.8481 -121.1685
v  -156.9421 174.5999 -121.1685
v  -204.2982 206.9671 -150.2875
v  -204.2982 229.2153 -150.2875
v  -179.7757 229.2153 -150.2875
v  -179.7757 206.9671 -150.2875
v  -109.9688 348.5952 -15.5241
v  -109.9688 365.2633 -15.5241
v  -66.1646 365.2633 -15.5241
v  -66.1646 348.5952 -15.5241
v  -109.9688 348.5952 -83.4703
v  -66.1646 348.5952 -83.4703
v  -66.1646 365.2633 -83.4703
v  -109.9688 365.2633 -83.4703
v  -109.9688 348.5952 -98.9945
v  -109.9688 365.2633 -98.9945
v  -66.1646 365.2633 -98.9945
v  -66.1646 348.5952 -98.9945
v  -109.9688 348.5952 -57.8376
v  -66.1646 348.5952 -57.8376
v  -66.1646 365.2633 -57.8376
v  -109.9688 365.2633 -57.8376
v  -109.9688 348.5952 -73.3617
v  -109.9688 365.2633 -73.3617
v  -66.1646 365.2633 -73.3617
v  -66.1646 348.5952 -73.3617
v  -109.9688 348.5952 -27.9822
v  -66.1646 348.5952 -27.9822
v  -66.1646 365.2633 -27.9822
v  -109.9688 365.2633 -27.9822
v  -109.9688 348.5952 -43.5063
v  -109.9688 365.2633 -43.5063
v  -66.1646 365.2633 -43.5063
v  -66.1646 348.5952 -43.5063
v  -92.9871 191.3534 -31.7185
v  -92.9871 220.5037 -31.7185
v  -49.1829 220.5037 -31.7185
v  -49.1829 191.3534 -31.7185
v  -88.5788 193.1421 -8.8333
v  -53.5913 193.1421 -8.8333
v  -53.5913 218.7150 -8.8333
v  -88.5788 218.7150 -8.8333
v  -88.5788 193.1421 -79.2506
v  -88.5788 218.7150 -79.2506
v  -53.5913 218.7150 -79.2506
v  -53.5913 193.1421 -79.2506
v  -276.6655 338.4551 -157.7807
v  -276.6655 367.6054 -157.7807
v  -245.4518 367.6054 -157.7807
v  -245.4518 338.4551 -157.7807
v  -296.8513 81.7149 -159.5585
v  -296.8513 139.6745 -159.5585
v  -272.3289 139.6745 -159.5585
v  -272.3289 81.7149 -159.5585
v  -274.7113 93.2726 -134.0859
v  -274.7113 128.1169 -134.0859
v  -250.1888 128.1169 -134.0859
v  -250.1888 93.2726 -134.0859
v  -247.9754 73.4685 -45.3004
v  -247.9754 154.5869 -45.3004
v  -224.2312 154.5869 -45.3004
v  -224.2312 73.4685 -45.3004
v  -254.2628 0.0000 -60.9169
v  -254.2628 81.7938 -60.9169
v  -229.0661 81.7938 -60.9169
v  -229.0661 -0.0000 -60.9169
v  -263.6065 -28.4470 -106.6588
v  -263.6065 62.6703 -106.6588
v  -249.5320 62.6703 -106.6588
v  -249.5320 -28.4470 -106.6588
v  -295.7320 0.0000 -60.9169
v  -295.7320 68.3173 -60.9169
v  -290.5839 68.3173 -60.9169
v  -290.5839 0.0000 -60.9169
v  -298.1221 51.7989 -127.5267
v  -232.4915 51.7989 -127.5267
v  -232.4915 22.3665 -127.5267
v  -298.1221 22.3665 -127.5267
v  -329.0948 69.8979 -174.1230
v  -329.0948 4.2674 -174.1230
v  -358.5273 4.2674 -174.1230
v  -358.5273 69.8979 -174.1230
v  -322.1310 145.2712 -79.9606
v  -322.1310 79.6407 -79.9606
v  -375.0000 79.6407 -79.9606
v  -375.0000 145.2712 -79.9606
v  -322.1310 232.0005 -38.6609
v  -322.1310 174.4144 -38.6609
v  -334.4753 174.4144 -38.6609
v  -334.4753 232.0005 -38.6609
v  -339.8398 232.0005 -82.5876
v  -339.8398 174.4144 -82.5876
v  -352.1841 174.4144 -82.5876
v  -352.1841 232.0005 -82.5876
v  -357.6032 232.0005 -129.9258
v  -357.6032 174.4144 -129.9258
v  -369.9475 174.4144 -129.9258
v  -369.9475 232.0005 -129.9258
v  -358.9472 286.6461 -18.1655
v  -358.9472 317.7242 -18.1655
v  -323.2878 317.7242 -18.1655
v  -323.2878 286.6461 -18.1655
v  -333.5196 273.8270 -18.1655
v  -333.5196 283.9263 -18.1655
v  -322.8321 283.9263 -18.1655
v  -322.8321 273.8270 -18.1655
v  -333.5196 257.8749 -18.1655
v  -333.5196 267.9742 -18.1655
v  -322.8321 267.9742 -18.1655
v  -322.8321 257.8749 -18.1655
v  -349.0265 273.8270 -18.1655
v  -349.0266 283.9263 -18.1655
v  -338.3391 283.9263 -18.1655
v  -338.3391 273.8270 -18.1655
v  -349.0265 257.8749 -18.1655
v  -349.0265 267.9742 -18.1655
v  -338.3391 267.9742 -18.1655
v  -338.3391 257.8749 -18.1655
v  -367.3140 273.8270 -18.1655
v  -367.3140 283.9263 -18.1655
v  -356.6265 283.9263 -18.1655
v  -356.6265 273.8270 -18.1655
v  -367.3140 257.8749 -18.1655
v  -367.3140 267.9742 -18.1655
v  -356.6265 267.9742 -18.1655
v  -356.6265 257.8749 -18.1655
v  -340.6080 337.9211 -54.9877
v  -340.6080 354.0057 -54.9877
v  -323.2878 354.0057 -54.9877
v  -323.2877 337.9211 -54.9877
v  -369.7535 337.9211 -87.7238
v  -369.7535 354.0057 -87.7238
v  -352.4332 354.0057 -87.7238
v  -352.4332 337.9211 -87.7238
v  -357.3166 347.3209 -28.8436
v  -357.3166 368.6052 -28.8436
v  -329.9765 368.6052 -28.8436
v  -329.9765 347.3209 -28.8436
v  -343.1658 -9.8486 -130.1392
v  -343.1658 -49.4001 -130.1392
v  -372.5982 -49.4001 -130.1392
v  -372.5982 -9.8486 -130.1392
v  -322.1310 -31.2140 -79.9606
v  -322.1310 -96.8445 -79.9606
v  -375.0000 -96.8445 -79.9606
v  -375.0000 -31.2140 -79.9606
v  -298.1221 -19.0276 -127.5267
v  -232.4915 -19.0276 -127.5267
v  -232.4915 -48.4600 -127.5267
v  -298.1221 -48.4600 -127.5267
v  -278.2729 -38.4976 -160.1721
v  -278.2729 -104.1281 -160.1721
v  -291.5696 -104.1281 -160.1721
v  -291.5696 -38.4976 -160.1721
v  -241.9555 -38.4976 -160.1721
v  -241.9555 -104.1281 -160.1721
v  -257.1453 -104.1281 -160.1721
v  -257.1453 -38.4976 -160.1721
v  -322.1310 -127.9403 -102.0990
v  -322.1310 -153.2316 -102.0990
v  -352.4330 -153.2316 -102.0990
v  -352.4330 -127.9403 -102.0990
v  -280.4343 -87.6246 -120.7153
v  -280.4343 -153.2551 -120.7153
v  -289.8992 -153.2551 -120.7153
v  -289.8992 -87.6246 -120.7153
v  -243.4047 -87.6246 -120.7153
v  -243.4047 -153.2551 -120.7153
v  -252.8695 -153.2551 -120.7153
v  -252.8695 -87.6245 -120.7153
v  -254.2628 -268.0505 -127.1743
v  -254.2628 -186.2568 -127.1743
v  -229.0661 -186.2568 -127.1743
v  -229.0661 -268.0505 -127.1743
v  -375.0000 -251.1298 -60.9169
v  -375.0000 -203.1775 -60.9169
v  -161.4304 -203.1775 -60.9169
v  -161.4304 -251.1298 -60.9169
v  -201.6718 -268.0505 -93.0839
v  -201.6718 -186.2568 -93.0839
v  -176.4752 -186.2568 -93.0839
v  -176.4752 -268.0505 -93.0839
v  -368.8888 -268.0505 -93.0839
v  -368.8888 -186.2568 -93.0839
v  -343.6921 -186.2568 -93.0839
v  -343.6921 -268.0506 -93.0839
v  -317.2448 -268.0506 -127.1743
v  -317.2448 -186.2568 -127.1743
v  -292.0481 -186.2568 -127.1743
v  -292.0481 -268.0505 -127.1743
v  -329.0948 -301.0077 -174.1230
v  -329.0948 -366.6382 -174.1230
v  -375.0000 -366.6382 -174.1230
v  -375.0000 -301.0077 -174.1230
v  -340.1883 -312.9601 -127.5267
v  -274.5577 -312.9600 -127.5267
v  -274.5577 -342.3924 -127.5267
v  -340.1883 -342.3924 -127.5267
v  -272.4951 -330.5203 -86.3834
v  -206.8646 -330.5203 -86.3834
v  -206.8646 -349.6082 -86.3834
v  -272.4951 -349.6082 -86.3834
v  -136.4203 -375.0000 -60.9169
v  -136.4203 -331.4760 -60.9169
v  -83.5994 -331.4759 -60.9169
v  -83.5994 -375.0000 -60.9169
v  -138.8049 -294.0367 -141.1619
v  -138.8050 -259.6281 -141.1619
v  -110.8903 -259.6281 -141.1619
v  -110.8903 -294.0367 -141.1619
v  -135.9364 -260.7786 -38.9410
v  -135.9364 -226.3699 -38.9410
v  -108.0217 -226.3699 -38.9410
v  -108.0217 -260.7786 -38.9410
v  -120.2937 -283.7615 -105.9075
v  -120.2937 -246.1639 -105.9075
v  -69.4540 -246.1639 -105.9075
v  -69.4541 -283.7615 -105.9075
v  -84.3055 -260.7785 -38.9410
v  -84.3055 -226.3699 -38.9410
v  -56.3908 -226.3699 -38.9410
v  -56.3908 -260.7785 -38.9410
v  -64.4021 -210.0563 -99.5957
v  -64.4021 -175.6476 -99.5957
v  -36.4874 -175.6476 -99.5957
v  -36.4874 -210.0563 -99.5957
v  -110.2810 -210.0563 -38.9410
v  -110.2810 -175.6476 -38.9410
v  -82.3663 -175.6476 -38.9410
v  -82.3663 -210.0563 -38.9410
v  -83.3794 -369.7410 -104.0442
v  -83.3794 -336.7349 -104.0442
v  -43.3232 -336.7349 -104.0442
v  -43.3232 -369.7410 -104.0442
v  -84.3055 -304.6725 -38.9410
v  -84.3055 -270.2639 -38.9410
v  -56.3908 -270.2639 -38.9410
v  -56.3908 -304.6725 -38.9410
v  -155.1514 254.7191 -375.0000
v  -155.1514 283.8694 -375.0000
v  -130.5527 283.8694 -375.0000
v  -130.5527 254.7191 -375.0000
v  -155.1514 254.7191 -267.0865
v  -130.5527 254.7191 -267.0865
v  -130.5527 283.8694 -267.0865
v  -155.1514 283.8694 -267.0865
v  -167.6177 290.4147 -375.0000
v  -167.6177 319.5650 -375.0000
v  -136.4040 319.5650 -375.0000
v  -136.4040 290.4147 -375.0000
v  -167.6177 290.4147 -298.3050
v  -136.4040 290.4147 -298.3050
v  -136.4040 319.5650 -298.3050
v  -167.6177 319.5650 -298.3050
v  -206.0121 272.2958 -375.0000
v  -206.0121 300.1284 -375.0000
v  -180.9163 300.1284 -375.0000
v  -180.9163 272.2958 -375.0000
v  -206.0121 272.2958 -317.6792
v  -180.9163 272.2958 -317.6792
v  -180.9163 300.1284 -317.6792
v  -206.0121 300.1284 -317.6792
v  -203.0086 280.3089 -375.0000
v  -203.0086 311.3870 -375.0000
v  -167.3491 311.3870 -375.0000
v  -167.3492 280.3089 -375.0000
v  -203.0086 280.3089 -356.8345
v  -167.3492 280.3089 -356.8345
v  -167.3491 311.3870 -356.8345
v  -203.0086 311.3870 -356.8345
v  -188.4032 257.5715 -375.0000
v  -188.4032 318.2885 -375.0000
v  -139.5193 318.2885 -375.0000
v  -139.5193 257.5715 -375.0000
v  -188.4032 257.5715 -345.7742
v  -139.5193 257.5715 -345.7742
v  -139.5193 318.2885 -345.7742
v  -188.4032 318.2885 -345.7742
v  -109.7614 254.7191 -375.0000
v  -109.7614 283.8694 -375.0000
v  -65.9572 283.8694 -375.0000
v  -65.9572 254.7191 -375.0000
v  -109.7614 254.7191 -333.2889
v  -65.9572 254.7191 -333.2889
v  -65.9572 283.8694 -333.2889
v  -109.7614 283.8694 -333.2889
v  -66.4011 258.8617 -375.0000
v  -66.4011 298.2758 -375.0000
v  -33.9328 298.2758 -375.0000
v  -33.9327 258.8617 -375.0000
v  -66.4011 258.8617 -353.8648
v  -33.9327 258.8617 -353.8648
v  -33.9328 298.2758 -353.8648
v  -66.4011 298.2758 -353.8648
v  -74.6378 281.8194 -375.0000
v  -74.6378 321.2335 -375.0000
v  -36.1622 321.2334 -375.0000
v  -36.1622 281.8193 -375.0000
v  -74.6378 281.8194 -347.9348
v  -36.1622 281.8193 -347.9348
v  -36.1622 321.2334 -347.9348
v  -74.6378 321.2335 -347.9348
v  -112.5657 290.5194 -375.0000
v  -112.5657 319.6697 -375.0000
v  -68.7615 319.6697 -375.0000
v  -68.7615 290.5194 -375.0000
v  -112.5657 290.5194 -317.9830
v  -68.7615 290.5194 -317.9830
v  -68.7615 319.6697 -317.9830
v  -112.5657 319.6697 -317.9830
v  -105.5250 277.1613 -375.0000
v  -105.5250 301.9091 -375.0000
v  -71.2569 301.9092 -375.0000
v  -71.2569 277.1613 -375.0000
v  -105.5250 277.1613 -358.0312
v  -71.2569 277.1613 -358.0312
v  -71.2569 301.9092 -358.0312
v  -105.5250 301.9091 -358.0312
v  -185.6791 338.4551 -375.0000
v  -185.6791 367.6054 -375.0000
v  -154.4654 367.6054 -375.0000
v  -154.4654 338.4551 -375.0000
v  -185.6791 338.4551 -217.2193
v  -154.4654 338.4551 -217.2193
v  -154.4654 367.6054 -217.2193
v  -185.6791 367.6054 -217.2193
v  -203.0086 343.2999 -375.0000
v  -203.0086 375.0000 -375.0000
v  -167.3492 375.0000 -375.0000
v  -167.3492 343.2999 -375.0000
v  -203.0086 343.2999 -356.8345
v  -167.3492 343.2999 -356.8345
v  -167.3492 375.0000 -356.8345
v  -203.0086 375.0000 -356.8345
v  -167.5203 339.2356 -375.0000
v  -167.5203 370.3137 -375.0000
v  -131.8608 370.3137 -375.0000
v  -131.8608 339.2356 -375.0000
v  -167.5203 339.2356 -364.5688
v  -131.8608 339.2356 -364.5688
v  -131.8608 370.3137 -364.5688
v  -167.5203 370.3137 -364.5688
v  -82.6879 338.8586 -375.0000
v  -82.6879 375.0000 -375.0000
v  -38.8837 375.0000 -375.0000
v  -38.8837 338.8586 -375.0000
v  -82.6879 338.8586 -255.6099
v  -38.8837 338.8586 -255.6099
v  -38.8837 375.0000 -255.6099
v  -82.6879 375.0000 -255.6099
v  -158.6753 206.9671 -375.0000
v  -158.6753 229.2153 -375.0000
v  -134.1528 229.2153 -375.0000
v  -134.1528 206.9671 -375.0000
v  -158.6753 206.9671 -215.4415
v  -134.1528 206.9671 -215.4415
v  -134.1528 229.2153 -215.4415
v  -158.6753 229.2153 -215.4415
v  -192.3436 191.1849 -375.0000
v  -192.3436 213.4330 -375.0000
v  -144.4077 213.4331 -375.0000
v  -144.4077 191.1849 -375.0000
v  -192.3436 191.1849 -357.1709
v  -144.4077 191.1849 -357.1709
v  -144.4077 213.4331 -357.1709
v  -192.3436 213.4330 -357.1709
v  -276.2920 272.2958 -375.0000
v  -276.2920 300.1284 -375.0000
v  -251.1963 300.1284 -375.0000
v  -251.1963 272.2958 -375.0000
v  -276.2920 272.2958 -303.2481
v  -251.1963 272.2958 -303.2481
v  -251.1963 300.1284 -303.2481
v  -276.2920 300.1284 -303.2481
v  -248.4044 254.5015 -375.0000
v  -248.4044 282.3341 -375.0000
v  -223.3087 282.3341 -375.0000
v  -223.3087 254.5014 -375.0000
v  -248.4044 254.5015 -262.3154
v  -223.3087 254.5014 -262.3154
v  -223.3087 282.3341 -262.3154
v  -248.4044 282.3341 -262.3154
v  -302.4934 254.5014 -375.0000
v  -302.4934 282.3341 -375.0000
v  -277.3977 282.3341 -375.0000
v  -277.3977 254.5014 -375.0000
v  -302.4934 254.5014 -218.3449
v  -277.3977 254.5014 -218.3449
v  -277.3977 282.3341 -218.3449
v  -302.4934 282.3341 -218.3449
v  -248.4045 292.7622 -375.0000
v  -248.4044 320.5948 -375.0000
v  -223.3087 320.5948 -375.0000
v  -223.3087 292.7622 -375.0000
v  -248.4045 292.7622 -196.0453
v  -223.3087 292.7622 -196.0453
v  -223.3087 320.5948 -196.0453
v  -248.4044 320.5948 -196.0453
v  -302.4934 292.7622 -375.0000
v  -302.4934 320.5948 -375.0000
v  -277.3977 320.5948 -375.0000
v  -277.3977 292.7622 -375.0000
v  -302.4934 292.7622 -262.3154
v  -277.3977 292.7622 -262.3154
v  -277.3977 320.5948 -262.3154
v  -302.4934 320.5948 -262.3154
v  -286.8147 177.6945 -375.0000
v  -286.8147 185.4977 -375.0000
v  -238.8788 185.4977 -375.0000
v  -238.8788 177.6945 -375.0000
v  -286.8147 177.6945 -254.7463
v  -238.8788 177.6945 -254.7463
v  -238.8788 185.4977 -254.7463
v  -286.8147 185.4977 -254.7463
v  -286.8147 194.2569 -375.0000
v  -286.8147 202.0601 -375.0000
v  -238.8788 202.0601 -375.0000
v  -238.8789 194.2569 -375.0000
v  -286.8147 194.2569 -244.9008
v  -238.8789 194.2569 -244.9008
v  -238.8788 202.0601 -244.9008
v  -286.8147 202.0601 -244.9008
v  -286.8147 210.3919 -375.0000
v  -286.8147 218.1951 -375.0000
v  -238.8788 218.1951 -375.0000
v  -238.8788 210.3919 -375.0000
v  -286.8147 210.3919 -228.7415
v  -238.8788 210.3919 -228.7415
v  -238.8788 218.1951 -228.7415
v  -286.8147 218.1951 -228.7415
v  -286.8147 224.8597 -375.0000
v  -286.8147 232.6629 -375.0000
v  -238.8788 232.6630 -375.0000
v  -238.8788 224.8597 -375.0000
v  -286.8147 224.8597 -204.7238
v  -238.8788 224.8597 -204.7238
v  -238.8788 232.6630 -204.7238
v  -286.8147 232.6629 -204.7238
v  -179.8092 174.5999 -375.0000
v  -179.8092 196.8481 -375.0000
v  -156.9422 196.8481 -375.0000
v  -156.9421 174.5999 -375.0000
v  -179.8092 174.5999 -253.8315
v  -156.9421 174.5999 -253.8315
v  -156.9422 196.8481 -253.8315
v  -179.8092 196.8481 -253.8315
v  -204.2982 206.9671 -375.0000
v  -204.2982 229.2153 -375.0000
v  -179.7757 229.2153 -375.0000
v  -179.7757 206.9671 -375.0000
v  -204.2982 206.9671 -224.7125
v  -179.7757 206.9671 -224.7125
v  -179.7757 229.2153 -224.7125
v  -204.2982 229.2153 -224.7125
v  -109.9688 348.5952 -375.0000
v  -109.9688 365.2633 -375.0000
v  -66.1646 365.2633 -375.0000
v  -66.1646 348.5952 -375.0000
v  -109.9688 348.5952 -359.4759
v  -66.1646 348.5952 -359.4759
v  -66.1646 365.2633 -359.4759
v  -109.9688 365.2633 -359.4759
v  -109.9688 348.5952 -291.5297
v  -109.9688 365.2633 -291.5297
v  -66.1646 365.2633 -291.5297
v  -66.1646 348.5952 -291.5297
v  -109.9688 348.5952 -276.0056
v  -66.1646 348.5952 -276.0056
v  -66.1646 365.2633 -276.0056
v  -109.9688 365.2633 -276.0056
v  -109.9688 348.5952 -317.1624
v  -109.9688 365.2633 -317.1624
v  -66.1646 365.2633 -317.1624
v  -66.1646 348.5952 -317.1624
v  -109.9688 348.5952 -301.6383
v  -66.1646 348.5952 -301.6383
v  -66.1646 365.2633 -301.6383
v  -109.9688 365.2633 -301.6383
v  -109.9688 348.5952 -347.0178
v  -109.9688 365.2633 -347.0178
v  -66.1646 365.2633 -347.0178
v  -66.1646 348.5952 -347.0178
v  -109.9688 348.5952 -331.4937
v  -66.1646 348.5952 -331.4937
v  -66.1646 365.2633 -331.4937
v  -109.9688 365.2633 -331.4937
v  -92.9871 191.3534 -375.0000
v  -92.9871 220.5037 -375.0000
v  -49.1829 220.5037 -375.0000
v  -49.1829 191.3534 -375.0000
v  -92.9871 191.3534 -343.2816
v  -49.1829 191.3534 -343.2816
v  -49.1829 220.5037 -343.2816
v  -92.9871 220.5037 -343.2816
v  -88.5788 193.1421 -366.1667
v  -88.5788 218.7150 -366.1667
v  -53.5913 218.7150 -366.1667
v  -53.5913 193.1421 -366.1667
v  -88.5788 193.1421 -295.7495
v  -53.5913 193.1421 -295.7495
v  -53.5913 218.7150 -295.7495
v  -88.5788 218.7150 -295.7495
v  -276.6655 338.4551 -375.0000
v  -276.6655 367.6054 -375.0000
v  -245.4518 367.6054 -375.0000
v  -245.4518 338.4551 -375.0000
v  -276.6655 338.4551 -217.2193
v  -245.4518 338.4551 -217.2193
v  -245.4518 367.6054 -217.2193
v  -276.6655 367.6054 -217.2193
v  -296.8513 81.7149 -375.0000
v  -296.8513 139.6745 -375.0000
v  -272.3289 139.6745 -375.0000
v  -272.3289 81.7149 -375.0000
v  -296.8513 81.7149 -215.4415
v  -272.3289 81.7149 -215.4415
v  -272.3289 139.6745 -215.4415
v  -296.8513 139.6745 -215.4415
v  -274.7113 93.2726 -375.0000
v  -274.7113 128.1169 -375.0000
v  -250.1888 128.1169 -375.0000
v  -250.1888 93.2726 -375.0000
v  -274.7113 93.2726 -240.9141
v  -250.1888 93.2726 -240.9141
v  -250.1888 128.1169 -240.9141
v  -274.7113 128.1169 -240.9141
v  -247.9754 73.4685 -375.0000
v  -247.9754 154.5869 -375.0000
v  -224.2312 154.5869 -375.0000
v  -224.2312 73.4685 -375.0000
v  -247.9754 73.4685 -329.6996
v  -224.2312 73.4685 -329.6996
v  -224.2312 154.5869 -329.6996
v  -247.9754 154.5869 -329.6996
v  -254.2628 0.0000 -375.0000
v  -254.2628 81.7938 -375.0000
v  -229.0661 81.7938 -375.0000
v  -229.0661 -0.0000 -375.0000
v  -254.2628 0.0000 -314.0831
v  -229.0661 -0.0000 -314.0831
v  -229.0661 81.7938 -314.0831
v  -254.2628 81.7938 -314.0831
v  -263.6065 -28.4470 -375.0000
v  -263.6065 62.6703 -375.0000
v  -249.5320 62.6703 -375.0000
v  -249.5320 -28.4470 -375.0000
v  -263.6065 -28.4470 -268.3412
v  -249.5320 -28.4470 -268.3412
v  -249.5320 62.6703 -268.3412
v  -263.6065 62.6703 -268.3412
v  -295.7320 0.0000 -375.0000
v  -295.7320 68.3173 -375.0000
v  -290.5839 68.3173 -375.0000
v  -290.5839 0.0000 -375.0000
v  -295.7320 0.0000 -314.0831
v  -290.5839 0.0000 -314.0831
v  -290.5839 68.3173 -314.0831
v  -295.7320 68.3173 -314.0831
v  -298.1221 51.7989 -375.0000
v  -232.4915 51.7989 -375.0000
v  -232.4915 22.3665 -375.0000
v  -298.1221 22.3665 -375.0000
v  -298.1221 51.7989 -247.4733
v  -298.1221 22.3665 -247.4733
v  -232.4915 22.3665 -247.4733
v  -232.4915 51.7989 -247.4733
v  -329.0948 69.8979 -375.0000
v  -329.0948 4.2674 -375.0000
v  -358.5273 4.2674 -375.0000
v  -358.5273 69.8979 -375.0000
v  -329.0948 69.8979 -200.8770
v  -358.5273 69.8979 -200.8770
v  -358.5273 4.2674 -200.8770
v  -329.0948 4.2674 -200.8770
v  -322.1310 145.2712 -375.0000
v  -322.1310 79.6407 -375.0000
v  -375.0000 79.6407 -375.0000
v  -375.0000 145.2712 -375.0000
v  -322.1310 145.2712 -295.0394
v  -375.0000 145.2712 -295.0394
v  -375.0000 79.6407 -295.0394
v  -322.1310 79.6407 -295.0394
v  -322.1310 232.0005 -375.0000
v  -322.1310 174.4144 -375.0000
v  -334.4753 174.4144 -375.0000
v  -334.4753 232.0005 -375.0000
v  -322.1310 232.0005 -336.3391
v  -334.4753 232.0005 -336.3391
v  -334.4753 174.4144 -336.3391
v  -322.1310 174.4144 -336.3391
v  -339.8398 232.0005 -375.0000
v  -339.8398 174.4144 -375.0000
v  -352.1841 174.4144 -375.0000
v  -352.1841 232.0005 -375.0000
v  -339.8398 232.0005 -292.4124
v  -352.1841 232.0005 -292.4124
v  -352.1841 174.4144 -292.4124
v  -339.8398 174.4144 -292.4124
v  -357.6032 232.0005 -375.0000
v  -357.6032 174.4144 -375.0000
v  -369.9475 174.4144 -375.0000
v  -369.9475 232.0005 -375.0000
v  -357.6032 232.0005 -245.0742
v  -369.9475 232.0005 -245.0742
v  -369.9475 174.4144 -245.0742
v  -357.6032 174.4144 -245.0742
v  -358.9472 286.6461 -375.0000
v  -358.9472 317.7242 -375.0000
v  -323.2878 317.7242 -375.0000
v  -323.2878 286.6461 -375.0000
v  -358.9472 286.6461 -356.8345
v  -323.2878 286.6461 -356.8345
v  -323.2878 317.7242 -356.8345
v  -358.9472 317.7242 -356.8345
v  -333.5196 273.8270 -375.0000
v  -333.5196 283.9263 -375.0000
v  -322.8321 283.9263 -375.0000
v  -322.8321 273.8270 -375.0000
v  -333.5196 273.8270 -356.8345
v  -322.8321 273.8270 -356.8345
v  -322.8321 283.9263 -356.8345
v  -333.5196 283.9263 -356.8345
v  -333.5196 257.8749 -375.0000
v  -333.5196 267.9742 -375.0000
v  -322.8321 267.9742 -375.0000
v  -322.8321 257.8749 -375.0000
v  -333.5196 257.8749 -356.8345
v  -322.8321 257.8749 -356.8345
v  -322.8321 267.9742 -356.8345
v  -333.5196 267.9742 -356.8345
v  -349.0265 273.8270 -375.0000
v  -349.0266 283.9263 -375.0000
v  -338.3391 283.9263 -375.0000
v  -338.3391 273.8270 -375.0000
v  -349.0265 273.8270 -356.8345
v  -338.3391 273.8270 -356.8345
v  -338.3391 283.9263 -356.8345
v  -349.0266 283.9263 -356.8345
v  -349.0265 257.8749 -375.0000
v  -349.0265 267.9742 -375.0000
v  -338.3391 267.9742 -375.0000
v  -338.3391 257.8749 -375.0000
v  -349.0265 257.8749 -356.8345
v  -338.3391 257.8749 -356.8345
v  -338.3391 267.9742 -356.8345
v  -349.0265 267.9742 -356.8345
v  -367.3140 273.8270 -375.0000
v  -367.3140 283.9263 -375.0000
v  -356.6265 283.9263 -375.0000
v  -356.6265 273.8270 -375.0000
v  -367.3140 273.8270 -356.8345
v  -356.6265 273.8270 -356.8345
v  -356.6265 283.9263 -356.8345
v  -367.3140 283.9263 -356.8345
v  -367.3140 257.8749 -375.0000
v  -367.3140 267.9742 -375.0000
v  -356.6265 267.9742 -375.0000
v  -356.6265 257.8749 -375.0000
v  -367.3140 257.8749 -356.8345
v  -356.6265 257.8749 -356.8345
v  -356.6265 267.9742 -356.8345
v  -367.3140 267.9742 -356.8345
v  -340.6080 337.9211 -375.0000
v  -340.6080 354.0057 -375.0000
v  -323.2878 354.0057 -375.0000
v  -323.2877 337.9211 -375.0000
v  -340.6080 337.9211 -320.0123
v  -323.2877 337.9211 -320.0123
v  -323.2878 354.0057 -320.0123
v  -340.6080 354.0057 -320.0123
v  -369.7535 337.9211 -375.0000
v  -369.7535 354.0057 -375.0000
v  -352.4332 354.0057 -375.0000
v  -352.4332 337.9211 -375.0000
v  -369.7535 337.9211 -287.2762
v  -352.4332 337.9211 -287.2762
v  -352.4332 354.0057 -287.2762
v  -369.7535 354.0057 -287.2762
v  -357.3166 347.3209 -375.0000
v  -357.3166 368.6052 -375.0000
v  -329.9765 368.6052 -375.0000
v  -329.9765 347.3209 -375.0000
v  -357.3166 347.3209 -346.1564
v  -329.9765 347.3209 -346.1564
v  -329.9765 368.6052 -346.1564
v  -357.3166 368.6052 -346.1564
v  -343.1658 -9.8486 -375.0000
v  -343.1658 -49.4001 -375.0000
v  -372.5982 -49.4001 -375.0000
v  -372.5982 -9.8486 -375.0000
v  -343.1658 -9.8486 -244.8608
v  -372.5982 -9.8486 -244.8608
v  -372.5982 -49.4001 -244.8608
v  -343.1658 -49.4001 -244.8608
v  -322.1310 -31.2140 -375.0000
v  -322.1310 -96.8445 -375.0000
v  -375.0000 -96.8445 -375.0000
v  -375.0000 -31.2140 -375.0000
v  -322.1310 -31.2140 -295.0394
v  -375.0000 -31.2140 -295.0394
v  -375.0000 -96.8445 -295.0394
v  -322.1310 -96.8445 -295.0394
v  -298.1221 -19.0276 -375.0000
v  -232.4915 -19.0276 -375.0000
v  -232.4915 -48.4600 -375.0000
v  -298.1221 -48.4600 -375.0000
v  -298.1221 -19.0276 -247.4733
v  -298.1221 -48.4600 -247.4733
v  -232.4915 -48.4600 -247.4733
v  -232.4915 -19.0276 -247.4733
v  -278.2729 -38.4976 -375.0000
v  -278.2729 -104.1281 -375.0000
v  -291.5696 -104.1281 -375.0000
v  -291.5696 -38.4976 -375.0000
v  -278.2729 -38.4976 -214.8279
v  -291.5696 -38.4976 -214.8279
v  -291.5696 -104.1281 -214.8279
v  -278.2729 -104.1281 -214.8279
v  -241.9555 -38.4976 -375.0000
v  -241.9555 -104.1281 -375.0000
v  -257.1453 -104.1281 -375.0000
v  -257.1453 -38.4976 -375.0000
v  -241.9555 -38.4976 -214.8279
v  -257.1453 -38.4976 -214.8279
v  -257.1453 -104.1281 -214.8279
v  -241.9555 -104.1281 -214.8279
v  -322.1310 -127.9403 -375.0000
v  -322.1310 -153.2316 -375.0000
v  -352.4330 -153.2316 -375.0000
v  -352.4330 -127.9403 -375.0000
v  -322.1310 -127.9403 -272.9010
v  -352.4330 -127.9403 -272.9010
v  -352.4330 -153.2316 -272.9010
v  -322.1310 -153.2316 -272.9010
v  -280.4343 -87.6246 -375.0000
v  -280.4343 -153.2551 -375.0000
v  -289.8992 -153.2551 -375.0000
v  -289.8992 -87.6246 -375.0000
v  -280.4343 -87.6246 -254.2847
v  -289.8992 -87.6246 -254.2847
v  -289.8992 -153.2551 -254.2847
v  -280.4343 -153.2551 -254.2847
v  -243.4047 -87.6246 -375.0000
v  -243.4047 -153.2551 -375.0000
v  -252.8695 -153.2551 -375.0000
v  -252.8695 -87.6245 -375.0000
v  -243.4047 -87.6246 -254.2847
v  -252.8695 -87.6245 -254.2847
v  -252.8695 -153.2551 -254.2847
v  -243.4047 -153.2551 -254.2847
v  -254.2628 -268.0505 -375.0000
v  -254.2628 -186.2568 -375.0000
v  -229.0661 -186.2568 -375.0000
v  -229.0661 -268.0505 -375.0000
v  -254.2628 -268.0505 -247.8257
v  -229.0661 -268.0505 -247.8257
v  -229.0661 -186.2568 -247.8257
v  -254.2628 -186.2568 -247.8257
v  -375.0000 -251.1298 -375.0000
v  -375.0000 -203.1775 -375.0000
v  -161.4304 -203.1775 -375.0000
v  -161.4304 -251.1298 -375.0000
v  -375.0000 -251.1298 -314.0831
v  -161.4304 -251.1298 -314.0831
v  -161.4304 -203.1775 -314.0831
v  -375.0000 -203.1775 -314.0831
v  -201.6718 -268.0505 -375.0000
v  -201.6718 -186.2568 -375.0000
v  -176.4752 -186.2568 -375.0000
v  -176.4752 -268.0505 -375.0000
v  -201.6718 -268.0505 -281.9161
v  -176.4752 -268.0505 -281.9161
v  -176.4752 -186.2568 -281.9161
v  -201.6718 -186.2568 -281.9161
v  -368.8888 -268.0505 -375.0000
v  -368.8888 -186.2568 -375.0000
v  -343.6921 -186.2568 -375.0000
v  -343.6921 -268.0506 -375.0000
v  -368.8888 -268.0505 -281.9161
v  -343.6921 -268.0506 -281.9161
v  -343.6921 -186.2568 -281.9161
v  -368.8888 -186.2568 -281.9161
v  -317.2448 -268.0506 -375.0000
v  -317.2448 -186.2568 -375.0000
v  -292.0481 -186.2568 -375.0000
v  -292.0481 -268.0505 -375.0000
v  -317.2448 -268.0506 -247.8257
v  -292.0481 -268.0505 -247.8257
v  -292.0481 -186.2568 -247.8257
v  -317.2448 -186.2568 -247.8257
v  -329.0948 -301.0077 -375.0000
v  -329.0948 -366.6382 -375.0000
v  -375.0000 -366.6382 -375.0000
v  -375.0000 -301.0077 -375.0000
v  -329.0948 -301.0077 -200.8770
v  -375.0000 -301.0077 -200.8770
v  -375.0000 -366.6382 -200.8770
v  -329.0948 -366.6382 -200.8770
v  -340.1883 -312.9601 -375.0000
v  -274.5577 -312.9600 -375.0000
v  -274.5577 -342.3924 -375.0000
v  -340.1883 -342.3924 -375.0000
v  -340.1883 -312.9601 -247.4733
v  -340.1883 -342.3924 -247.4733
v  -274.5577 -342.3924 -247.4733
v  -274.5577 -312.9600 -247.4733
v  -272.4951 -330.5203 -375.0000
v  -206.8646 -330.5203 -375.0000
v  -206.8646 -349.6082 -375.0000
v  -272.4951 -349.6082 -375.0000
v  -272.4951 -330.5203 -288.6166
v  -272.4951 -349.6082 -288.6166
v  -206.8646 -349.6082 -288.6166
v  -206.8646 -330.5203 -288.6166
v  -136.4203 -375.0000 -375.0000
v  -136.4203 -331.4760 -375.0000
v  -83.5994 -331.4759 -375.0000
v  -83.5994 -375.0000 -375.0000
v  -136.4203 -375.0000 -314.0831
v  -83.5994 -375.0000 -314.0831
v  -83.5994 -331.4759 -314.0831
v  -136.4203 -331.4760 -314.0831
v  -138.8049 -294.0367 -375.0000
v  -138.8050 -259.6281 -375.0000
v  -110.8903 -259.6281 -375.0000
v  -110.8903 -294.0367 -375.0000
v  -138.8049 -294.0367 -233.8381
v  -110.8903 -294.0367 -233.8381
v  -110.8903 -259.6281 -233.8381
v  -138.8050 -259.6281 -233.8381
v  -135.9364 -260.7786 -375.0000
v  -135.9364 -226.3699 -375.0000
v  -108.0217 -226.3699 -375.0000
v  -108.0217 -260.7786 -375.0000
v  -135.9364 -260.7786 -336.0590
v  -108.0217 -260.7786 -336.0590
v  -108.0217 -226.3699 -336.0590
v  -135.9364 -226.3699 -336.0590
v  -120.2937 -283.7615 -375.0000
v  -120.2937 -246.1639 -375.0000
v  -69.4540 -246.1639 -375.0000
v  -69.4541 -283.7615 -375.0000
v  -120.2937 -283.7615 -269.0925
v  -69.4541 -283.7615 -269.0925
v  -69.4540 -246.1639 -269.0925
v  -120.2937 -246.1639 -269.0925
v  -84.3055 -260.7785 -375.0000
v  -84.3055 -226.3699 -375.0000
v  -56.3908 -226.3699 -375.0000
v  -56.3908 -260.7785 -375.0000
v  -84.3055 -260.7785 -336.0590
v  -56.3908 -260.7785 -336.0590
v  -56.3908 -226.3699 -336.0590
v  -84.3055 -226.3699 -336.0590
v  -64.4021 -210.0563 -375.0000
v  -64.4021 -175.6476 -375.0000
v  -36.4874 -175.6476 -375.0000
v  -36.4874 -210.0563 -375.0000
v  -64.4021 -210.0563 -275.4043
v  -36.4874 -210.0563 -275.4043
v  -36.4874 -175.6476 -275.4043
v  -64.4021 -175.6476 -275.4043
v  -110.2810 -210.0563 -375.0000
v  -110.2810 -175.6476 -375.0000
v  -82.3663 -175.6476 -375.0000
v  -82.3663 -210.0563 -375.0000
v  -110.2810 -210.0563 -336.0590
v  -82.3663 -210.0563 -336.0590
v  -82.3663 -175.6476 -336.0590
v  -110.2810 -175.6476 -336.0590
v  -83.3794 -369.7410 -375.0000
v  -83.3794 -336.7349 -375.0000
v  -43.3232 -336.7349 -375.0000
v  -43.3232 -369.7410 -375.0000
v  -83.3794 -369.7410 -270.9558
v  -43.3232 -369.7410 -270.9558
v  -43.3232 -336.7349 -270.9558
v  -83.3794 -336.7349 -270.9558
v  -84.3055 -304.6725 -375.0000
v  -84.3055 -270.2639 -375.0000
v  -56.3908 -270.2639 -375.0000
v  -56.3908 -304.6725 -375.0000
v  -84.3055 -304.6725 -336.0590
v  -56.3908 -304.6725 -336.0590
v  -56.3908 -270.2639 -336.0590
v  -84.3055 -270.2639 -336.0590
# 2506 vertices

vn 0.0000 0.0000 -1.0000
vn 0.0000 0.0000 1.0000
vn 0.7071 -0.7071 0.0000
vn -0.7071 -0.7071 0.0000
vn 0.7071 0.7071 -0.0000
vn -0.7071 0.7071 -0.0000
vn 0.0000 -1.0000 -0.0000
vn -0.0002 -1.0000 -0.0000
vn -1.0000 -0.0000 0.0000
vn -1.0000 -0.0001 0.0000
vn 1.0000 -0.0001 0.0000
vn 1.0000 0.0000 0.0000
vn -0.0000 1.0000 0.0000
vn -0.0002 1.0000 0.0000
vn 0.7071 0.7071 0.0000
vn -0.7071 0.7071 0.0000
vn 0.7071 -0.7071 -0.0000
vn -0.7071 -0.7071 -0.0000
vn 0.0000 -1.0000 0.0000
vn -0.0002 -1.0000 0.0000
vn 0.0000 -0.0000 1.0000
vn 1.0000 -0.0000 0.0000
vn -0.0000 0.0000 -1.0000
vn -0.0000 -0.0000 -1.0000
vn -0.0000 0.0000 1.0000
vn 0.8990 -0.4379 0.0000
vn -0.8990 0.4379 0.0000
vn -0.0000 -0.0000 1.0000
vn 0.8990 0.4379 0.0000
vn -0.8990 -0.4379 0.0000
vn 0.0000 -0.0000 -1.0000
vn 0.5774 0.5774 -0.5774
vn 0.5774 -0.5774 -0.5774
vn -0.5774 -0.5774 -0.5774
vn -0.5774 0.5774 -0.5774
vn 0.5774 0.5774 0.5774
vn -0.5774 0.5774 0.5774
vn -0.5774 -0.5774 0.5774
vn 0.5774 -0.5774 0.5774
vn -0.5773 0.5774 -0.5774
vn -0.5773 0.5774 0.5774
vn 0.5774 0.5773 -0.5773
vn 0.5774 0.5773 0.5773
vn 0.5773 -0.5774 -0.5774
vn 0.5773 -0.5774 0.5774
vn -0.5774 -0.5774 -0.5773
vn 0.5774 0.5774 -0.5773
vn -0.5774 -0.5774 0.5773
vn 0.5774 0.5774 0.5773
vn -0.5774 -0.5773 -0.5773
vn -0.5774 -0.5773 0.5773
# 51 vertex normals

vt 2.3672 2.4408 0.1820
vt 2.3672 0.5298 0.1820
vt 2.4694 0.5298 0.1820
vt 2.4694 2.4408 0.1820
vt -1.3672 2.4408 0.8180
vt -1.4694 2.4408 0.8180
vt -1.4694 0.5298 0.8180
vt -1.3672 0.5298 0.8180
vt 1.6830 3.1180 0.1820
vt 2.3568 2.4441 0.1820
vt 2.4291 2.5165 0.1820
vt 1.7553 3.1903 0.1820
vt -0.6830 3.1180 0.8180
vt -0.7553 3.1903 0.8180
vt -1.4291 2.5165 0.8180
vt -1.3568 2.4441 0.8180
vt 1.6882 3.2137 0.1820
vt -0.3665 3.2137 0.1820
vt -0.3665 3.1114 0.1820
vt 1.6882 3.1114 0.1820
vt -0.6882 3.2137 0.8180
vt -0.6882 3.1114 0.8180
vt 1.3665 3.1114 0.8180
vt 1.3665 3.2137 0.8180
vt 2.4694 0.1990 2.4408
vt 2.4694 0.7991 2.4408
vt 2.3672 0.7991 2.4408
vt 2.3672 0.1990 2.4408
vt 0.4702 0.1990 -1.4694
vt 0.4702 0.7991 -1.4694
vt -1.4408 0.7991 -1.4694
vt -1.4408 0.1990 -1.4694
vt -1.3672 0.1990 0.5298
vt -1.3672 0.7991 0.5298
vt -1.4694 0.7991 0.5298
vt -1.4694 0.1990 0.5298
vt 2.4408 0.1990 -1.3672
vt 2.4408 0.7991 -1.3672
vt 0.5298 0.7991 -1.3672
vt 0.5298 0.1990 -1.3672
vt 1.7553 0.1990 3.1903
vt 1.7553 0.7991 3.1903
vt 1.6830 0.7991 3.1180
vt 1.6830 0.1990 3.1180
vt 2.4291 0.1990 2.5165
vt 2.4291 0.7991 2.5165
vt -1.4441 0.1990 -1.3568
vt -1.4441 0.7991 -1.3568
vt -1.5165 0.7991 -1.4291
vt -1.5165 0.1990 -1.4291
vt -0.6830 0.1990 3.1180
vt -0.6830 0.7991 3.1180
vt -1.3568 0.7991 2.4441
vt -1.3568 0.1990 2.4441
vt -2.1114 0.1990 -0.6882
vt -2.1114 0.7991 -0.6882
vt -2.2137 0.7991 -0.6882
vt -2.2137 0.1990 -0.6882
vt 1.3665 0.1990 3.1114
vt 1.3665 0.7991 3.1114
vt -0.6882 0.7991 3.1114
vt -0.6882 0.1990 3.1114
vt 3.2137 0.1990 1.3665
vt 3.2137 0.7991 1.3665
vt 3.1114 0.7991 1.3665
vt 3.1114 0.1990 1.3665
vt 1.6882 0.1990 3.2137
vt 1.6882 0.7991 3.2137
vt -0.3665 0.7991 3.2137
vt -0.3665 0.1990 3.2137
vt 2.3672 -1.4408 0.1820
vt 2.4694 -1.4408 0.1820
vt 2.4694 0.4702 0.1820
vt 2.3672 0.4702 0.1820
vt -1.3672 -1.4408 0.8180
vt -1.3672 0.4702 0.8180
vt -1.4694 0.4702 0.8180
vt -1.4694 -1.4408 0.8180
vt 1.6830 -2.1180 0.1820
vt 1.7553 -2.1903 0.1820
vt 2.4291 -1.5165 0.1820
vt 2.3568 -1.4441 0.1820
vt -0.6830 -2.1180 0.8180
vt -1.3568 -1.4441 0.8180
vt -1.4291 -1.5165 0.8180
vt -0.7553 -2.1903 0.8180
vt 1.6882 -2.2137 0.1820
vt 1.6882 -2.1114 0.1820
vt -0.3665 -2.1114 0.1820
vt -0.3665 -2.2137 0.1820
vt -0.6882 -2.2137 0.8180
vt 1.3665 -2.2137 0.8180
vt 1.3665 -2.1114 0.8180
vt -0.6882 -2.1114 0.8180
vt -1.4694 0.1990 -1.4408
vt -1.3672 0.1990 -1.4408
vt -1.3672 0.7991 -1.4408
vt -1.4694 0.7991 -1.4408
vt 0.5298 0.1990 -1.4694
vt 2.4408 0.1990 -1.4694
vt 2.4408 0.7991 -1.4694
vt 0.5298 0.7991 -1.4694
vt 2.3672 0.1990 0.4702
vt 2.4694 0.1990 0.4702
vt 2.4694 0.7991 0.4702
vt 2.3672 0.7991 0.4702
vt -1.4408 0.1990 -1.3672
vt 0.4702 0.1990 -1.3672
vt 0.4702 0.7991 -1.3672
vt -1.4408 0.7991 -1.3672
vt -0.7553 0.1990 -2.1903
vt -0.6830 0.1990 -2.1180
vt -0.6830 0.7991 -2.1180
vt -0.7553 0.7991 -2.1903
vt 2.5165 0.1990 -1.4291
vt 3.1903 0.1990 -0.7553
vt 3.1903 0.7991 -0.7553
vt 2.5165 0.7991 -1.4291
vt 2.3568 0.1990 -1.4441
vt 2.4291 0.1990 -1.5165
vt 2.4291 0.7991 -1.5165
vt 2.3568 0.7991 -1.4441
vt -2.1180 0.1990 -0.6830
vt -2.1180 0.7991 -0.6830
vt 3.1114 0.1990 -0.6882
vt 3.2137 0.1990 -0.6882
vt 3.2137 0.7991 -0.6882
vt 3.1114 0.7991 -0.6882
vt -0.3665 0.1990 -2.1114
vt 1.6882 0.1990 -2.1114
vt 1.6882 0.7991 -2.1114
vt -0.3665 0.7991 -2.1114
vt -2.2137 0.1990 1.3665
vt -2.1114 0.1990 1.3665
vt -2.1114 0.7991 1.3665
vt -2.2137 0.7991 1.3665
vt -0.6882 0.1990 -2.2137
vt 1.3665 0.1990 -2.2137
vt 1.3665 0.7991 -2.2137
vt -0.6882 0.7991 -2.2137
vt 2.5461 -2.9000 0.8182
vt 2.5461 -3.8652 0.8182
vt 2.5817 -3.8652 0.8182
vt 2.5817 -2.9000 0.8182
vt -1.5461 -3.8652 0.1819
vt -1.5461 -2.9000 0.1819
vt -1.5817 -2.9000 0.1819
vt -1.5817 -3.8652 0.1819
vt 4.8652 0.1989 2.5461
vt 4.8652 0.7993 2.5461
vt 3.9000 0.7993 2.5461
vt 3.9000 0.1989 2.5461
vt 2.5461 -0.1308 0.8182
vt 2.5461 -0.8949 0.8182
vt 2.5817 -0.8949 0.8182
vt 2.5817 -0.1308 0.8182
vt -1.5461 -0.8949 0.1819
vt -1.5461 -0.1308 0.1819
vt -1.5817 -0.1308 0.1819
vt -1.5817 -0.8949 0.1819
vt 1.8949 0.1989 2.5461
vt 1.8949 0.7993 2.5461
vt 1.1308 0.7993 2.5461
vt 1.1308 0.1989 2.5461
vt 2.5461 -5.5555 0.8182
vt 2.5461 -6.1825 0.8182
vt 2.5817 -6.1825 0.8182
vt 2.5817 -5.5555 0.8182
vt -1.5461 -6.1825 0.1819
vt -1.5461 -5.5555 0.1819
vt -1.5817 -5.5555 0.1819
vt -1.5817 -6.1825 0.1819
vt 7.1825 0.1989 2.5461
vt 7.1825 0.7993 2.5461
vt 6.5555 0.7993 2.5461
vt 6.5555 0.1989 2.5461
vt 2.5461 3.9000 0.8182
vt 2.5817 3.9000 0.8182
vt 2.5817 4.8652 0.8182
vt 2.5461 4.8652 0.8182
vt -1.5461 4.8652 0.1819
vt -1.5817 4.8652 0.1819
vt -1.5817 3.9000 0.1819
vt -1.5461 3.9000 0.1819
vt -3.8652 0.1989 2.5461
vt -2.9000 0.1989 2.5461
vt -2.9000 0.7993 2.5461
vt -3.8652 0.7993 2.5461
vt 2.5461 1.1308 0.8182
vt 2.5817 1.1308 0.8182
vt 2.5817 1.8949 0.8182
vt 2.5461 1.8949 0.8182
vt -1.5461 1.8949 0.1819
vt -1.5817 1.8949 0.1819
vt -1.5817 1.1308 0.1819
vt -1.5461 1.1308 0.1819
vt -0.8949 0.1989 2.5461
vt -0.1308 0.1989 2.5461
vt -0.1308 0.7993 2.5461
vt -0.8949 0.7993 2.5461
vt 2.5461 6.5555 0.8182
vt 2.5817 6.5555 0.8182
vt 2.5817 7.1825 0.8182
vt 2.5461 7.1825 0.8182
vt -1.5461 7.1825 0.1819
vt -1.5817 7.1825 0.1819
vt -1.5817 6.5555 0.1819
vt -1.5461 6.5555 0.1819
vt -6.1825 0.1989 2.5461
vt -5.5555 0.1989 2.5461
vt -5.5555 0.7993 2.5461
vt -6.1825 0.7993 2.5461
vt 3.0872 0.1989 1.4536
vt 3.0872 0.7993 1.4536
vt 2.3694 0.7993 1.8032
vt 2.3694 0.1989 1.8032
vt -2.0872 0.1819 1.5248
vt -1.3694 0.1819 1.8744
vt -1.3694 0.1989 1.8744
vt -2.0872 0.1989 1.5248
vt 1.5248 -0.6516 0.8182
vt 1.4536 -0.6516 0.8182
vt 1.8032 -1.3694 0.8182
vt 1.8744 -1.3694 0.8182
vt -0.5248 -2.0872 0.1819
vt -0.4536 -2.0872 0.1819
vt -0.8032 -1.3694 0.1819
vt -0.8744 -1.3694 0.1819
vt -2.0872 0.7993 1.5248
vt -1.3694 0.7993 1.8744
vt -1.3694 0.8182 1.8744
vt -2.0872 0.8182 1.5248
vt 1.6516 0.7993 1.4536
vt 1.6516 0.1989 1.4536
vt -0.6516 0.1819 1.5248
vt -0.6516 0.1989 1.5248
vt 1.4536 -2.0872 0.8182
vt 1.5248 -2.0872 0.8182
vt -0.4536 -0.6516 0.1819
vt -0.5248 -0.6516 0.1819
vt -0.6516 0.7993 1.5248
vt -0.6516 0.8182 1.5248
vt -2.0872 0.1989 1.4536
vt -1.3694 0.1989 1.8032
vt -1.3694 0.7993 1.8032
vt -2.0872 0.7993 1.4536
vt 3.0872 0.1819 1.5248
vt 3.0872 0.1989 1.5248
vt 2.3694 0.1989 1.8744
vt 2.3694 0.1819 1.8744
vt 1.5248 1.6516 0.8182
vt 1.8744 2.3694 0.8182
vt 1.8032 2.3694 0.8182
vt 1.4536 1.6516 0.8182
vt -0.5248 3.0872 0.1819
vt -0.8744 2.3694 0.1819
vt -0.8032 2.3694 0.1819
vt -0.4536 3.0872 0.1819
vt 3.0872 0.7993 1.5248
vt 3.0872 0.8182 1.5248
vt 2.3694 0.8182 1.8744
vt 2.3694 0.7993 1.8744
vt -0.6516 0.1989 1.4536
vt -0.6516 0.7993 1.4536
vt 1.6516 0.1989 1.5248
vt 1.6516 0.1819 1.5248
vt 1.5248 3.0872 0.8182
vt 1.4536 3.0872 0.8182
vt -0.5248 1.6516 0.1819
vt -0.4536 1.6516 0.1819
vt 1.6516 0.8182 1.5248
vt 1.6516 0.7993 1.5248
vt -4.4315 25.9719 -8.4477
vt -4.4315 28.8869 -8.4477
vt -6.8914 28.8869 -8.4477
vt -6.8914 25.9719 -8.4477
vt 5.4315 25.9719 2.3436
vt 7.8914 25.9719 2.3436
vt 7.8914 28.8869 2.3436
vt 5.4315 28.8869 2.3436
vt 5.4315 -8.4477 25.9719
vt 7.8914 -8.4477 25.9719
vt 7.8914 2.3436 25.9719
vt 5.4315 2.3436 25.9719
vt 25.9719 -8.4477 7.8914
vt 28.8869 -8.4477 7.8914
vt 28.8869 2.3436 7.8914
vt 25.9719 2.3436 7.8914
vt -6.8914 -8.4477 28.8869
vt -4.4315 -8.4477 28.8869
vt -4.4315 2.3436 28.8869
vt -6.8914 2.3436 28.8869
vt -27.8869 -8.4477 5.4315
vt -24.9719 -8.4477 5.4315
vt -24.9719 2.3436 5.4315
vt -27.8869 2.3436 5.4315
vt -3.1849 29.5415 -8.4477
vt -3.1849 32.4565 -8.4477
vt -6.3062 32.4565 -8.4477
vt -6.3062 29.5415 -8.4477
vt 4.1849 29.5415 -0.7782
vt 7.3062 29.5415 -0.7782
vt 7.3062 32.4565 -0.7782
vt 4.1849 32.4565 -0.7782
vt 4.1849 -8.4477 29.5415
vt 7.3062 -8.4477 29.5415
vt 7.3062 -0.7782 29.5415
vt 4.1849 -0.7782 29.5415
vt 29.5415 -8.4477 7.3062
vt 32.4565 -8.4477 7.3062
vt 32.4565 -0.7782 7.3062
vt 29.5415 -0.7782 7.3062
vt -6.3062 -8.4477 32.4565
vt -3.1849 -8.4477 32.4565
vt -3.1849 -0.7782 32.4565
vt -6.3062 -0.7782 32.4565
vt -31.4565 -8.4477 4.1849
vt -28.5415 -8.4477 4.1849
vt -28.5415 -0.7782 4.1849
vt -31.4565 -0.7782 4.1849
vt 0.6546 27.7296 -8.4477
vt 0.6546 30.5128 -8.4477
vt -1.8550 30.5128 -8.4477
vt -1.8550 27.7296 -8.4477
vt 0.3454 27.7296 -2.7157
vt 2.8550 27.7296 -2.7157
vt 2.8550 30.5128 -2.7157
vt 0.3454 30.5128 -2.7157
vt 0.3454 -8.4477 27.7296
vt 2.8550 -8.4477 27.7296
vt 2.8550 -2.7157 27.7296
vt 0.3454 -2.7157 27.7296
vt 27.7296 -8.4477 2.8550
vt 30.5128 -8.4477 2.8550
vt 30.5128 -2.7157 2.8550
vt 27.7296 -2.7157 2.8550
vt -1.8550 -8.4477 30.5128
vt 0.6546 -8.4477 30.5128
vt 0.6546 -2.7157 30.5128
vt -1.8550 -2.7157 30.5128
vt -29.5128 -8.4477 0.3454
vt -26.7296 -8.4477 0.3454
vt -26.7296 -2.7157 0.3454
vt -29.5128 -2.7157 0.3454
vt 0.3542 28.5309 -8.4477
vt 0.3542 31.6387 -8.4477
vt -3.2117 31.6387 -8.4477
vt -3.2117 28.5309 -8.4477
vt 0.6458 28.5309 -6.6312
vt 4.2117 28.5309 -6.6312
vt 4.2117 31.6387 -6.6312
vt 0.6458 31.6387 -6.6312
vt 0.6458 -8.4477 28.5309
vt 4.2117 -8.4477 28.5309
vt 4.2117 -6.6312 28.5309
vt 0.6458 -6.6312 28.5309
vt 28.5309 -8.4477 4.2117
vt 31.6387 -8.4477 4.2117
vt 31.6387 -6.6312 4.2117
vt 28.5309 -6.6312 4.2117
vt -3.2117 -8.4477 31.6387
vt 0.3542 -8.4477 31.6387
vt 0.3542 -6.6312 31.6387
vt -3.2117 -6.6312 31.6387
vt -30.6387 -8.4477 0.6458
vt -27.5309 -8.4477 0.6458
vt -27.5309 -6.6312 0.6458
vt -30.6387 -6.6312 0.6458
vt -1.1063 26.2572 -8.4477
vt -1.1063 32.3288 -8.4477
vt -5.9947 32.3288 -8.4477
vt -5.9947 26.2572 -8.4477
vt 2.1063 26.2572 -5.5252
vt 6.9947 26.2572 -5.5252
vt 6.9947 32.3288 -5.5252
vt 2.1063 32.3288 -5.5252
vt 2.1063 -8.4477 26.2572
vt 6.9947 -8.4477 26.2572
vt 6.9947 -5.5252 26.2572
vt 2.1063 -5.5252 26.2572
vt 26.2572 -8.4477 6.9947
vt 32.3288 -8.4477 6.9947
vt 32.3288 -5.5252 6.9947
vt 26.2572 -5.5252 6.9947
vt -5.9947 -8.4477 32.3288
vt -1.1063 -8.4477 32.3288
vt -1.1063 -5.5252 32.3288
vt -5.9947 -5.5252 32.3288
vt -31.3288 -8.4477 2.1063
vt -25.2572 -8.4477 2.1063
vt -25.2572 -5.5252 2.1063
vt -31.3288 -5.5252 2.1063
vt -8.9705 25.9719 -8.4477
vt -8.9705 28.8869 -8.4477
vt -13.3509 28.8869 -8.4477
vt -13.3509 25.9719 -8.4477
vt 9.9705 25.9719 -4.2766
vt 14.3509 25.9719 -4.2766
vt 14.3509 28.8869 -4.2766
vt 9.9705 28.8869 -4.2766
vt 9.9705 -8.4477 25.9719
vt 14.3509 -8.4477 25.9719
vt 14.3509 -4.2766 25.9719
vt 9.9705 -4.2766 25.9719
vt 25.9719 -8.4477 14.3509
vt 28.8869 -8.4477 14.3509
vt 28.8869 -4.2766 14.3509
vt 25.9719 -4.2766 14.3509
vt -13.3509 -8.4477 28.8869
vt -8.9705 -8.4477 28.8869
vt -8.9705 -4.2766 28.8869
vt -13.3509 -4.2766 28.8869
vt -27.8869 -8.4477 9.9705
vt -24.9719 -8.4477 9.9705
vt -24.9719 -4.2766 9.9705
vt -27.8869 -4.2766 9.9705
vt -13.3065 26.3862 -8.4477
vt -13.3065 30.3276 -8.4477
vt -16.5534 30.3276 -8.4477
vt -16.5534 26.3862 -8.4477
vt 14.3065 26.3862 -6.3342
vt 17.5534 26.3862 -6.3342
vt 17.5534 30.3276 -6.3342
vt 14.3065 30.3276 -6.3342
vt 14.3065 -8.4477 26.3862
vt 17.5534 -8.4477 26.3862
vt 17.5534 -6.3342 26.3862
vt 14.3065 -6.3342 26.3862
vt 26.3862 -8.4477 17.5534
vt 30.3276 -8.4477 17.5534
vt 30.3276 -6.3342 17.5534
vt 26.3862 -6.3342 17.5534
vt -16.5534 -8.4477 30.3276
vt -13.3065 -8.4477 30.3276
vt -13.3065 -6.3342 30.3276
vt -16.5534 -6.3342 30.3276
vt -29.3276 -8.4477 14.3065
vt -25.3862 -8.4477 14.3065
vt -25.3862 -6.3342 14.3065
vt -29.3276 -6.3342 14.3065
vt -12.4829 28.6819 -8.4477
vt -12.4829 32.6233 -8.4477
vt -16.3304 32.6233 -8.4477
vt -16.3304 28.6819 -8.4477
vt 13.4829 28.6819 -5.7412
vt 17.3304 28.6819 -5.7412
vt 17.3304 32.6233 -5.7412
vt 13.4829 32.6233 -5.7412
vt 13.4829 -8.4477 28.6819
vt 17.3304 -8.4477 28.6819
vt 17.3304 -5.7412 28.6819
vt 13.4829 -5.7412 28.6819
vt 28.6819 -8.4477 17.3304
vt 32.6233 -8.4477 17.3304
vt 32.6233 -5.7412 17.3304
vt 28.6819 -5.7412 17.3304
vt -16.3304 -8.4477 32.6233
vt -12.4829 -8.4477 32.6233
vt -12.4829 -5.7412 32.6233
vt -16.3304 -5.7412 32.6233
vt -31.6233 -8.4477 13.4829
vt -27.6819 -8.4477 13.4829
vt -27.6819 -5.7412 13.4829
vt -31.6233 -5.7412 13.4829
vt -8.6901 29.5519 -8.4477
vt -8.6901 32.4670 -8.4477
vt -13.0705 32.4670 -8.4477
vt -13.0705 29.5519 -8.4477
vt 9.6901 29.5519 -2.7460
vt 14.0705 29.5519 -2.7460
vt 14.0705 32.4670 -2.7460
vt 9.6901 32.4670 -2.7460
vt 9.6901 -8.4477 29.5519
vt 14.0705 -8.4477 29.5519
vt 14.0705 -2.7460 29.5519
vt 9.6901 -2.7460 29.5519
vt 29.5519 -8.4477 14.0705
vt 32.4670 -8.4477 14.0705
vt 32.4670 -2.7460 14.0705
vt 29.5519 -2.7460 14.0705
vt -13.0705 -8.4477 32.4670
vt -8.6901 -8.4477 32.4670
vt -8.6901 -2.7460 32.4670
vt -13.0705 -2.7460 32.4670
vt -31.4670 -8.4477 9.6901
vt -28.5519 -8.4477 9.6901
vt -28.5519 -2.7460 9.6901
vt -31.4670 -2.7460 9.6901
vt -9.3941 28.2161 -8.4477
vt -9.3941 30.6909 -8.4477
vt -12.8209 30.6909 -8.4477
vt -12.8209 28.2161 -8.4477
vt 10.3941 28.2161 -6.7509
vt 13.8209 28.2161 -6.7509
vt 13.8209 30.6909 -6.7509
vt 10.3941 30.6909 -6.7509
vt 10.3941 -8.4477 28.2161
vt 13.8209 -8.4477 28.2161
vt 13.8209 -6.7509 28.2161
vt 10.3941 -6.7509 28.2161
vt 28.2161 -8.4477 13.8209
vt 30.6909 -8.4477 13.8209
vt 30.6909 -6.7509 13.8209
vt 28.2161 -6.7509 13.8209
vt -12.8209 -8.4477 30.6909
vt -9.3941 -8.4477 30.6909
vt -9.3941 -6.7509 30.6909
vt -12.8209 -6.7509 30.6909
vt -29.6909 -8.4477 10.3941
vt -27.2161 -8.4477 10.3941
vt -27.2161 -6.7509 10.3941
vt -29.6909 -6.7509 10.3941
vt -1.3787 34.3455 -8.4477
vt -1.3787 37.2605 -8.4477
vt -4.5001 37.2605 -8.4477
vt -4.5001 34.3455 -8.4477
vt 2.3787 34.3455 7.3303
vt 5.5001 34.3455 7.3303
vt 5.5001 37.2605 7.3303
vt 2.3787 37.2605 7.3303
vt 2.3787 -8.4477 34.3455
vt 5.5001 -8.4477 34.3455
vt 5.5001 7.3303 34.3455
vt 2.3787 7.3303 34.3455
vt 34.3455 -8.4477 5.5001
vt 37.2605 -8.4477 5.5001
vt 37.2605 7.3303 5.5001
vt 34.3455 7.3303 5.5001
vt -4.5001 -8.4477 37.2605
vt -1.3787 -8.4477 37.2605
vt -1.3787 7.3303 37.2605
vt -4.5001 7.3303 37.2605
vt -36.2605 -8.4477 2.3787
vt -33.3455 -8.4477 2.3787
vt -33.3455 7.3303 2.3787
vt -36.2605 7.3303 2.3787
vt 0.3542 34.8300 -8.4477
vt 0.3542 38.0000 -8.4477
vt -3.2117 38.0000 -8.4477
vt -3.2117 34.8300 -8.4477
vt 0.6458 34.8300 -6.6312
vt 4.2117 34.8300 -6.6312
vt 4.2117 38.0000 -6.6312
vt 0.6458 38.0000 -6.6312
vt 0.6458 -8.4477 34.8300
vt 4.2117 -8.4477 34.8300
vt 4.2117 -6.6312 34.8300
vt 0.6458 -6.6312 34.8300
vt 34.8300 -8.4477 4.2117
vt 38.0000 -8.4477 4.2117
vt 38.0000 -6.6312 4.2117
vt 34.8300 -6.6312 4.2117
vt -3.2117 -8.4477 38.0000
vt 0.3542 -8.4477 38.0000
vt 0.3542 -6.6312 38.0000
vt -3.2117 -6.6312 38.0000
vt -37.0000 -8.4477 0.6458
vt -33.8300 -8.4477 0.6458
vt -33.8300 -6.6312 0.6458
vt -37.0000 -6.6312 0.6458
vt -3.1946 34.4236 -8.4477
vt -3.1946 37.5314 -8.4477
vt -6.7606 37.5314 -8.4477
vt -6.7606 34.4236 -8.4477
vt 4.1946 34.4236 -7.4046
vt 7.7606 34.4236 -7.4046
vt 7.7606 37.5314 -7.4046
vt 4.1946 37.5314 -7.4046
vt 4.1946 -8.4477 34.4236
vt 7.7606 -8.4477 34.4236
vt 7.7606 -7.4046 34.4236
vt 4.1946 -7.4046 34.4236
vt 34.4236 -8.4477 7.7606
vt 37.5314 -8.4477 7.7606
vt 37.5314 -7.4046 7.7606
vt 34.4236 -7.4046 7.7606
vt -6.7606 -8.4477 37.5314
vt -3.1946 -8.4477 37.5314
vt -3.1946 -7.4046 37.5314
vt -6.7606 -7.4046 37.5314
vt -36.5314 -8.4477 4.1946
vt -33.4236 -8.4477 4.1946
vt -33.4236 -7.4046 4.1946
vt -36.5314 -7.4046 4.1946
vt -11.6779 34.3858 -8.4477
vt -11.6779 38.0000 -8.4477
vt -16.0583 38.0000 -8.4477
vt -16.0583 34.3858 -8.4477
vt 12.6779 34.3858 3.4913
vt 17.0583 34.3858 3.4913
vt 17.0583 38.0000 3.4913
vt 12.6779 38.0000 3.4913
vt 12.6779 -8.4477 34.3858
vt 17.0583 -8.4477 34.3858
vt 17.0583 3.4913 34.3858
vt 12.6779 3.4913 34.3858
vt 34.3858 -8.4477 17.0583
vt 38.0000 -8.4477 17.0583
vt 38.0000 3.4913 17.0583
vt 34.3858 3.4913 17.0583
vt -16.0583 -8.4477 38.0000
vt -11.6779 -8.4477 38.0000
vt -11.6779 3.4913 38.0000
vt -16.0583 3.4913 38.0000
vt -37.0000 -8.4477 12.6779
vt -33.3858 -8.4477 12.6779
vt -33.3858 3.4913 12.6779
vt -37.0000 3.4913 12.6779
vt -4.0791 21.1967 -8.4477
vt -4.0791 23.4215 -8.4477
vt -6.5314 23.4215 -8.4477
vt -6.5314 21.1967 -8.4477
vt 5.0791 21.1967 7.5081
vt 7.5314 21.1967 7.5081
vt 7.5314 23.4215 7.5081
vt 5.0791 23.4215 7.5081
vt 5.0791 -8.4477 21.1967
vt 7.5314 -8.4477 21.1967
vt 7.5314 7.5081 21.1967
vt 5.0791 7.5081 21.1967
vt 21.1967 -8.4477 7.5314
vt 23.4215 -8.4477 7.5314
vt 23.4215 7.5081 7.5314
vt 21.1967 7.5081 7.5314
vt -6.5314 -8.4477 23.4215
vt -4.0791 -8.4477 23.4215
vt -4.0791 7.5081 23.4215
vt -6.5314 7.5081 23.4215
vt -22.4215 -8.4477 5.0791
vt -20.1967 -8.4477 5.0791
vt -20.1967 7.5081 5.0791
vt -22.4215 7.5081 5.0791
vt -0.7123 19.6185 -8.4477
vt -0.7123 21.8433 -8.4477
vt -5.5059 21.8433 -8.4477
vt -5.5059 19.6185 -8.4477
vt 1.7123 19.6185 -6.6648
vt 6.5059 19.6185 -6.6648
vt 6.5059 21.8433 -6.6648
vt 1.7123 21.8433 -6.6648
vt 1.7123 -8.4477 19.6185
vt 6.5059 -8.4477 19.6185
vt 6.5059 -6.6648 19.6185
vt 1.7123 -6.6648 19.6185
vt 19.6185 -8.4477 6.5059
vt 21.8433 -8.4477 6.5059
vt 21.8433 -6.6648 6.5059
vt 19.6185 -6.6648 6.5059
vt -5.5059 -8.4477 21.8433
vt -0.7123 -8.4477 21.8433
vt -0.7123 -6.6648 21.8433
vt -5.5059 -6.6648 21.8433
vt -20.8433 -8.4477 1.7123
vt -18.6185 -8.4477 1.7123
vt -18.6185 -6.6648 1.7123
vt -20.8433 -6.6648 1.7123
vt 7.6826 27.7296 -8.4477
vt 7.6826 30.5128 -8.4477
vt 5.1730 30.5128 -8.4477
vt 5.1730 27.7296 -8.4477
vt -6.6826 27.7296 -1.2725
vt -4.1730 27.7296 -1.2725
vt -4.1730 30.5128 -1.2725
vt -6.6826 30.5128 -1.2725
vt -6.6826 -8.4477 27.7296
vt -4.1730 -8.4477 27.7296
vt -4.1730 -1.2725 27.7296
vt -6.6826 -1.2725 27.7296
vt 27.7296 -8.4477 -4.1730
vt 30.5128 -8.4477 -4.1730
vt 30.5128 -1.2725 -4.1730
vt 27.7296 -1.2725 -4.1730
vt 5.1730 -8.4477 30.5128
vt 7.6826 -8.4477 30.5128
vt 7.6826 -1.2725 30.5128
vt 5.1730 -1.2725 30.5128
vt -29.5128 -8.4477 -6.6826
vt -26.7296 -8.4477 -6.6826
vt -26.7296 -1.2725 -6.6826
vt -29.5128 -1.2725 -6.6826
vt 4.8938 25.9501 -8.4477
vt 4.8938 28.7334 -8.4477
vt 2.3842 28.7334 -8.4477
vt 2.3842 25.9501 -8.4477
vt -3.8938 25.9501 2.8207
vt -1.3842 25.9501 2.8207
vt -1.3842 28.7334 2.8207
vt -3.8938 28.7334 2.8207
vt -3.8938 -8.4477 25.9501
vt -1.3842 -8.4477 25.9501
vt -1.3842 2.8207 25.9501
vt -3.8938 2.8207 25.9501
vt 25.9501 -8.4477 -1.3842
vt 28.7334 -8.4477 -1.3842
vt 28.7334 2.8207 -1.3842
vt 25.9501 2.8207 -1.3842
vt 2.3842 -8.4477 28.7334
vt 4.8938 -8.4477 28.7334
vt 4.8938 2.8207 28.7334
vt 2.3842 2.8207 28.7334
vt -27.7334 -8.4477 -3.8938
vt -24.9501 -8.4477 -3.8938
vt -24.9501 2.8207 -3.8938
vt -27.7334 2.8207 -3.8938
vt 10.3027 25.9501 -8.4477
vt 10.3027 28.7334 -8.4477
vt 7.7931 28.7334 -8.4477
vt 7.7931 25.9501 -8.4477
vt -9.3027 25.9501 7.2178
vt -6.7931 25.9501 7.2178
vt -6.7931 28.7334 7.2178
vt -9.3027 28.7334 7.2178
vt -9.3027 -8.4477 25.9501
vt -6.7931 -8.4477 25.9501
vt -6.7931 7.2178 25.9501
vt -9.3027 7.2178 25.9501
vt 25.9501 -8.4477 -6.7931
vt 28.7334 -8.4477 -6.7931
vt 28.7334 7.2178 -6.7931
vt 25.9501 7.2178 -6.7931
vt 7.7931 -8.4477 28.7334
vt 10.3027 -8.4477 28.7334
vt 10.3027 7.2178 28.7334
vt 7.7931 7.2178 28.7334
vt -27.7334 -8.4477 -9.3027
vt -24.9501 -8.4477 -9.3027
vt -24.9501 7.2178 -9.3027
vt -27.7334 7.2178 -9.3027
vt 4.8938 29.7762 -8.4477
vt 4.8938 32.5595 -8.4477
vt 2.3842 32.5595 -8.4477
vt 2.3842 29.7762 -8.4477
vt -3.8938 29.7762 9.4477
vt -1.3842 29.7762 9.4477
vt -1.3842 32.5595 9.4477
vt -3.8938 32.5595 9.4477
vt -3.8938 -8.4477 29.7762
vt -1.3842 -8.4477 29.7762
vt -1.3842 9.4477 29.7762
vt -3.8938 9.4477 29.7762
vt 29.7762 -8.4477 -1.3842
vt 32.5595 -8.4477 -1.3842
vt 32.5595 9.4477 -1.3842
vt 29.7762 9.4477 -1.3842
vt 2.3842 -8.4477 32.5595
vt 4.8938 -8.4477 32.5595
vt 4.8938 9.4477 32.5595
vt 2.3842 9.4477 32.5595
vt -31.5595 -8.4477 -3.8938
vt -28.7762 -8.4477 -3.8938
vt -28.7762 9.4477 -3.8938
vt -31.5595 9.4477 -3.8938
vt 10.3027 29.7762 -8.4477
vt 10.3027 32.5595 -8.4477
vt 7.7931 32.5595 -8.4477
vt 7.7931 29.7762 -8.4477
vt -9.3027 29.7762 2.8207
vt -6.7931 29.7762 2.8207
vt -6.7931 32.5595 2.8207
vt -9.3027 32.5595 2.8207
vt -9.3027 -8.4477 29.7762
vt -6.7931 -8.4477 29.7762
vt -6.7931 2.8207 29.7762
vt -9.3027 2.8207 29.7762
vt 29.7762 -8.4477 -6.7931
vt 32.5595 -8.4477 -6.7931
vt 32.5595 2.8207 -6.7931
vt 29.7762 2.8207 -6.7931
vt 7.7931 -8.4477 32.5595
vt 10.3027 -8.4477 32.5595
vt 10.3027 2.8207 32.5595
vt 7.7931 2.8207 32.5595
vt -31.5595 -8.4477 -9.3027
vt -28.7762 -8.4477 -9.3027
vt -28.7762 2.8207 -9.3027
vt -31.5595 2.8207 -9.3027
vt 8.7348 18.2695 -8.4477
vt 8.7348 19.0498 -8.4477
vt 3.9412 19.0498 -8.4477
vt 3.9412 18.2695 -8.4477
vt -7.7348 18.2695 3.5776
vt -2.9412 18.2695 3.5776
vt -2.9412 19.0498 3.5776
vt -7.7348 19.0498 3.5776
vt -7.7348 -8.4477 18.2695
vt -2.9412 -8.4477 18.2695
vt -2.9412 3.5776 18.2695
vt -7.7348 3.5776 18.2695
vt 18.2695 -8.4477 -2.9412
vt 19.0498 -8.4477 -2.9412
vt 19.0498 3.5776 -2.9412
vt 18.2695 3.5776 -2.9412
vt 3.9412 -8.4477 19.0498
vt 8.7348 -8.4477 19.0498
vt 8.7348 3.5776 19.0498
vt 3.9412 3.5776 19.0498
vt -18.0498 -8.4477 -7.7348
vt -17.2695 -8.4477 -7.7348
vt -17.2695 3.5776 -7.7348
vt -18.0498 3.5776 -7.7348
vt 8.7348 19.9257 -8.4477
vt 8.7348 20.7060 -8.4477
vt 3.9412 20.7060 -8.4477
vt 3.9412 19.9257 -8.4477
vt -7.7348 19.9257 4.5622
vt -2.9412 19.9257 4.5622
vt -2.9412 20.7060 4.5622
vt -7.7348 20.7060 4.5622
vt -7.7348 -8.4477 19.9257
vt -2.9412 -8.4477 19.9257
vt -2.9412 4.5622 19.9257
vt -7.7348 4.5622 19.9257
vt 19.9257 -8.4477 -2.9412
vt 20.7060 -8.4477 -2.9412
vt 20.7060 4.5622 -2.9412
vt 19.9257 4.5622 -2.9412
vt 3.9412 -8.4477 20.7060
vt 8.7348 -8.4477 20.7060
vt 8.7348 4.5622 20.7060
vt 3.9412 4.5622 20.7060
vt -19.7060 -8.4477 -7.7348
vt -18.9257 -8.4477 -7.7348
vt -18.9257 4.5622 -7.7348
vt -19.7060 4.5622 -7.7348
vt 8.7348 21.5392 -8.4477
vt 8.7348 22.3195 -8.4477
vt 3.9412 22.3195 -8.4477
vt 3.9412 21.5392 -8.4477
vt -7.7348 21.5392 6.1781
vt -2.9412 21.5392 6.1781
vt -2.9412 22.3195 6.1781
vt -7.7348 22.3195 6.1781
vt -7.7348 -8.4477 21.5392
vt -2.9412 -8.4477 21.5392
vt -2.9412 6.1781 21.5392
vt -7.7348 6.1781 21.5392
vt 21.5392 -8.4477 -2.9412
vt 22.3195 -8.4477 -2.9412
vt 22.3195 6.1781 -2.9412
vt 21.5392 6.1781 -2.9412
vt 3.9412 -8.4477 22.3195
vt 8.7348 -8.4477 22.3195
vt 8.7348 6.1781 22.3195
vt 3.9412 6.1781 22.3195
vt -21.3195 -8.4477 -7.7348
vt -20.5392 -8.4477 -7.7348
vt -20.5392 6.1781 -7.7348
vt -21.3195 6.1781 -7.7348
vt 8.7348 22.9860 -8.4477
vt 8.7348 23.7663 -8.4477
vt 3.9412 23.7663 -8.4477
vt 3.9412 22.9860 -8.4477
vt -7.7348 22.9860 8.5799
vt -2.9412 22.9860 8.5799
vt -2.9412 23.7663 8.5799
vt -7.7348 23.7663 8.5799
vt -7.7348 -8.4477 22.9860
vt -2.9412 -8.4477 22.9860
vt -2.9412 8.5799 22.9860
vt -7.7348 8.5799 22.9860
vt 22.9860 -8.4477 -2.9412
vt 23.7663 -8.4477 -2.9412
vt 23.7663 8.5799 -2.9412
vt 22.9860 8.5799 -2.9412
vt 3.9412 -8.4477 23.7663
vt 8.7348 -8.4477 23.7663
vt 8.7348 8.5799 23.7663
vt 3.9412 8.5799 23.7663
vt -22.7663 -8.4477 -7.7348
vt -21.9860 -8.4477 -7.7348
vt -21.9860 8.5799 -7.7348
vt -22.7663 8.5799 -7.7348
vt -1.9657 17.9600 -8.4477
vt -1.9657 20.1848 -8.4477
vt -4.2524 20.1848 -8.4477
vt -4.2524 17.9600 -8.4477
vt 2.9657 17.9600 3.6691
vt 5.2524 17.9600 3.6691
vt 5.2524 20.1848 3.6691
vt 2.9657 20.1848 3.6691
vt 2.9657 -8.4477 17.9600
vt 5.2524 -8.4477 17.9600
vt 5.2524 3.6691 17.9600
vt 2.9657 3.6691 17.9600
vt 17.9600 -8.4477 5.2524
vt 20.1848 -8.4477 5.2524
vt 20.1848 3.6691 5.2524
vt 17.9600 3.6691 5.2524
vt -4.2524 -8.4477 20.1848
vt -1.9657 -8.4477 20.1848
vt -1.9657 3.6691 20.1848
vt -4.2524 3.6691 20.1848
vt -19.1848 -8.4477 2.9657
vt -16.9600 -8.4477 2.9657
vt -16.9600 3.6691 2.9657
vt -19.1848 3.6691 2.9657
vt 0.4832 21.1967 -8.4477
vt 0.4832 23.4215 -8.4477
vt -1.9691 23.4215 -8.4477
vt -1.9691 21.1967 -8.4477
vt 0.5168 21.1967 6.5810
vt 2.9691 21.1967 6.5810
vt 2.9691 23.4215 6.5810
vt 0.5168 23.4215 6.5810
vt 0.5168 -8.4477 21.1967
vt 2.9691 -8.4477 21.1967
vt 2.9691 6.5810 21.1967
vt 0.5168 6.5810 21.1967
vt 21.1967 -8.4477 2.9691
vt 23.4215 -8.4477 2.9691
vt 23.4215 6.5810 2.9691
vt 21.1967 6.5810 2.9691
vt -1.9691 -8.4477 23.4215
vt 0.4832 -8.4477 23.4215
vt 0.4832 6.5810 23.4215
vt -1.9691 6.5810 23.4215
vt -22.4215 -8.4477 0.5168
vt -20.1967 -8.4477 0.5168
vt -20.1967 6.5810 0.5168
vt -22.4215 6.5810 0.5168
vt -8.9498 35.3595 -8.4477
vt -8.9498 37.0263 -8.4477
vt -13.3302 37.0263 -8.4477
vt -13.3302 35.3595 -8.4477
vt 9.9498 35.3595 -6.8953
vt 14.3302 35.3595 -6.8953
vt 14.3302 37.0263 -6.8953
vt 9.9498 37.0263 -6.8953
vt 9.9498 -8.4477 35.3595
vt 14.3302 -8.4477 35.3595
vt 14.3302 -6.8953 35.3595
vt 9.9498 -6.8953 35.3595
vt 35.3595 -8.4477 14.3302
vt 37.0263 -8.4477 14.3302
vt 37.0263 -6.8953 14.3302
vt 35.3595 -6.8953 14.3302
vt -13.3302 -8.4477 37.0263
vt -8.9498 -8.4477 37.0263
vt -8.9498 -6.8953 37.0263
vt -13.3302 -6.8953 37.0263
vt -36.0263 -8.4477 9.9498
vt -34.3595 -8.4477 9.9498
vt -34.3595 -6.8953 9.9498
vt -36.0263 -6.8953 9.9498
vt -8.9498 35.3595 -0.1007
vt -8.9498 37.0263 -0.1007
vt -13.3302 37.0263 -0.1007
vt -13.3302 35.3595 -0.1007
vt 9.9498 35.3595 1.4517
vt 14.3302 35.3595 1.4517
vt 14.3302 37.0263 1.4517
vt 9.9498 37.0263 1.4517
vt 9.9498 -0.1007 35.3595
vt 14.3302 -0.1007 35.3595
vt 14.3302 1.4517 35.3595
vt 9.9498 1.4517 35.3595
vt 35.3595 -0.1007 14.3302
vt 37.0263 -0.1007 14.3302
vt 37.0263 1.4517 14.3302
vt 35.3595 1.4517 14.3302
vt -13.3302 -0.1007 37.0263
vt -8.9498 -0.1007 37.0263
vt -8.9498 1.4517 37.0263
vt -13.3302 1.4517 37.0263
vt -36.0263 -0.1007 9.9498
vt -34.3595 -0.1007 9.9498
vt -34.3595 1.4517 9.9498
vt -36.0263 1.4517 9.9498
vt -8.9498 35.3595 -2.6640
vt -8.9498 37.0263 -2.6640
vt -13.3302 37.0263 -2.6640
vt -13.3302 35.3595 -2.6640
vt 9.9498 35.3595 -1.1116
vt 14.3302 35.3595 -1.1116
vt 14.3302 37.0263 -1.1116
vt 9.9498 37.0263 -1.1116
vt 9.9498 -2.6640 35.3595
vt 14.3302 -2.6640 35.3595
vt 14.3302 -1.1116 35.3595
vt 9.9498 -1.1116 35.3595
vt 35.3595 -2.6640 14.3302
vt 37.0263 -2.6640 14.3302
vt 37.0263 -1.1116 14.3302
vt 35.3595 -1.1116 14.3302
vt -13.3302 -2.6640 37.0263
vt -8.9498 -2.6640 37.0263
vt -8.9498 -1.1116 37.0263
vt -13.3302 -1.1116 37.0263
vt -36.0263 -2.6640 9.9498
vt -34.3595 -2.6640 9.9498
vt -34.3595 -1.1116 9.9498
vt -36.0263 -1.1116 9.9498
vt -8.9498 35.3595 -5.6495
vt -8.9498 37.0263 -5.6495
vt -13.3302 37.0263 -5.6495
vt -13.3302 35.3595 -5.6495
vt 9.9498 35.3595 -4.0971
vt 14.3302 35.3595 -4.0971
vt 14.3302 37.0263 -4.0971
vt 9.9498 37.0263 -4.0971
vt 9.9498 -5.6495 35.3595
vt 14.3302 -5.6495 35.3595
vt 14.3302 -4.0971 35.3595
vt 9.9498 -4.0971 35.3595
vt 35.3595 -5.6495 14.3302
vt 37.0263 -5.6495 14.3302
vt 37.0263 -4.0971 14.3302
vt 35.3595 -4.0971 14.3302
vt -13.3302 -5.6495 37.0263
vt -8.9498 -5.6495 37.0263
vt -8.9498 -4.0971 37.0263
vt -13.3302 -4.0971 37.0263
vt -36.0263 -5.6495 9.9498
vt -34.3595 -5.6495 9.9498
vt -34.3595 -4.0971 9.9498
vt -36.0263 -4.0971 9.9498
vt -10.6479 19.6353 -8.4477
vt -10.6479 22.5504 -8.4477
vt -15.0284 22.5504 -8.4477
vt -15.0284 19.6353 -8.4477
vt 11.6479 19.6353 -5.2759
vt 16.0284 19.6353 -5.2759
vt 16.0284 22.5504 -5.2759
vt 11.6479 22.5504 -5.2759
vt 11.6479 -8.4477 19.6353
vt 16.0284 -8.4477 19.6353
vt 16.0284 -5.2759 19.6353
vt 11.6479 -5.2759 19.6353
vt 19.6353 -8.4477 16.0284
vt 22.5504 -8.4477 16.0284
vt 22.5504 -5.2759 16.0284
vt 19.6353 -5.2759 16.0284
vt -15.0284 -8.4477 22.5504
vt -10.6479 -8.4477 22.5504
vt -10.6479 -5.2759 22.5504
vt -15.0284 -5.2759 22.5504
vt -21.5504 -8.4477 11.6479
vt -18.6353 -8.4477 11.6479
vt -18.6353 -5.2759 11.6479
vt -21.5504 -5.2759 11.6479
vt -11.0888 19.8142 -7.5644
vt -11.0888 22.3715 -7.5644
vt -14.5875 22.3715 -7.5644
vt -14.5875 19.8142 -7.5644
vt 12.0888 19.8142 -0.5227
vt 15.5875 19.8142 -0.5227
vt 15.5875 22.3715 -0.5227
vt 12.0888 22.3715 -0.5227
vt 12.0888 -7.5644 19.8142
vt 15.5875 -7.5644 19.8142
vt 15.5875 -0.5227 19.8142
vt 12.0888 -0.5227 19.8142
vt 19.8142 -7.5644 15.5875
vt 22.3715 -7.5644 15.5875
vt 22.3715 -0.5227 15.5875
vt 19.8142 -0.5227 15.5875
vt -14.5875 -7.5644 22.3715
vt -11.0888 -7.5644 22.3715
vt -11.0888 -0.5227 22.3715
vt -14.5875 -0.5227 22.3715
vt -21.3715 -7.5644 12.0888
vt -18.8142 -7.5644 12.0888
vt -18.8142 -0.5227 12.0888
vt -21.3715 -0.5227 12.0888
vt 7.7199 34.3455 -8.4477
vt 7.7199 37.2605 -8.4477
vt 4.5985 37.2605 -8.4477
vt 4.5985 34.3455 -8.4477
vt -6.7199 34.3455 7.3303
vt -3.5985 34.3455 7.3303
vt -3.5985 37.2605 7.3303
vt -6.7199 37.2605 7.3303
vt -6.7199 -8.4477 34.3455
vt -3.5985 -8.4477 34.3455
vt -3.5985 7.3303 34.3455
vt -6.7199 7.3303 34.3455
vt 34.3455 -8.4477 -3.5985
vt 37.2605 -8.4477 -3.5985
vt 37.2605 7.3303 -3.5985
vt 34.3455 7.3303 -3.5985
vt 4.5985 -8.4477 37.2605
vt 7.7199 -8.4477 37.2605
vt 7.7199 7.3303 37.2605
vt 4.5985 7.3303 37.2605
vt -36.2605 -8.4477 -6.7199
vt -33.3455 -8.4477 -6.7199
vt -33.3455 7.3303 -6.7199
vt -36.2605 7.3303 -6.7199
vt 9.7385 8.6715 -8.4477
vt 9.7385 14.4675 -8.4477
vt 7.2862 14.4675 -8.4477
vt 7.2862 8.6715 -8.4477
vt -8.7385 8.6715 7.5081
vt -6.2862 8.6715 7.5081
vt -6.2862 14.4675 7.5081
vt -8.7385 14.4675 7.5081
vt -8.7385 -8.4477 8.6715
vt -6.2862 -8.4477 8.6715
vt -6.2862 7.5081 8.6715
vt -8.7385 7.5081 8.6715
vt 8.6715 -8.4477 -6.2862
vt 14.4675 -8.4477 -6.2862
vt 14.4675 7.5081 -6.2862
vt 8.6715 7.5081 -6.2862
vt 7.2862 -8.4477 14.4675
vt 9.7385 -8.4477 14.4675
vt 9.7385 7.5081 14.4675
vt 7.2862 7.5081 14.4675
vt -13.4675 -8.4477 -8.7385
vt -7.6715 -8.4477 -8.7385
vt -7.6715 7.5081 -8.7385
vt -13.4675 7.5081 -8.7385
vt 7.5245 9.8273 -8.4477
vt 7.5245 13.3117 -8.4477
vt 5.0722 13.3117 -8.4477
vt 5.0722 9.8273 -8.4477
vt -6.5245 9.8273 4.9609
vt -4.0722 9.8273 4.9609
vt -4.0722 13.3117 4.9609
vt -6.5245 13.3117 4.9609
vt -6.5245 -8.4477 9.8273
vt -4.0722 -8.4477 9.8273
vt -4.0722 4.9609 9.8273
vt -6.5245 4.9609 9.8273
vt 9.8273 -8.4477 -4.0722
vt 13.3117 -8.4477 -4.0722
vt 13.3117 4.9609 -4.0722
vt 9.8273 4.9609 -4.0722
vt 5.0722 -8.4477 13.3117
vt 7.5245 -8.4477 13.3117
vt 7.5245 4.9609 13.3117
vt 5.0722 4.9609 13.3117
vt -12.3117 -8.4477 -6.5245
vt -8.8273 -8.4477 -6.5245
vt -8.8273 4.9609 -6.5245
vt -12.3117 4.9609 -6.5245
vt 4.8509 7.8468 -8.4477
vt 4.8509 15.9587 -8.4477
vt 2.4765 15.9587 -8.4477
vt 2.4765 7.8468 -8.4477
vt -3.8509 7.8468 -3.9177
vt -1.4765 7.8468 -3.9177
vt -1.4765 15.9587 -3.9177
vt -3.8509 15.9587 -3.9177
vt -3.8509 -8.4477 7.8468
vt -1.4765 -8.4477 7.8468
vt -1.4765 -3.9177 7.8468
vt -3.8509 -3.9177 7.8468
vt 7.8468 -8.4477 -1.4765
vt 15.9587 -8.4477 -1.4765
vt 15.9587 -3.9177 -1.4765
vt 7.8468 -3.9177 -1.4765
vt 2.4765 -8.4477 15.9587
vt 4.8509 -8.4477 15.9587
vt 4.8509 -3.9177 15.9587
vt 2.4765 -3.9177 15.9587
vt -14.9587 -8.4477 -3.8509
vt -6.8468 -8.4477 -3.8509
vt -6.8468 -3.9177 -3.8509
vt -14.9587 -3.9177 -3.8509
vt 5.4796 0.5000 -8.4477
vt 5.4796 8.6794 -8.4477
vt 2.9600 8.6794 -8.4477
vt 2.9600 0.5000 -8.4477
vt -4.4796 0.5000 -2.3560
vt -1.9600 0.5000 -2.3560
vt -1.9600 8.6794 -2.3560
vt -4.4796 8.6794 -2.3560
vt -4.4796 -8.4477 0.5000
vt -1.9600 -8.4477 0.5000
vt -1.9600 -2.3560 0.5000
vt -4.4796 -2.3560 0.5000
vt 0.5000 -8.4477 -1.9600
vt 8.6794 -8.4477 -1.9600
vt 8.6794 -2.3560 -1.9600
vt 0.5000 -2.3560 -1.9600
vt 2.9600 -8.4477 8.6794
vt 5.4796 -8.4477 8.6794
vt 5.4796 -2.3560 8.6794
vt 2.9600 -2.3560 8.6794
vt -7.6794 -8.4477 -4.4796
vt 0.5000 -8.4477 -4.4796
vt 0.5000 -2.3560 -4.4796
vt -7.6794 -2.3560 -4.4796
vt 6.4140 -2.3447 -8.4477
vt 6.4140 6.7670 -8.4477
vt 5.0066 6.7670 -8.4477
vt 5.0066 -2.3447 -8.4477
vt -5.4140 -2.3447 2.2181
vt -4.0066 -2.3447 2.2181
vt -4.0066 6.7670 2.2181
vt -5.4140 6.7670 2.2181
vt -5.4140 -8.4477 -2.3447
vt -4.0066 -8.4477 -2.3447
vt -4.0066 2.2181 -2.3447
vt -5.4140 2.2181 -2.3447
vt -2.3447 -8.4477 -4.0066
vt 6.7670 -8.4477 -4.0066
vt 6.7670 2.2181 -4.0066
vt -2.3447 2.2181 -4.0066
vt 5.0066 -8.4477 6.7670
vt 6.4140 -8.4477 6.7670
vt 6.4140 2.2181 6.7670
vt 5.0066 2.2181 6.7670
vt -5.7670 -8.4477 -5.4140
vt 3.3447 -8.4477 -5.4140
vt 3.3447 2.2181 -5.4140
vt -5.7670 2.2181 -5.4140
vt 9.6266 0.5000 -8.4477
vt 9.6266 7.3317 -8.4477
vt 9.1118 7.3317 -8.4477
vt 9.1118 0.5000 -8.4477
vt -8.6266 0.5000 -2.3560
vt -8.1118 0.5000 -2.3560
vt -8.1118 7.3317 -2.3560
vt -8.6266 7.3317 -2.3560
vt -8.6266 -8.4477 0.5000
vt -8.1118 -8.4477 0.5000
vt -8.1118 -2.3560 0.5000
vt -8.6266 -2.3560 0.5000
vt 0.5000 -8.4477 -8.1118
vt 7.3317 -8.4477 -8.1118
vt 7.3317 -2.3560 -8.1118
vt 0.5000 -2.3560 -8.1118
vt 9.1118 -8.4477 7.3317
vt 9.6266 -8.4477 7.3317
vt 9.6266 -2.3560 7.3317
vt 9.1118 -2.3560 7.3317
vt -6.3317 -8.4477 -8.6266
vt 0.5000 -8.4477 -8.6266
vt 0.5000 -2.3560 -8.6266
vt -6.3317 -2.3560 -8.6266
vt 9.8656 5.6799 -8.4477
vt 3.3025 5.6799 -8.4477
vt 3.3025 2.7366 -8.4477
vt 9.8656 2.7367 -8.4477
vt -8.8656 5.6799 4.3049
vt -8.8656 2.7367 4.3049
vt -2.3025 2.7366 4.3049
vt -2.3025 5.6799 4.3049
vt -4.6799 -8.4477 -8.8656
vt -1.7367 -8.4477 -8.8656
vt -1.7367 4.3049 -8.8656
vt -4.6799 4.3049 -8.8656
vt -8.8656 -8.4477 2.7367
vt -2.3025 -8.4477 2.7366
vt -2.3025 4.3049 2.7366
vt -8.8656 4.3049 2.7367
vt 2.7366 -8.4477 -2.3025
vt 5.6799 -8.4477 -2.3025
vt 5.6799 4.3049 -2.3025
vt 2.7366 4.3049 -2.3025
vt 3.3025 -8.4477 5.6799
vt 9.8656 -8.4477 5.6799
vt 9.8656 4.3049 5.6799
vt 3.3025 4.3049 5.6799
vt 12.9628 7.4898 -8.4477
vt 12.9628 0.9267 -8.4477
vt 15.9061 0.9267 -8.4477
vt 15.9061 7.4898 -8.4477
vt -11.9628 7.4898 8.9646
vt -14.9061 7.4898 8.9646
vt -14.9061 0.9267 8.9646
vt -11.9628 0.9267 8.9646
vt 12.9628 -8.4477 7.4898
vt 15.9061 -8.4477 7.4898
vt 15.9061 8.9646 7.4898
vt 12.9628 8.9646 7.4898
vt -6.4898 -8.4477 -14.9061
vt 0.0733 -8.4477 -14.9061
vt 0.0733 8.9646 -14.9061
vt -6.4898 8.9646 -14.9061
vt -14.9061 -8.4477 0.9267
vt -11.9628 -8.4477 0.9267
vt -11.9628 8.9646 0.9267
vt -14.9061 8.9646 0.9267
vt 0.9267 -8.4477 -11.9628
vt 7.4898 -8.4477 -11.9628
vt 7.4898 8.9646 -11.9628
vt 0.9267 8.9646 -11.9628
vt 12.2665 15.0271 -8.4477
vt 12.2665 8.4641 -8.4477
vt 17.5534 8.4641 -8.4477
vt 17.5534 15.0271 -8.4477
vt -11.2665 15.0271 -0.4517
vt -16.5534 15.0271 -0.4517
vt -16.5534 8.4641 -0.4517
vt -11.2665 8.4641 -0.4517
vt 12.2665 -8.4477 15.0271
vt 17.5534 -8.4477 15.0271
vt 17.5534 -0.4517 15.0271
vt 12.2665 -0.4517 15.0271
vt -14.0271 -8.4477 -16.5534
vt -7.4641 -8.4477 -16.5534
vt -7.4641 -0.4517 -16.5534
vt -14.0271 -0.4517 -16.5534
vt -16.5534 -8.4477 8.4641
vt -11.2665 -8.4477 8.4641
vt -11.2665 -0.4517 8.4641
vt -16.5534 -0.4517 8.4641
vt 8.4641 -8.4477 -11.2665
vt 15.0271 -8.4477 -11.2665
vt 15.0271 -0.4517 -11.2665
vt 8.4641 -0.4517 -11.2665
vt 12.2665 23.7001 -8.4477
vt 12.2665 17.9414 -8.4477
vt 13.5009 17.9414 -8.4477
vt 13.5009 23.7001 -8.4477
vt -11.2665 23.7001 -4.5816
vt -12.5009 23.7001 -4.5816
vt -12.5009 17.9414 -4.5816
vt -11.2665 17.9414 -4.5816
vt 12.2665 -8.4477 23.7001
vt 13.5009 -8.4477 23.7001
vt 13.5009 -4.5816 23.7001
vt 12.2665 -4.5816 23.7001
vt -22.7001 -8.4477 -12.5009
vt -16.9414 -8.4477 -12.5009
vt -16.9414 -4.5816 -12.5009
vt -22.7001 -4.5816 -12.5009
vt -12.5009 -8.4477 17.9414
vt -11.2665 -8.4477 17.9414
vt -11.2665 -4.5816 17.9414
vt -12.5009 -4.5816 17.9414
vt 17.9414 -8.4477 -11.2665
vt 23.7001 -8.4477 -11.2665
vt 23.7001 -4.5816 -11.2665
vt 17.9414 -4.5816 -11.2665
vt 14.0373 23.7001 -8.4477
vt 14.0373 17.9414 -8.4477
vt 15.2718 17.9414 -8.4477
vt 15.2718 23.7001 -8.4477
vt -13.0373 23.7001 -0.1890
vt -14.2718 23.7001 -0.1890
vt -14.2718 17.9414 -0.1890
vt -13.0373 17.9414 -0.1890
vt 14.0373 -8.4477 23.7001
vt 15.2718 -8.4477 23.7001
vt 15.2718 -0.1890 23.7001
vt 14.0373 -0.1890 23.7001
vt -22.7001 -8.4477 -14.2718
vt -16.9414 -8.4477 -14.2718
vt -16.9414 -0.1890 -14.2718
vt -22.7001 -0.1890 -14.2718
vt -14.2718 -8.4477 17.9414
vt -13.0373 -8.4477 17.9414
vt -13.0373 -0.1890 17.9414
vt -14.2718 -0.1890 17.9414
vt 17.9414 -8.4477 -13.0373
vt 23.7001 -8.4477 -13.0373
vt 23.7001 -0.1890 -13.0373
vt 17.9414 -0.1890 -13.0373
vt 15.8137 23.7001 -8.4477
vt 15.8137 17.9414 -8.4477
vt 17.0481 17.9414 -8.4477
vt 17.0481 23.7001 -8.4477
vt -14.8137 23.7001 4.5448
vt -16.0481 23.7001 4.5448
vt -16.0481 17.9414 4.5448
vt -14.8137 17.9414 4.5448
vt 15.8137 -8.4477 23.7001
vt 17.0481 -8.4477 23.7001
vt 17.0481 4.5448 23.7001
vt 15.8137 4.5448 23.7001
vt -22.7001 -8.4477 -16.0481
vt -16.9414 -8.4477 -16.0481
vt -16.9414 4.5448 -16.0481
vt -22.7001 4.5448 -16.0481
vt -16.0481 -8.4477 17.9414
vt -14.8137 -8.4477 17.9414
vt -14.8137 4.5448 17.9414
vt -16.0481 4.5448 17.9414
vt 17.9414 -8.4477 -14.8137
vt 23.7001 -8.4477 -14.8137
vt 23.7001 4.5448 -14.8137
vt 17.9414 4.5448 -14.8137
vt 15.9481 29.1646 -8.4477
vt 15.9481 32.2724 -8.4477
vt 12.3821 32.2724 -8.4477
vt 12.3821 29.1646 -8.4477
vt -14.9481 29.1646 -6.6312
vt -11.3821 29.1646 -6.6312
vt -11.3821 32.2724 -6.6312
vt -14.9481 32.2724 -6.6312
vt -14.9481 -8.4477 29.1646
vt -11.3821 -8.4477 29.1646
vt -11.3821 -6.6312 29.1646
vt -14.9481 -6.6312 29.1646
vt 29.1646 -8.4477 -11.3821
vt 32.2724 -8.4477 -11.3821
vt 32.2724 -6.6312 -11.3821
vt 29.1646 -6.6312 -11.3821
vt 12.3821 -8.4477 32.2724
vt 15.9481 -8.4477 32.2724
vt 15.9481 -6.6312 32.2724
vt 12.3821 -6.6312 32.2724
vt -31.2724 -8.4477 -14.9481
vt -28.1646 -8.4477 -14.9481
vt -28.1646 -6.6312 -14.9481
vt -31.2724 -6.6312 -14.9481
vt 13.4053 27.8827 -8.4477
vt 13.4053 28.8926 -8.4477
vt 12.3366 28.8926 -8.4477
vt 12.3366 27.8827 -8.4477
vt -12.4053 27.8827 -6.6312
vt -11.3366 27.8827 -6.6312
vt -11.3366 28.8926 -6.6312
vt -12.4053 28.8926 -6.6312
vt -12.4053 -8.4477 27.8827
vt -11.3366 -8.4477 27.8827
vt -11.3366 -6.6312 27.8827
vt -12.4053 -6.6312 27.8827
vt 27.8827 -8.4477 -11.3366
vt 28.8926 -8.4477 -11.3366
vt 28.8926 -6.6312 -11.3366
vt 27.8827 -6.6312 -11.3366
vt 12.3366 -8.4477 28.8926
vt 13.4053 -8.4477 28.8926
vt 13.4053 -6.6312 28.8926
vt 12.3366 -6.6312 28.8926
vt -27.8926 -8.4477 -12.4053
vt -26.8827 -8.4477 -12.4053
vt -26.8827 -6.6312 -12.4053
vt -27.8926 -6.6312 -12.4053
vt 13.4053 26.2875 -8.4477
vt 13.4053 27.2974 -8.4477
vt 12.3366 27.2974 -8.4477
vt 12.3366 26.2875 -8.4477
vt -12.4053 26.2875 -6.6312
vt -11.3366 26.2875 -6.6312
vt -11.3366 27.2974 -6.6312
vt -12.4053 27.2974 -6.6312
vt -12.4053 -8.4477 26.2875
vt -11.3366 -8.4477 26.2875
vt -11.3366 -6.6312 26.2875
vt -12.4053 -6.6312 26.2875
vt 26.2875 -8.4477 -11.3366
vt 27.2974 -8.4477 -11.3366
vt 27.2974 -6.6312 -11.3366
vt 26.2875 -6.6312 -11.3366
vt 12.3366 -8.4477 27.2974
vt 13.4053 -8.4477 27.2974
vt 13.4053 -6.6312 27.2974
vt 12.3366 -6.6312 27.2974
vt -26.2974 -8.4477 -12.4053
vt -25.2875 -8.4477 -12.4053
vt -25.2875 -6.6312 -12.4053
vt -26.2974 -6.6312 -12.4053
vt 14.9560 27.8827 -8.4477
vt 14.9560 28.8926 -8.4477
vt 13.8873 28.8926 -8.4477
vt 13.8873 27.8827 -8.4477
vt -13.9560 27.8827 -6.6312
vt -12.8873 27.8827 -6.6312
vt -12.8873 28.8926 -6.6312
vt -13.9560 28.8926 -6.6312
vt -13.9560 -8.4477 27.8827
vt -12.8873 -8.4477 27.8827
vt -12.8873 -6.6312 27.8827
vt -13.9560 -6.6312 27.8827
vt 27.8827 -8.4477 -12.8873
vt 28.8926 -8.4477 -12.8873
vt 28.8926 -6.6312 -12.8873
vt 27.8827 -6.6312 -12.8873
vt 13.8873 -8.4477 28.8926
vt 14.9560 -8.4477 28.8926
vt 14.9560 -6.6312 28.8926
vt 13.8873 -6.6312 28.8926
vt -27.8926 -8.4477 -13.9560
vt -26.8827 -8.4477 -13.9560
vt -26.8827 -6.6312 -13.9560
vt -27.8926 -6.6312 -13.9560
vt 14.9560 26.2875 -8.4477
vt 14.9560 27.2974 -8.4477
vt 13.8873 27.2974 -8.4477
vt 13.8873 26.2875 -8.4477
vt -13.9560 26.2875 -6.6312
vt -12.8873 26.2875 -6.6312
vt -12.8873 27.2974 -6.6312
vt -13.9560 27.2974 -6.6312
vt -13.9560 -8.4477 26.2875
vt -12.8873 -8.4477 26.2875
vt -12.8873 -6.6312 26.2875
vt -13.9560 -6.6312 26.2875
vt 26.2875 -8.4477 -12.8873
vt 27.2974 -8.4477 -12.8873
vt 27.2974 -6.6312 -12.8873
vt 26.2875 -6.6312 -12.8873
vt 13.8873 -8.4477 27.2974
vt 14.9560 -8.4477 27.2974
vt 14.9560 -6.6312 27.2974
vt 13.8873 -6.6312 27.2974
vt -26.2974 -8.4477 -13.9560
vt -25.2875 -8.4477 -13.9560
vt -25.2875 -6.6312 -13.9560
vt -26.2974 -6.6312 -13.9560
vt 16.7848 27.8827 -8.4477
vt 16.7848 28.8926 -8.4477
vt 15.7160 28.8926 -8.4477
vt 15.7160 27.8827 -8.4477
vt -15.7848 27.8827 -6.6312
vt -14.7160 27.8827 -6.6312
vt -14.7160 28.8926 -6.6312
vt -15.7848 28.8926 -6.6312
vt -15.7848 -8.4477 27.8827
vt -14.7160 -8.4477 27.8827
vt -14.7160 -6.6312 27.8827
vt -15.7848 -6.6312 27.8827
vt 27.8827 -8.4477 -14.7160
vt 28.8926 -8.4477 -14.7160
vt 28.8926 -6.6312 -14.7160
vt 27.8827 -6.6312 -14.7160
vt 15.7160 -8.4477 28.8926
vt 16.7848 -8.4477 28.8926
vt 16.7848 -6.6312 28.8926
vt 15.7160 -6.6312 28.8926
vt -27.8926 -8.4477 -15.7848
vt -26.8827 -8.4477 -15.7848
vt -26.8827 -6.6312 -15.7848
vt -27.8926 -6.6312 -15.7848
vt 16.7848 26.2875 -8.4477
vt 16.7848 27.2974 -8.4477
vt 15.7160 27.2974 -8.4477
vt 15.7160 26.2875 -8.4477
vt -15.7848 26.2875 -6.6312
vt -14.7160 26.2875 -6.6312
vt -14.7160 27.2974 -6.6312
vt -15.7848 27.2974 -6.6312
vt -15.7848 -8.4477 26.2875
vt -14.7160 -8.4477 26.2875
vt -14.7160 -6.6312 26.2875
vt -15.7848 -6.6312 26.2875
vt 26.2875 -8.4477 -14.7160
vt 27.2974 -8.4477 -14.7160
vt 27.2974 -6.6312 -14.7160
vt 26.2875 -6.6312 -14.7160
vt 15.7160 -8.4477 27.2974
vt 16.7848 -8.4477 27.2974
vt 16.7848 -6.6312 27.2974
vt 15.7160 -6.6312 27.2974
vt -26.2974 -8.4477 -15.7848
vt -25.2875 -8.4477 -15.7848
vt -25.2875 -6.6312 -15.7848
vt -26.2974 -6.6312 -15.7848
vt 14.1142 34.2921 -8.4477
vt 14.1142 35.9006 -8.4477
vt 12.3821 35.9006 -8.4477
vt 12.3821 34.2921 -8.4477
vt -13.1142 34.2921 -2.9490
vt -11.3821 34.2921 -2.9490
vt -11.3821 35.9006 -2.9490
vt -13.1142 35.9006 -2.9490
vt -13.1142 -8.4477 34.2921
vt -11.3821 -8.4477 34.2921
vt -11.3821 -2.9490 34.2921
vt -13.1142 -2.9490 34.2921
vt 34.2921 -8.4477 -11.3821
vt 35.9006 -8.4477 -11.3821
vt 35.9006 -2.9490 -11.3821
vt 34.2921 -2.9490 -11.3821
vt 12.3821 -8.4477 35.9006
vt 14.1142 -8.4477 35.9006
vt 14.1142 -2.9490 35.9006
vt 12.3821 -2.9490 35.9006
vt -34.9006 -8.4477 -13.1142
vt -33.2921 -8.4477 -13.1142
vt -33.2921 -2.9490 -13.1142
vt -34.9006 -2.9490 -13.1142
vt 17.0287 34.2921 -8.4477
vt 17.0287 35.9006 -8.4477
vt 15.2967 35.9006 -8.4477
vt 15.2967 34.2921 -8.4477
vt -16.0287 34.2921 0.3246
vt -14.2967 34.2921 0.3246
vt -14.2967 35.9006 0.3246
vt -16.0287 35.9006 0.3246
vt -16.0287 -8.4477 34.2921
vt -14.2967 -8.4477 34.2921
vt -14.2967 0.3246 34.2921
vt -16.0287 0.3246 34.2921
vt 34.2921 -8.4477 -14.2967
vt 35.9006 -8.4477 -14.2967
vt 35.9006 0.3246 -14.2967
vt 34.2921 0.3246 -14.2967
vt 15.2967 -8.4477 35.9006
vt 17.0287 -8.4477 35.9006
vt 17.0287 0.3246 35.9006
vt 15.2967 0.3246 35.9006
vt -34.9006 -8.4477 -16.0287
vt -33.2921 -8.4477 -16.0287
vt -33.2921 0.3246 -16.0287
vt -34.9006 0.3246 -16.0287
vt 15.7850 35.2321 -8.4477
vt 15.7850 37.3605 -8.4477
vt 13.0510 37.3605 -8.4477
vt 13.0510 35.2321 -8.4477
vt -14.7850 35.2321 -5.5634
vt -12.0510 35.2321 -5.5634
vt -12.0510 37.3605 -5.5634
vt -14.7850 37.3605 -5.5634
vt -14.7850 -8.4477 35.2321
vt -12.0510 -8.4477 35.2321
vt -12.0510 -5.5634 35.2321
vt -14.7850 -5.5634 35.2321
vt 35.2321 -8.4477 -12.0510
vt 37.3605 -8.4477 -12.0510
vt 37.3605 -5.5634 -12.0510
vt 35.2321 -5.5634 -12.0510
vt 13.0510 -8.4477 37.3605
vt 15.7850 -8.4477 37.3605
vt 15.7850 -5.5634 37.3605
vt 13.0510 -5.5634 37.3605
vt -36.3605 -8.4477 -14.7850
vt -34.2321 -8.4477 -14.7850
vt -34.2321 -5.5634 -14.7850
vt -36.3605 -5.5634 -14.7850
vt 14.3699 -0.4849 -8.4477
vt 14.3699 -4.4400 -8.4477
vt 17.3132 -4.4400 -8.4477
vt 17.3132 -0.4849 -8.4477
vt -13.3699 -0.4849 4.5662
vt -16.3132 -0.4849 4.5662
vt -16.3132 -4.4400 4.5662
vt -13.3699 -4.4400 4.5662
vt 14.3699 -8.4477 -0.4849
vt 17.3132 -8.4477 -0.4849
vt 17.3132 4.5662 -0.4849
vt 14.3699 4.5662 -0.4849
vt 1.4849 -8.4477 -16.3132
vt 5.4400 -8.4477 -16.3132
vt 5.4400 4.5662 -16.3132
vt 1.4849 4.5662 -16.3132
vt -16.3132 -8.4477 -4.4400
vt -13.3699 -8.4477 -4.4400
vt -13.3699 4.5662 -4.4400
vt -16.3132 4.5662 -4.4400
vt -4.4400 -8.4477 -13.3699
vt -0.4849 -8.4477 -13.3699
vt -0.4849 4.5662 -13.3699
vt -4.4400 4.5662 -13.3699
vt 12.2665 -2.6214 -8.4477
vt 12.2665 -9.1845 -8.4477
vt 17.5534 -9.1845 -8.4477
vt 17.5534 -2.6214 -8.4477
vt -11.2665 -2.6214 -0.4517
vt -16.5534 -2.6214 -0.4517
vt -16.5534 -9.1845 -0.4517
vt -11.2665 -9.1845 -0.4517
vt 12.2665 -8.4477 -2.6214
vt 17.5534 -8.4477 -2.6214
vt 17.5534 -0.4517 -2.6214
vt 12.2665 -0.4517 -2.6214
vt 3.6214 -8.4477 -16.5534
vt 10.1845 -8.4477 -16.5534
vt 10.1845 -0.4517 -16.5534
vt 3.6214 -0.4517 -16.5534
vt -16.5534 -8.4477 -9.1845
vt -11.2665 -8.4477 -9.1845
vt -11.2665 -0.4517 -9.1845
vt -16.5534 -0.4517 -9.1845
vt -9.1845 -8.4477 -11.2665
vt -2.6214 -8.4477 -11.2665
vt -2.6214 -0.4517 -11.2665
vt -9.1845 -0.4517 -11.2665
vt 9.8656 -1.4028 -8.4477
vt 3.3025 -1.4028 -8.4477
vt 3.3025 -4.3460 -8.4477
vt 9.8656 -4.3460 -8.4477
vt -8.8656 -1.4028 4.3049
vt -8.8656 -4.3460 4.3049
vt -2.3025 -4.3460 4.3049
vt -2.3025 -1.4028 4.3049
vt 2.4028 -8.4477 -8.8656
vt 5.3460 -8.4477 -8.8656
vt 5.3460 4.3049 -8.8656
vt 2.4028 4.3049 -8.8656
vt -8.8656 -8.4477 -4.3460
vt -2.3025 -8.4477 -4.3460
vt -2.3025 4.3049 -4.3460
vt -8.8656 4.3049 -4.3460
vt -4.3460 -8.4477 -2.3025
vt -1.4028 -8.4477 -2.3025
vt -1.4028 4.3049 -2.3025
vt -4.3460 4.3049 -2.3025
vt 3.3025 -8.4477 -1.4028
vt 9.8656 -8.4477 -1.4028
vt 9.8656 4.3049 -1.4028
vt 3.3025 4.3049 -1.4028
vt 7.8807 -3.3498 -8.4477
vt 7.8807 -9.9128 -8.4477
vt 9.2103 -9.9128 -8.4477
vt 9.2103 -3.3498 -8.4477
vt -6.8807 -3.3498 7.5695
vt -8.2103 -3.3498 7.5695
vt -8.2103 -9.9128 7.5695
vt -6.8807 -9.9128 7.5695
vt 7.8807 -8.4477 -3.3498
vt 9.2103 -8.4477 -3.3498
vt 9.2103 7.5695 -3.3498
vt 7.8807 7.5695 -3.3498
vt 4.3498 -8.4477 -8.2103
vt 10.9128 -8.4477 -8.2103
vt 10.9128 7.5695 -8.2103
vt 4.3498 7.5695 -8.2103
vt -8.2103 -8.4477 -9.9128
vt -6.8807 -8.4477 -9.9128
vt -6.8807 7.5695 -9.9128
vt -8.2103 7.5695 -9.9128
vt -9.9128 -8.4477 -6.8807
vt -3.3498 -8.4477 -6.8807
vt -3.3498 7.5695 -6.8807
vt -9.9128 7.5695 -6.8807
vt 4.2489 -3.3498 -8.4477
vt 4.2489 -9.9128 -8.4477
vt 5.7679 -9.9128 -8.4477
vt 5.7679 -3.3498 -8.4477
vt -3.2489 -3.3498 7.5695
vt -4.7679 -3.3498 7.5695
vt -4.7679 -9.9128 7.5695
vt -3.2489 -9.9128 7.5695
vt 4.2489 -8.4477 -3.3498
vt 5.7679 -8.4477 -3.3498
vt 5.7679 7.5695 -3.3498
vt 4.2489 7.5695 -3.3498
vt 4.3498 -8.4477 -4.7679
vt 10.9128 -8.4477 -4.7679
vt 10.9128 7.5695 -4.7679
vt 4.3498 7.5695 -4.7679
vt -4.7679 -8.4477 -9.9128
vt -3.2489 -8.4477 -9.9128
vt -3.2489 7.5695 -9.9128
vt -4.7679 7.5695 -9.9128
vt -9.9128 -8.4477 -3.2489
vt -3.3498 -8.4477 -3.2489
vt -3.3498 7.5695 -3.2489
vt -9.9128 7.5695 -3.2489
vt 12.2665 -12.2940 -8.4477
vt 12.2665 -14.8232 -8.4477
vt 15.2967 -14.8232 -8.4477
vt 15.2967 -12.2940 -8.4477
vt -11.2665 -12.2940 1.7622
vt -14.2967 -12.2940 1.7622
vt -14.2967 -14.8232 1.7622
vt -11.2665 -14.8232 1.7622
vt 12.2665 -8.4477 -12.2940
vt 15.2967 -8.4477 -12.2940
vt 15.2967 1.7622 -12.2940
vt 12.2665 1.7622 -12.2940
vt 13.2940 -8.4477 -14.2967
vt 15.8232 -8.4477 -14.2967
vt 15.8232 1.7622 -14.2967
vt 13.2940 1.7622 -14.2967
vt -14.2967 -8.4477 -14.8232
vt -11.2665 -8.4477 -14.8232
vt -11.2665 1.7622 -14.8232
vt -14.2967 1.7622 -14.8232
vt -14.8232 -8.4477 -11.2665
vt -12.2940 -8.4477 -11.2665
vt -12.2940 1.7622 -11.2665
vt -14.8232 1.7622 -11.2665
vt 8.0968 -8.2625 -8.4477
vt 8.0968 -14.8255 -8.4477
vt 9.0433 -14.8255 -8.4477
vt 9.0433 -8.2625 -8.4477
vt -7.0968 -8.2625 3.6238
vt -8.0433 -8.2625 3.6238
vt -8.0433 -14.8255 3.6238
vt -7.0968 -14.8255 3.6238
vt 8.0968 -8.4477 -8.2625
vt 9.0433 -8.4477 -8.2625
vt 9.0433 3.6238 -8.2625
vt 8.0968 3.6238 -8.2625
vt 9.2625 -8.4477 -8.0433
vt 15.8255 -8.4477 -8.0433
vt 15.8255 3.6238 -8.0433
vt 9.2625 3.6238 -8.0433
vt -8.0433 -8.4477 -14.8255
vt -7.0968 -8.4477 -14.8255
vt -7.0968 3.6238 -14.8255
vt -8.0433 3.6238 -14.8255
vt -14.8255 -8.4477 -7.0968
vt -8.2625 -8.4477 -7.0968
vt -8.2625 3.6238 -7.0968
vt -14.8255 3.6238 -7.0968
vt 4.3938 -8.2625 -8.4477
vt 4.3938 -14.8255 -8.4477
vt 5.3403 -14.8255 -8.4477
vt 5.3403 -8.2625 -8.4477
vt -3.3938 -8.2625 3.6238
vt -4.3403 -8.2625 3.6238
vt -4.3403 -14.8255 3.6238
vt -3.3938 -14.8255 3.6238
vt 4.3938 -8.4477 -8.2625
vt 5.3403 -8.4477 -8.2625
vt 5.3403 3.6238 -8.2625
vt 4.3938 3.6238 -8.2625
vt 9.2625 -8.4477 -4.3403
vt 15.8255 -8.4477 -4.3403
vt 15.8255 3.6238 -4.3403
vt 9.2625 3.6238 -4.3403
vt -4.3403 -8.4477 -14.8255
vt -3.3938 -8.4477 -14.8255
vt -3.3938 3.6238 -14.8255
vt -4.3403 3.6238 -14.8255
vt -14.8255 -8.4477 -3.3938
vt -8.2625 -8.4477 -3.3938
vt -8.2625 3.6238 -3.3938
vt -14.8255 3.6238 -3.3938
vt 5.4796 -26.3050 -8.4477
vt 5.4796 -18.1257 -8.4477
vt 2.9600 -18.1257 -8.4477
vt 2.9600 -26.3050 -8.4477
vt -4.4796 -26.3050 4.2697
vt -1.9600 -26.3050 4.2697
vt -1.9600 -18.1257 4.2697
vt -4.4796 -18.1257 4.2697
vt -4.4796 -8.4477 -26.3050
vt -1.9600 -8.4477 -26.3050
vt -1.9600 4.2697 -26.3050
vt -4.4796 4.2697 -26.3050
vt -26.3050 -8.4477 -1.9600
vt -18.1257 -8.4477 -1.9600
vt -18.1257 4.2697 -1.9600
vt -26.3050 4.2697 -1.9600
vt 2.9600 -8.4477 -18.1257
vt 5.4796 -8.4477 -18.1257
vt 5.4796 4.2697 -18.1257
vt 2.9600 4.2697 -18.1257
vt 19.1257 -8.4477 -4.4796
vt 27.3050 -8.4477 -4.4796
vt 27.3050 4.2697 -4.4796
vt 19.1257 4.2697 -4.4796
vt 17.5534 -24.6130 -8.4477
vt 17.5534 -19.8177 -8.4477
vt -3.8036 -19.8177 -8.4477
vt -3.8036 -24.6130 -8.4477
vt -16.5534 -24.6130 -2.3560
vt 4.8036 -24.6130 -2.3560
vt 4.8036 -19.8177 -2.3560
vt -16.5534 -19.8177 -2.3560
vt -16.5534 -8.4477 -24.6130
vt 4.8036 -8.4477 -24.6130
vt 4.8036 -2.3560 -24.6130
vt -16.5534 -2.3560 -24.6130
vt -24.6130 -8.4477 4.8036
vt -19.8177 -8.4477 4.8036
vt -19.8177 -2.3560 4.8036
vt -24.6130 -2.3560 4.8036
vt -3.8036 -8.4477 -19.8177
vt 17.5534 -8.4477 -19.8177
vt 17.5534 -2.3560 -19.8177
vt -3.8036 -2.3560 -19.8177
vt 20.8177 -8.4477 -16.5534
vt 25.6130 -8.4477 -16.5534
vt 25.6130 -2.3560 -16.5534
vt 20.8177 -2.3560 -16.5534
vt 0.2206 -26.3051 -8.4477
vt 0.2206 -18.1257 -8.4477
vt -2.2991 -18.1257 -8.4477
vt -2.2991 -26.3051 -8.4477
vt 0.7794 -26.3051 0.8607
vt 3.2991 -26.3051 0.8607
vt 3.2991 -18.1257 0.8607
vt 0.7794 -18.1257 0.8607
vt 0.7794 -8.4477 -26.3051
vt 3.2991 -8.4477 -26.3051
vt 3.2991 0.8607 -26.3051
vt 0.7794 0.8607 -26.3051
vt -26.3051 -8.4477 3.2991
vt -18.1257 -8.4477 3.2991
vt -18.1257 0.8607 3.2991
vt -26.3051 0.8607 3.2991
vt -2.2991 -8.4477 -18.1257
vt 0.2206 -8.4477 -18.1257
vt 0.2206 0.8607 -18.1257
vt -2.2991 0.8607 -18.1257
vt 19.1257 -8.4477 0.7794
vt 27.3051 -8.4477 0.7794
vt 27.3051 0.8607 0.7794
vt 19.1257 0.8607 0.7794
vt 16.9423 -26.3050 -8.4477
vt 16.9422 -18.1257 -8.4477
vt 14.4226 -18.1257 -8.4477
vt 14.4226 -26.3050 -8.4477
vt -15.9423 -26.3050 0.8607
vt -13.4226 -26.3050 0.8607
vt -13.4226 -18.1257 0.8607
vt -15.9422 -18.1257 0.8607
vt -15.9423 -8.4477 -26.3050
vt -13.4226 -8.4477 -26.3050
vt -13.4226 0.8607 -26.3050
vt -15.9423 0.8607 -26.3050
vt -26.3050 -8.4477 -13.4226
vt -18.1257 -8.4477 -13.4226
vt -18.1257 0.8607 -13.4226
vt -26.3050 0.8607 -13.4226
vt 14.4226 -8.4477 -18.1257
vt 16.9422 -8.4477 -18.1257
vt 16.9422 0.8607 -18.1257
vt 14.4226 0.8607 -18.1257
vt 19.1257 -8.4477 -15.9422
vt 27.3050 -8.4477 -15.9423
vt 27.3050 0.8607 -15.9423
vt 19.1257 0.8607 -15.9422
vt 11.7778 -26.3050 -8.4477
vt 11.7778 -18.1257 -8.4477
vt 9.2582 -18.1257 -8.4477
vt 9.2582 -26.3050 -8.4477
vt -10.7778 -26.3050 4.2697
vt -8.2582 -26.3050 4.2697
vt -8.2582 -18.1257 4.2697
vt -10.7778 -18.1257 4.2697
vt -10.7778 -8.4477 -26.3050
vt -8.2582 -8.4477 -26.3050
vt -8.2582 4.2697 -26.3050
vt -10.7778 4.2697 -26.3050
vt -26.3050 -8.4477 -8.2582
vt -18.1257 -8.4477 -8.2582
vt -18.1257 4.2697 -8.2582
vt -26.3050 4.2697 -8.2582
vt 9.2582 -8.4477 -18.1257
vt 11.7778 -8.4477 -18.1257
vt 11.7778 4.2697 -18.1257
vt 9.2582 4.2697 -18.1257
vt 19.1257 -8.4477 -10.7778
vt 27.3050 -8.4477 -10.7778
vt 27.3050 4.2697 -10.7778
vt 19.1257 4.2697 -10.7778
vt 12.9629 -29.6008 -8.4477
vt 12.9629 -36.1638 -8.4477
vt 17.5534 -36.1638 -8.4477
vt 17.5534 -29.6008 -8.4477
vt -11.9629 -29.6008 8.9646
vt -16.5534 -29.6008 8.9646
vt -16.5534 -36.1638 8.9646
vt -11.9629 -36.1638 8.9646
vt 12.9629 -8.4477 -29.6008
vt 17.5534 -8.4477 -29.6008
vt 17.5534 8.9646 -29.6008
vt 12.9629 8.9646 -29.6008
vt 30.6008 -8.4477 -16.5534
vt 37.1638 -8.4477 -16.5534
vt 37.1638 8.9646 -16.5534
vt 30.6008 8.9646 -16.5534
vt -16.5534 -8.4477 -36.1638
vt -11.9629 -8.4477 -36.1638
vt -11.9629 8.9646 -36.1638
vt -16.5534 8.9646 -36.1638
vt -36.1638 -8.4477 -11.9629
vt -29.6008 -8.4477 -11.9629
vt -29.6008 8.9646 -11.9629
vt -36.1638 8.9646 -11.9629
vt 14.0722 -30.7960 -8.4477
vt 7.5091 -30.7960 -8.4477
vt 7.5091 -33.7392 -8.4477
vt 14.0722 -33.7392 -8.4477
vt -13.0722 -30.7960 4.3049
vt -13.0722 -33.7392 4.3049
vt -6.5091 -33.7392 4.3049
vt -6.5091 -30.7960 4.3049
vt 31.7960 -8.4477 -13.0722
vt 34.7392 -8.4477 -13.0722
vt 34.7392 4.3049 -13.0722
vt 31.7960 4.3049 -13.0722
vt -13.0722 -8.4477 -33.7392
vt -6.5091 -8.4477 -33.7392
vt -6.5091 4.3049 -33.7392
vt -13.0722 4.3049 -33.7392
vt -33.7392 -8.4477 -6.5091
vt -30.7960 -8.4477 -6.5091
vt -30.7960 4.3049 -6.5091
vt -33.7392 4.3049 -6.5091
vt 7.5091 -8.4477 -30.7960
vt 14.0722 -8.4477 -30.7960
vt 14.0722 4.3049 -30.7960
vt 7.5091 4.3049 -30.7960
vt 7.3029 -32.5520 -8.4477
vt 0.7398 -32.5520 -8.4477
vt 0.7398 -34.4608 -8.4477
vt 7.3029 -34.4608 -8.4477
vt -6.3029 -32.5520 0.1906
vt -6.3029 -34.4608 0.1906
vt 0.2602 -34.4608 0.1906
vt 0.2602 -32.5520 0.1906
vt 33.5520 -8.4477 -6.3029
vt 35.4608 -8.4477 -6.3029
vt 35.4608 0.1906 -6.3029
vt 33.5520 0.1906 -6.3029
vt -6.3029 -8.4477 -34.4608
vt 0.2602 -8.4477 -34.4608
vt 0.2602 0.1906 -34.4608
vt -6.3029 0.1906 -34.4608
vt -34.4608 -8.4477 0.2602
vt -32.5520 -8.4477 0.2602
vt -32.5520 0.1906 0.2602
vt -34.4608 0.1906 0.2602
vt 0.7398 -8.4477 -32.5520
vt 7.3029 -8.4477 -32.5520
vt 7.3029 0.1906 -32.5520
vt 0.7398 0.1906 -32.5520
vt -6.3046 -37.0000 -8.4477
vt -6.3046 -32.6476 -8.4477
vt -11.5867 -32.6476 -8.4477
vt -11.5867 -37.0000 -8.4477
vt 7.3046 -37.0000 -2.3560
vt 12.5867 -37.0000 -2.3560
vt 12.5867 -32.6476 -2.3560
vt 7.3046 -32.6476 -2.3560
vt 7.3046 -8.4477 -37.0000
vt 12.5867 -8.4477 -37.0000
vt 12.5867 -2.3560 -37.0000
vt 7.3046 -2.3560 -37.0000
vt -37.0000 -8.4477 12.5867
vt -32.6476 -8.4477 12.5867
vt -32.6476 -2.3560 12.5867
vt -37.0000 -2.3560 12.5867
vt -11.5867 -8.4477 -32.6476
vt -6.3046 -8.4477 -32.6476
vt -6.3046 -2.3560 -32.6476
vt -11.5867 -2.3560 -32.6476
vt 33.6476 -8.4477 7.3046
vt 38.0000 -8.4477 7.3046
vt 38.0000 -2.3560 7.3046
vt 33.6476 -2.3560 7.3046
vt -6.0661 -28.9037 -8.4477
vt -6.0661 -25.4628 -8.4477
vt -8.8576 -25.4628 -8.4477
vt -8.8576 -28.9037 -8.4477
vt 7.0661 -28.9037 5.6685
vt 9.8576 -28.9037 5.6685
vt 9.8576 -25.4628 5.6685
vt 7.0661 -25.4628 5.6685
vt 7.0661 -8.4477 -28.9037
vt 9.8576 -8.4477 -28.9037
vt 9.8576 5.6685 -28.9037
vt 7.0661 5.6685 -28.9037
vt -28.9037 -8.4477 9.8576
vt -25.4628 -8.4477 9.8576
vt -25.4628 5.6685 9.8576
vt -28.9037 5.6685 9.8576
vt -8.8576 -8.4477 -25.4628
vt -6.0661 -8.4477 -25.4628
vt -6.0661 5.6685 -25.4628
vt -8.8576 5.6685 -25.4628
vt 26.4628 -8.4477 7.0661
vt 29.9037 -8.4477 7.0661
vt 29.9037 5.6685 7.0661
vt 26.4628 5.6685 7.0661
vt -6.3530 -25.5779 -8.4477
vt -6.3530 -22.1370 -8.4477
vt -9.1445 -22.1370 -8.4477
vt -9.1445 -25.5779 -8.4477
vt 7.3530 -25.5779 -4.5536
vt 10.1445 -25.5779 -4.5536
vt 10.1445 -22.1370 -4.5536
vt 7.3530 -22.1370 -4.5536
vt 7.3530 -8.4477 -25.5779
vt 10.1445 -8.4477 -25.5779
vt 10.1445 -4.5536 -25.5779
vt 7.3530 -4.5536 -25.5779
vt -25.5779 -8.4477 10.1445
vt -22.1370 -8.4477 10.1445
vt -22.1370 -4.5536 10.1445
vt -25.5779 -4.5536 10.1445
vt -9.1445 -8.4477 -22.1370
vt -6.3530 -8.4477 -22.1370
vt -6.3530 -4.5536 -22.1370
vt -9.1445 -4.5536 -22.1370
vt 23.1370 -8.4477 7.3530
vt 26.5779 -8.4477 7.3530
vt 26.5779 -4.5536 7.3530
vt 23.1370 -4.5536 7.3530
vt -7.9173 -27.8762 -8.4477
vt -7.9173 -24.1164 -8.4477
vt -13.0012 -24.1164 -8.4477
vt -13.0012 -27.8762 -8.4477
vt 8.9173 -27.8762 2.1430
vt 14.0012 -27.8762 2.1430
vt 14.0012 -24.1164 2.1430
vt 8.9173 -24.1164 2.1430
vt 8.9173 -8.4477 -27.8762
vt 14.0012 -8.4477 -27.8762
vt 14.0012 2.1430 -27.8762
vt 8.9173 2.1430 -27.8762
vt -27.8762 -8.4477 14.0012
vt -24.1164 -8.4477 14.0012
vt -24.1164 2.1430 14.0012
vt -27.8762 2.1430 14.0012
vt -13.0012 -8.4477 -24.1164
vt -7.9173 -8.4477 -24.1164
vt -7.9173 2.1430 -24.1164
vt -13.0012 2.1430 -24.1164
vt 25.1164 -8.4477 8.9173
vt 28.8762 -8.4477 8.9173
vt 28.8762 2.1430 8.9173
vt 25.1164 2.1430 8.9173
vt -11.5161 -25.5779 -8.4477
vt -11.5161 -22.1370 -8.4477
vt -14.3076 -22.1370 -8.4477
vt -14.3076 -25.5779 -8.4477
vt 12.5161 -25.5779 -4.5536
vt 15.3076 -25.5779 -4.5536
vt 15.3076 -22.1370 -4.5536
vt 12.5161 -22.1370 -4.5536
vt 12.5161 -8.4477 -25.5779
vt 15.3076 -8.4477 -25.5779
vt 15.3076 -4.5536 -25.5779
vt 12.5161 -4.5536 -25.5779
vt -25.5779 -8.4477 15.3076
vt -22.1370 -8.4477 15.3076
vt -22.1370 -4.5536 15.3076
vt -25.5779 -4.5536 15.3076
vt -14.3076 -8.4477 -22.1370
vt -11.5161 -8.4477 -22.1370
vt -11.5161 -4.5536 -22.1370
vt -14.3076 -4.5536 -22.1370
vt 23.1370 -8.4477 12.5161
vt 26.5779 -8.4477 12.5161
vt 26.5779 -4.5536 12.5161
vt 23.1370 -4.5536 12.5161
vt -13.5064 -20.5056 -8.4477
vt -13.5064 -17.0648 -8.4477
vt -16.2979 -17.0648 -8.4477
vt -16.2979 -20.5056 -8.4477
vt 14.5064 -20.5056 1.5118
vt 17.2979 -20.5056 1.5118
vt 17.2979 -17.0648 1.5118
vt 14.5064 -17.0648 1.5118
vt 14.5064 -8.4477 -20.5056
vt 17.2979 -8.4477 -20.5056
vt 17.2979 1.5118 -20.5056
vt 14.5064 1.5118 -20.5056
vt -20.5056 -8.4477 17.2979
vt -17.0648 -8.4477 17.2979
vt -17.0648 1.5118 17.2979
vt -20.5056 1.5118 17.2979
vt -16.2979 -8.4477 -17.0648
vt -13.5064 -8.4477 -17.0648
vt -13.5064 1.5118 -17.0648
vt -16.2979 1.5118 -17.0648
vt 18.0648 -8.4477 14.5064
vt 21.5056 -8.4477 14.5064
vt 21.5056 1.5118 14.5064
vt 18.0648 1.5118 14.5064
vt -8.9185 -20.5056 -8.4477
vt -8.9185 -17.0648 -8.4477
vt -11.7100 -17.0648 -8.4477
vt -11.7100 -20.5056 -8.4477
vt 9.9185 -20.5056 -4.5536
vt 12.7100 -20.5056 -4.5536
vt 12.7100 -17.0648 -4.5536
vt 9.9185 -17.0648 -4.5536
vt 9.9185 -8.4477 -20.5056
vt 12.7100 -8.4477 -20.5056
vt 12.7100 -4.5536 -20.5056
vt 9.9185 -4.5536 -20.5056
vt -20.5056 -8.4477 12.7100
vt -17.0648 -8.4477 12.7100
vt -17.0648 -4.5536 12.7100
vt -20.5056 -4.5536 12.7100
vt -11.7100 -8.4477 -17.0648
vt -8.9185 -8.4477 -17.0648
vt -8.9185 -4.5536 -17.0648
vt -11.7100 -4.5536 -17.0648
vt 18.0648 -8.4477 9.9185
vt 21.5056 -8.4477 9.9185
vt 21.5056 -4.5536 9.9185
vt 18.0648 -4.5536 9.9185
vt -11.6087 -36.4741 -8.4477
vt -11.6087 -33.1735 -8.4477
vt -15.6143 -33.1735 -8.4477
vt -15.6143 -36.4741 -8.4477
vt 12.6087 -36.4741 1.9567
vt 16.6143 -36.4741 1.9567
vt 16.6143 -33.1735 1.9567
vt 12.6087 -33.1735 1.9567
vt 12.6087 -8.4477 -36.4741
vt 16.6143 -8.4477 -36.4741
vt 16.6143 1.9567 -36.4741
vt 12.6087 1.9567 -36.4741
vt -36.4741 -8.4477 16.6143
vt -33.1735 -8.4477 16.6143
vt -33.1735 1.9567 16.6143
vt -36.4741 1.9567 16.6143
vt -15.6143 -8.4477 -33.1735
vt -11.6087 -8.4477 -33.1735
vt -11.6087 1.9567 -33.1735
vt -15.6143 1.9567 -33.1735
vt 34.1735 -8.4477 12.6087
vt 37.4741 -8.4477 12.6087
vt 37.4741 1.9567 12.6087
vt 34.1735 1.9567 12.6087
vt -11.5161 -29.9673 -8.4477
vt -11.5161 -26.5264 -8.4477
vt -14.3075 -26.5264 -8.4477
vt -14.3075 -29.9673 -8.4477
vt 12.5161 -29.9673 -4.5536
vt 15.3075 -29.9673 -4.5536
vt 15.3075 -26.5264 -4.5536
vt 12.5161 -26.5264 -4.5536
vt 12.5161 -8.4477 -29.9673
vt 15.3075 -8.4477 -29.9673
vt 15.3075 -4.5536 -29.9673
vt 12.5161 -4.5536 -29.9673
vt -29.9673 -8.4477 15.3075
vt -26.5264 -8.4477 15.3075
vt -26.5264 -4.5536 15.3075
vt -29.9673 -4.5536 15.3075
vt -14.3075 -8.4477 -26.5264
vt -11.5161 -8.4477 -26.5264
vt -11.5161 -4.5536 -26.5264
vt -14.3075 -4.5536 -26.5264
vt 27.5264 -8.4477 12.5161
vt 30.9673 -8.4477 12.5161
vt 30.9673 -4.5536 12.5161
vt 27.5264 -4.5536 12.5161
# 2216 texture coords

o hqwall_a_base
g hqwall_a_base
usemtl base
s 2
f 1/1/1 2/2/1 3/3/1 4/4/1 
s 4
f 5/5/2 6/6/2 7/7/2 8/8/2 
s 2
f 9/9/1 10/10/1 11/11/1 12/12/1 
s 4
f 13/13/2 14/14/2 15/15/2 16/16/2 
s 2
f 17/17/1 18/18/1 19/19/1 20/20/1 
s 4
f 21/21/2 22/22/2 23/23/2 24/24/2 
s 8
f 25/25/3 26/26/3 27/27/4 28/28/4 
s 16
f 29/29/5 30/30/5 26/31/3 25/32/3 
s 32
f 31/33/6 32/34/6 30/35/5 29/36/5 
s 64
f 28/37/4 27/38/4 32/39/6 31/40/6 
s 8
f 33/41/7 34/42/8 35/43/9 36/44/10 
s 16
f 37/45/11 38/46/12 34/42/8 33/41/7 
s 32
f 39/47/13 40/48/14 38/49/12 37/50/11 
s 64
f 36/51/10 35/52/9 40/53/14 39/54/13 
s 8
f 41/55/15 42/56/15 43/57/3 44/58/3 
s 16
f 45/59/16 46/60/16 42/61/15 41/62/15 
s 32
f 47/63/4 48/64/4 46/65/16 45/66/16 
s 64
f 44/67/3 43/68/3 48/69/4 47/70/4 
s 2
f 49/71/1 50/72/1 51/73/1 52/74/1 
s 4
f 53/75/2 54/76/2 55/77/2 56/78/2 
s 2
f 57/79/1 58/80/1 59/81/1 60/82/1 
s 4
f 61/83/2 62/84/2 63/85/2 64/86/2 
s 2
f 65/87/1 66/88/1 67/89/1 68/90/1 
s 4
f 69/91/2 70/92/2 71/93/2 72/94/2 
s 8
f 73/95/15 74/96/16 75/97/16 76/98/15 
s 16
f 77/99/17 73/100/15 76/101/15 78/102/17 
s 32
f 79/103/18 77/104/17 78/105/17 80/106/18 
s 64
f 74/107/16 79/108/18 80/109/18 75/110/16 
s 8
f 81/111/13 82/112/9 83/113/9 84/114/14 
s 16
f 85/115/12 81/116/13 84/117/14 86/118/12 
s 32
f 87/119/19 85/120/12 86/121/12 88/122/20 
s 64
f 82/123/9 87/47/19 88/48/20 83/124/9 
s 8
f 89/125/3 90/126/5 91/127/5 92/128/3 
s 16
f 93/129/4 89/130/3 92/131/3 94/132/4 
s 32
f 95/133/16 93/134/4 94/135/4 96/136/16 
s 64
f 90/137/5 95/138/16 96/139/16 91/140/5 
s off
f 97/141/21 98/142/21 99/143/21 100/144/21 
f 101/145/1 102/146/1 103/147/1 104/148/1 
f 105/149/22 106/150/22 107/151/22 108/152/22 
f 109/153/2 110/154/2 111/155/2 112/156/2 
f 113/157/23 114/158/23 115/159/23 116/160/23 
f 117/161/22 118/162/22 119/163/22 120/164/22 
f 121/165/21 122/166/21 123/167/21 124/168/21 
f 125/169/1 126/170/1 127/171/1 128/172/1 
f 129/173/22 130/174/22 131/175/22 132/176/22 
f 133/177/2 134/178/2 135/179/2 136/180/2 
f 137/181/1 138/182/1 139/183/1 140/184/1 
f 141/185/12 142/186/12 143/187/12 144/188/12 
f 145/189/2 146/190/2 147/191/2 148/192/2 
f 149/193/24 150/194/24 151/195/24 152/196/24 
f 153/197/12 154/198/12 155/199/12 156/200/12 
f 157/201/25 158/202/25 159/203/25 160/204/25 
f 161/205/1 162/206/1 163/207/1 164/208/1 
f 165/209/12 166/210/12 167/211/12 168/212/12 
f 169/213/26 170/214/26 171/215/22 172/216/22 
usemtl emissive
f 173/217/27 174/218/9 175/219/9 176/220/27 
usemtl base
f 177/221/28 178/222/28 179/223/28 180/224/28 
f 173/225/23 181/226/23 182/227/1 183/228/1 
usemtl emissive
f 184/229/27 185/230/9 186/231/9 187/232/27 
usemtl base
f 176/220/27 175/219/9 188/230/9 184/229/27 
f 171/215/22 189/233/29 190/234/29 172/216/22 
usemtl emissive
f 174/218/9 191/235/30 192/236/30 175/219/9 
usemtl base
f 179/223/28 193/237/25 187/238/25 180/224/28 
f 182/227/1 194/239/24 191/240/24 183/228/1 
usemtl emissive
f 185/230/9 195/241/30 177/242/30 186/231/9 
usemtl base
f 175/219/9 192/236/30 195/241/30 188/230/9 
f 196/243/29 197/244/12 198/245/12 199/246/29 
usemtl emissive
f 200/247/30 201/248/30 202/249/9 203/250/9 
usemtl base
f 204/251/25 205/252/25 206/253/25 207/254/25 
f 200/255/24 203/256/31 208/257/31 209/258/24 
usemtl emissive
f 210/259/30 211/260/30 212/261/9 213/262/9 
usemtl base
f 201/248/30 210/259/30 214/262/9 202/249/9 
f 198/245/12 197/244/12 215/263/26 216/264/26 
usemtl emissive
f 203/250/9 202/249/9 217/265/27 218/266/27 
usemtl base
f 206/253/25 205/252/25 219/267/28 220/268/28 
f 208/257/31 203/256/31 218/269/23 221/270/23 
usemtl emissive
f 213/262/9 212/261/9 204/271/27 222/272/27 
usemtl base
f 202/249/9 214/262/9 222/272/27 217/265/27 
s 2
f 223/273/32 224/274/33 225/275/34 226/276/35 
s 4
f 227/277/36 228/278/37 229/279/38 230/280/39 
s 8
f 223/281/32 226/282/35 228/283/37 227/284/36 
s 16
f 226/285/35 225/286/34 229/287/38 228/288/37 
s 32
f 225/289/34 224/290/33 230/291/39 229/292/38 
s 64
f 224/293/33 223/294/32 227/295/36 230/296/39 
s 2
f 231/297/32 232/298/33 233/299/34 234/300/35 
s 4
f 235/301/36 236/302/37 237/303/38 238/304/39 
s 8
f 231/305/32 234/306/35 236/307/37 235/308/36 
s 16
f 234/309/35 233/310/34 237/311/38 236/312/37 
s 32
f 233/313/34 232/314/33 238/315/39 237/316/38 
s 64
f 232/317/33 231/318/32 235/319/36 238/320/39 
s 2
f 239/321/32 240/322/33 241/323/34 242/324/35 
s 4
f 243/325/36 244/326/37 245/327/38 246/328/39 
s 8
f 239/329/32 242/330/35 244/331/37 243/332/36 
s 16
f 242/333/35 241/334/34 245/335/38 244/336/37 
s 32
f 241/337/34 240/338/33 246/339/39 245/340/38 
s 64
f 240/341/33 239/342/32 243/343/36 246/344/39 
s 2
f 247/345/32 248/346/33 249/347/34 250/348/35 
s 4
f 251/349/36 252/350/37 253/351/38 254/352/39 
s 8
f 247/353/32 250/354/35 252/355/37 251/356/36 
s 16
f 250/357/35 249/358/34 253/359/38 252/360/37 
s 32
f 249/361/34 248/362/33 254/363/39 253/364/38 
s 64
f 248/365/33 247/366/32 251/367/36 254/368/39 
s 2
f 255/369/32 256/370/33 257/371/34 258/372/35 
s 4
f 259/373/36 260/374/37 261/375/38 262/376/39 
s 8
f 255/377/32 258/378/35 260/379/37 259/380/36 
s 16
f 258/381/35 257/382/34 261/383/38 260/384/37 
s 32
f 257/385/34 256/386/33 262/387/39 261/388/38 
s 64
f 256/389/33 255/390/32 259/391/36 262/392/39 
s 2
f 263/393/32 264/394/33 265/395/34 266/396/35 
s 4
f 267/397/36 268/398/37 269/399/38 270/400/39 
s 8
f 263/401/32 266/402/35 268/403/37 267/404/36 
s 16
f 266/405/35 265/406/34 269/407/38 268/408/37 
s 32
f 265/409/34 264/410/33 270/411/39 269/412/38 
s 64
f 264/413/33 263/414/32 267/415/36 270/416/39 
s 2
f 271/417/32 272/418/33 273/419/34 274/420/35 
s 4
f 275/421/36 276/422/37 277/423/38 278/424/39 
s 8
f 271/425/32 274/426/35 276/427/37 275/428/36 
s 16
f 274/429/35 273/430/34 277/431/38 276/432/37 
s 32
f 273/433/34 272/434/33 278/435/39 277/436/38 
s 64
f 272/437/33 271/438/32 275/439/36 278/440/39 
s 2
f 279/441/32 280/442/33 281/443/34 282/444/35 
s 4
f 283/445/36 284/446/37 285/447/38 286/448/39 
s 8
f 279/449/32 282/450/35 284/451/37 283/452/36 
s 16
f 282/453/35 281/454/34 285/455/38 284/456/37 
s 32
f 281/457/34 280/458/33 286/459/39 285/460/38 
s 64
f 280/461/33 279/462/32 283/463/36 286/464/39 
s 2
f 287/465/32 288/466/33 289/467/34 290/468/35 
s 4
f 291/469/36 292/470/37 293/471/38 294/472/39 
s 8
f 287/473/32 290/474/35 292/475/37 291/476/36 
s 16
f 290/477/35 289/478/34 293/479/38 292/480/37 
s 32
f 289/481/34 288/482/33 294/483/39 293/484/38 
s 64
f 288/485/33 287/486/32 291/487/36 294/488/39 
s 2
f 295/489/32 296/490/33 297/491/34 298/492/35 
s 4
f 299/493/36 300/494/37 301/495/38 302/496/39 
s 8
f 295/497/32 298/498/35 300/499/37 299/500/36 
s 16
f 298/501/35 297/502/34 301/503/38 300/504/37 
s 32
f 297/505/34 296/506/33 302/507/39 301/508/38 
s 64
f 296/509/33 295/510/32 299/511/36 302/512/39 
s 2
f 303/513/32 304/514/33 305/515/34 306/516/35 
s 4
f 307/517/36 308/518/37 309/519/38 310/520/39 
s 8
f 303/521/32 306/522/35 308/523/37 307/524/36 
s 16
f 306/525/35 305/526/34 309/527/38 308/528/37 
s 32
f 305/529/34 304/530/33 310/531/39 309/532/38 
s 64
f 304/533/33 303/534/32 307/535/36 310/536/39 
s 2
f 311/537/32 312/538/33 313/539/34 314/540/35 
s 4
f 315/541/36 316/542/37 317/543/38 318/544/39 
s 8
f 311/545/32 314/546/35 316/547/37 315/548/36 
s 16
f 314/549/35 313/550/34 317/551/38 316/552/37 
s 32
f 313/553/34 312/554/33 318/555/39 317/556/38 
s 64
f 312/557/33 311/558/32 315/559/36 318/560/39 
s 2
f 319/561/32 320/562/33 321/563/34 322/564/35 
s 4
f 323/565/36 324/566/37 325/567/38 326/568/39 
s 8
f 319/569/32 322/570/35 324/571/37 323/572/36 
s 16
f 322/573/35 321/574/34 325/575/38 324/576/37 
s 32
f 321/577/34 320/578/33 326/579/39 325/580/38 
s 64
f 320/581/33 319/582/32 323/583/36 326/584/39 
s 2
f 327/585/32 328/586/33 329/587/34 330/588/35 
s 4
f 331/589/36 332/590/37 333/591/38 334/592/39 
s 8
f 327/593/32 330/594/35 332/595/37 331/596/36 
s 16
f 330/597/35 329/598/34 333/599/38 332/600/37 
s 32
f 329/601/34 328/602/33 334/603/39 333/604/38 
s 64
f 328/605/33 327/606/32 331/607/36 334/608/39 
s 2
f 335/609/32 336/610/33 337/611/34 338/612/35 
s 4
f 339/613/36 340/614/37 341/615/38 342/616/39 
s 8
f 335/617/32 338/618/35 340/619/37 339/620/36 
s 16
f 338/621/35 337/622/34 341/623/38 340/624/37 
s 32
f 337/625/34 336/626/33 342/627/39 341/628/38 
s 64
f 336/629/33 335/630/32 339/631/36 342/632/39 
s 2
f 343/633/32 344/634/33 345/635/34 346/636/35 
s 4
f 347/637/36 348/638/37 349/639/38 350/640/39 
s 8
f 343/641/32 346/642/35 348/643/37 347/644/36 
s 16
f 346/645/35 345/646/34 349/647/38 348/648/37 
s 32
f 345/649/34 344/650/33 350/651/39 349/652/38 
s 64
f 344/653/33 343/654/32 347/655/36 350/656/39 
s 2
f 351/657/32 352/658/33 353/659/34 354/660/35 
s 4
f 355/661/36 356/662/37 357/663/38 358/664/39 
s 8
f 351/665/32 354/666/35 356/667/37 355/668/36 
s 16
f 354/669/35 353/670/34 357/671/38 356/672/37 
s 32
f 353/673/34 352/674/33 358/675/39 357/676/38 
s 64
f 352/677/33 351/678/32 355/679/36 358/680/39 
s 2
f 359/681/32 360/682/33 361/683/34 362/684/35 
s 4
f 363/685/36 364/686/37 365/687/38 366/688/39 
s 8
f 359/689/32 362/690/35 364/691/37 363/692/36 
s 16
f 362/693/35 361/694/34 365/695/38 364/696/37 
s 32
f 361/697/34 360/698/33 366/699/39 365/700/38 
s 64
f 360/701/33 359/702/32 363/703/36 366/704/39 
s 2
f 367/705/32 368/706/33 369/707/34 370/708/35 
s 4
f 371/709/36 372/710/37 373/711/38 374/712/39 
s 8
f 367/713/32 370/714/35 372/715/37 371/716/36 
s 16
f 370/717/35 369/718/34 373/719/38 372/720/37 
s 32
f 369/721/34 368/722/33 374/723/39 373/724/38 
s 64
f 368/725/33 367/726/32 371/727/36 374/728/39 
s 2
f 375/729/32 376/730/33 377/731/34 378/732/35 
s 4
f 379/733/36 380/734/37 381/735/38 382/736/39 
s 8
f 375/737/32 378/738/35 380/739/37 379/740/36 
s 16
f 378/741/35 377/742/34 381/743/38 380/744/37 
s 32
f 377/745/34 376/746/33 382/747/39 381/748/38 
s 64
f 376/749/33 375/750/32 379/751/36 382/752/39 
s 2
f 383/753/32 384/754/33 385/755/34 386/756/35 
s 4
f 387/757/36 388/758/37 389/759/38 390/760/39 
s 8
f 383/761/32 386/762/35 388/763/37 387/764/36 
s 16
f 386/765/35 385/766/34 389/767/38 388/768/37 
s 32
f 385/769/34 384/770/33 390/771/39 389/772/38 
s 64
f 384/773/33 383/774/32 387/775/36 390/776/39 
s 2
f 391/777/32 392/778/33 393/779/34 394/780/35 
s 4
f 395/781/36 396/782/37 397/783/38 398/784/39 
s 8
f 391/785/32 394/786/35 396/787/37 395/788/36 
s 16
f 394/789/35 393/790/34 397/791/38 396/792/37 
s 32
f 393/793/34 392/794/33 398/795/39 397/796/38 
s 64
f 392/797/33 391/798/32 395/799/36 398/800/39 
s 2
f 399/801/32 400/802/33 401/803/34 402/804/35 
s 4
f 403/805/36 404/806/37 405/807/38 406/808/39 
s 8
f 399/809/32 402/810/35 404/811/37 403/812/36 
s 16
f 402/813/35 401/814/34 405/815/38 404/816/37 
s 32
f 401/817/34 400/818/33 406/819/39 405/820/38 
s 64
f 400/821/33 399/822/32 403/823/36 406/824/39 
s 2
f 407/825/32 408/826/33 409/827/34 410/828/35 
s 4
f 411/829/36 412/830/37 413/831/38 414/832/39 
s 8
f 407/833/32 410/834/35 412/835/37 411/836/36 
s 16
f 410/837/35 409/838/34 413/839/38 412/840/37 
s 32
f 409/841/34 408/842/33 414/843/39 413/844/38 
s 64
f 408/845/33 407/846/32 411/847/36 414/848/39 
s 2
f 415/849/32 416/850/33 417/851/34 418/852/35 
s 4
f 419/853/36 420/854/37 421/855/38 422/856/39 
s 8
f 415/857/32 418/858/35 420/859/37 419/860/36 
s 16
f 418/861/35 417/862/34 421/863/38 420/864/37 
s 32
f 417/865/34 416/866/33 422/867/39 421/868/38 
s 64
f 416/869/33 415/870/32 419/871/36 422/872/39 
s 2
f 423/873/32 424/874/33 425/875/34 426/876/35 
s 4
f 427/877/36 428/878/37 429/879/38 430/880/39 
s 8
f 423/881/32 426/882/35 428/883/37 427/884/36 
s 16
f 426/885/35 425/886/34 429/887/38 428/888/37 
s 32
f 425/889/34 424/890/33 430/891/39 429/892/38 
s 64
f 424/893/33 423/894/32 427/895/36 430/896/39 
s 2
f 431/897/32 432/898/33 433/899/34 434/900/35 
s 4
f 435/901/36 436/902/37 437/903/38 438/904/39 
s 8
f 431/905/32 434/906/35 436/907/37 435/908/36 
s 16
f 434/909/35 433/910/34 437/911/38 436/912/37 
s 32
f 433/913/34 432/914/33 438/915/39 437/916/38 
s 64
f 432/917/33 431/918/32 435/919/36 438/920/39 
s 2
f 439/921/32 440/922/33 441/923/34 442/924/35 
s 4
f 443/925/36 444/926/37 445/927/38 446/928/39 
s 8
f 439/929/32 442/930/35 444/931/37 443/932/36 
s 16
f 442/933/35 441/934/34 445/935/38 444/936/37 
s 32
f 441/937/34 440/938/33 446/939/39 445/940/38 
s 64
f 440/941/33 439/942/32 443/943/36 446/944/39 
s 2
f 447/945/32 448/946/33 449/947/34 450/948/35 
s 4
f 451/949/36 452/950/37 453/951/38 454/952/39 
s 8
f 447/953/32 450/954/35 452/955/37 451/956/36 
s 16
f 450/957/35 449/958/34 453/959/38 452/960/37 
s 32
f 449/961/34 448/962/33 454/963/39 453/964/38 
s 64
f 448/965/33 447/966/32 451/967/36 454/968/39 
s 2
f 455/969/32 456/970/33 457/971/34 458/972/35 
s 4
f 459/973/36 460/974/37 461/975/38 462/976/39 
s 8
f 455/977/32 458/978/35 460/979/37 459/980/36 
s 16
f 458/981/35 457/982/34 461/983/38 460/984/37 
s 32
f 457/985/34 456/986/33 462/987/39 461/988/38 
s 64
f 456/989/33 455/990/32 459/991/36 462/992/39 
s 2
f 463/993/32 464/994/33 465/995/34 466/996/35 
s 4
f 467/997/36 468/998/37 469/999/38 470/1000/39 
s 8
f 463/1001/32 466/1002/35 468/1003/37 467/1004/36 
s 16
f 466/1005/35 465/1006/34 469/1007/38 468/1008/37 
s 32
f 465/1009/34 464/1010/33 470/1011/39 469/1012/38 
s 64
f 464/1013/33 463/1014/32 467/1015/36 470/1016/39 
s 2
f 471/1017/32 472/1018/33 473/1019/34 474/1020/35 
s 4
f 475/1021/36 476/1022/37 477/1023/38 478/1024/39 
s 8
f 471/1025/32 474/1026/35 476/1027/37 475/1028/36 
s 16
f 474/1029/35 473/1030/34 477/1031/38 476/1032/37 
s 32
f 473/1033/34 472/1034/33 478/1035/39 477/1036/38 
s 64
f 472/1037/33 471/1038/32 475/1039/36 478/1040/39 
s 2
f 479/1041/32 480/1042/33 481/1043/34 482/1044/35 
s 4
f 483/1045/36 484/1046/37 485/1047/38 486/1048/39 
s 8
f 479/1049/32 482/1050/35 484/1051/37 483/1052/36 
s 16
f 482/1053/35 481/1054/34 485/1055/38 484/1056/37 
s 32
f 481/1057/34 480/1058/33 486/1059/39 485/1060/38 
s 64
f 480/1061/33 479/1062/32 483/1063/36 486/1064/39 
s 2
f 487/1065/32 488/1066/33 489/1067/34 490/1068/35 
s 4
f 491/1069/36 492/1070/37 493/1071/38 494/1072/39 
s 8
f 487/1073/32 490/1074/35 492/1075/37 491/1076/36 
s 16
f 490/1077/35 489/1078/34 493/1079/38 492/1080/37 
s 32
f 489/1081/34 488/1082/33 494/1083/39 493/1084/38 
s 64
f 488/1085/33 487/1086/32 491/1087/36 494/1088/39 
s 2
f 495/1089/32 496/1090/33 497/1091/34 498/1092/35 
s 4
f 499/1093/36 500/1094/37 501/1095/38 502/1096/39 
s 8
f 495/1097/32 498/1098/35 500/1099/37 499/1100/36 
s 16
f 498/1101/35 497/1102/34 501/1103/38 500/1104/37 
s 32
f 497/1105/34 496/1106/33 502/1107/39 501/1108/38 
s 64
f 496/1109/33 495/1110/32 499/1111/36 502/1112/39 
s 2
f 503/1113/32 504/1114/33 505/1115/34 506/1116/35 
s 4
f 507/1117/36 508/1118/37 509/1119/38 510/1120/39 
s 8
f 503/1121/32 506/1122/35 508/1123/37 507/1124/36 
s 16
f 506/1125/35 505/1126/34 509/1127/38 508/1128/37 
s 32
f 505/1129/34 504/1130/33 510/1131/39 509/1132/38 
s 64
f 504/1133/33 503/1134/32 507/1135/36 510/1136/39 
s 2
f 511/1137/32 512/1138/33 513/1139/34 514/1140/35 
s 4
f 515/1141/36 516/1142/37 517/1143/38 518/1144/39 
s 8
f 511/1145/32 514/1146/35 516/1147/37 515/1148/36 
s 16
f 514/1149/35 513/1150/34 517/1151/38 516/1152/37 
s 32
f 513/1153/34 512/1154/33 518/1155/39 517/1156/38 
s 64
f 512/1157/33 511/1158/32 515/1159/36 518/1160/39 
s 2
f 519/1161/32 520/1162/33 521/1163/34 522/1164/40 
s 4
f 523/1165/36 524/1166/41 525/1167/38 526/1168/39 
s 8
f 519/1169/32 522/1170/40 524/1171/41 523/1172/36 
s 16
f 522/1173/40 521/1174/34 525/1175/38 524/1176/41 
s 32
f 521/1177/34 520/1178/33 526/1179/39 525/1180/38 
s 64
f 520/1181/33 519/1182/32 523/1183/36 526/1184/39 
s 2
f 527/1185/42 528/1186/33 529/1187/34 530/1188/40 
s 4
f 531/1189/43 532/1190/41 533/1191/38 534/1192/39 
s 8
f 527/1193/42 530/1194/40 532/1195/41 531/1196/43 
s 16
f 530/1197/40 529/1198/34 533/1199/38 532/1200/41 
s 32
f 529/1201/34 528/1202/33 534/1203/39 533/1204/38 
s 64
f 528/1205/33 527/1206/42 531/1207/43 534/1208/39 
s 2
f 535/1209/32 536/1210/33 537/1211/34 538/1212/35 
s 4
f 539/1213/36 540/1214/37 541/1215/38 542/1216/39 
s 8
f 535/1217/32 538/1218/35 540/1219/37 539/1220/36 
s 16
f 538/1221/35 537/1222/34 541/1223/38 540/1224/37 
s 32
f 537/1225/34 536/1226/33 542/1227/39 541/1228/38 
s 64
f 536/1229/33 535/1230/32 539/1231/36 542/1232/39 
s 2
f 543/1233/33 544/1234/34 545/1235/35 546/1236/32 
s 4
f 547/1237/39 548/1238/36 549/1239/37 550/1240/38 
s 8
f 543/1241/33 546/1242/32 548/1243/36 547/1244/39 
s 16
f 546/1245/32 545/1246/35 549/1247/37 548/1248/36 
s 32
f 545/1249/35 544/1250/34 550/1251/38 549/1252/37 
s 64
f 544/1253/34 543/1254/33 547/1255/39 550/1256/38 
s 2
f 551/1257/34 552/1258/35 553/1259/32 554/1260/33 
s 4
f 555/1261/38 556/1262/39 557/1263/36 558/1264/37 
s 8
f 551/1265/34 554/1266/33 556/1267/39 555/1268/38 
s 16
f 554/1269/33 553/1270/32 557/1271/36 556/1272/39 
s 32
f 553/1273/32 552/1274/35 558/1275/37 557/1276/36 
s 64
f 552/1277/35 551/1278/34 555/1279/38 558/1280/37 
s 2
f 559/1281/34 560/1282/35 561/1283/32 562/1284/33 
s 4
f 563/1285/38 564/1286/39 565/1287/36 566/1288/37 
s 8
f 559/1289/34 562/1290/33 564/1291/39 563/1292/38 
s 16
f 562/1293/33 561/1294/32 565/1295/36 564/1296/39 
s 32
f 561/1297/32 560/1298/35 566/1299/37 565/1300/36 
s 64
f 560/1301/35 559/1302/34 563/1303/38 566/1304/37 
s 2
f 567/1305/34 568/1306/35 569/1307/32 570/1308/33 
s 4
f 571/1309/38 572/1310/39 573/1311/36 574/1312/37 
s 8
f 567/1313/34 570/1314/33 572/1315/39 571/1316/38 
s 16
f 570/1317/33 569/1318/32 573/1319/36 572/1320/39 
s 32
f 569/1321/32 568/1322/35 574/1323/37 573/1324/36 
s 64
f 568/1325/35 567/1326/34 571/1327/38 574/1328/37 
s 2
f 575/1329/34 576/1330/35 577/1331/32 578/1332/33 
s 4
f 579/1333/38 580/1334/39 581/1335/36 582/1336/37 
s 8
f 575/1337/34 578/1338/33 580/1339/39 579/1340/38 
s 16
f 578/1341/33 577/1342/32 581/1343/36 580/1344/39 
s 32
f 577/1345/32 576/1346/35 582/1347/37 581/1348/36 
s 64
f 576/1349/35 575/1350/34 579/1351/38 582/1352/37 
s 2
f 583/1353/34 584/1354/35 585/1355/32 586/1356/33 
s 4
f 587/1357/38 588/1358/39 589/1359/36 590/1360/37 
s 8
f 583/1361/34 586/1362/33 588/1363/39 587/1364/38 
s 16
f 586/1365/33 585/1366/32 589/1367/36 588/1368/39 
s 32
f 585/1369/32 584/1370/35 590/1371/37 589/1372/36 
s 64
f 584/1373/35 583/1374/34 587/1375/38 590/1376/37 
s 2
f 591/1377/32 592/1378/33 593/1379/34 594/1380/35 
s 4
f 595/1381/36 596/1382/37 597/1383/38 598/1384/39 
s 8
f 591/1385/32 594/1386/35 596/1387/37 595/1388/36 
s 16
f 594/1389/35 593/1390/34 597/1391/38 596/1392/37 
s 32
f 593/1393/34 592/1394/33 598/1395/39 597/1396/38 
s 64
f 592/1397/33 591/1398/32 595/1399/36 598/1400/39 
s 2
f 599/1401/32 600/1402/33 601/1403/34 602/1404/35 
s 4
f 603/1405/36 604/1406/37 605/1407/38 606/1408/39 
s 8
f 599/1409/32 602/1410/35 604/1411/37 603/1412/36 
s 16
f 602/1413/35 601/1414/34 605/1415/38 604/1416/37 
s 32
f 601/1417/34 600/1418/33 606/1419/39 605/1420/38 
s 64
f 600/1421/33 599/1422/32 603/1423/36 606/1424/39 
s 2
f 607/1425/32 608/1426/44 609/1427/34 610/1428/35 
s 4
f 611/1429/36 612/1430/37 613/1431/38 614/1432/45 
s 8
f 607/1433/32 610/1434/35 612/1435/37 611/1436/36 
s 16
f 610/1437/35 609/1438/34 613/1439/38 612/1440/37 
s 32
f 609/1441/34 608/1442/44 614/1443/45 613/1444/38 
s 64
f 608/1445/44 607/1446/32 611/1447/36 614/1448/45 
s 2
f 615/1449/32 616/1450/33 617/1451/34 618/1452/35 
s 4
f 619/1453/36 620/1454/37 621/1455/38 622/1456/39 
s 8
f 615/1457/32 618/1458/35 620/1459/37 619/1460/36 
s 16
f 618/1461/35 617/1462/34 621/1463/38 620/1464/37 
s 32
f 617/1465/34 616/1466/33 622/1467/39 621/1468/38 
s 64
f 616/1469/33 615/1470/32 619/1471/36 622/1472/39 
s 2
f 623/1473/32 624/1474/33 625/1475/34 626/1476/35 
s 4
f 627/1477/36 628/1478/37 629/1479/38 630/1480/39 
s 8
f 623/1481/32 626/1482/35 628/1483/37 627/1484/36 
s 16
f 626/1485/35 625/1486/34 629/1487/38 628/1488/37 
s 32
f 625/1489/34 624/1490/33 630/1491/39 629/1492/38 
s 64
f 624/1493/33 623/1494/32 627/1495/36 630/1496/39 
s 2
f 631/1497/32 632/1498/33 633/1499/34 634/1500/35 
s 4
f 635/1501/36 636/1502/37 637/1503/38 638/1504/39 
s 8
f 631/1505/32 634/1506/35 636/1507/37 635/1508/36 
s 16
f 634/1509/35 633/1510/34 637/1511/38 636/1512/37 
s 32
f 633/1513/34 632/1514/33 638/1515/39 637/1516/38 
s 64
f 632/1517/33 631/1518/32 635/1519/36 638/1520/39 
s 2
f 639/1521/32 640/1522/33 641/1523/34 642/1524/35 
s 4
f 643/1525/36 644/1526/37 645/1527/38 646/1528/39 
s 8
f 639/1529/32 642/1530/35 644/1531/37 643/1532/36 
s 16
f 642/1533/35 641/1534/34 645/1535/38 644/1536/37 
s 32
f 641/1537/34 640/1538/33 646/1539/39 645/1540/38 
s 64
f 640/1541/33 639/1542/32 643/1543/36 646/1544/39 
s 2
f 647/1545/32 648/1546/33 649/1547/34 650/1548/35 
s 4
f 651/1549/36 652/1550/37 653/1551/38 654/1552/39 
s 8
f 647/1553/32 650/1554/35 652/1555/37 651/1556/36 
s 16
f 650/1557/35 649/1558/34 653/1559/38 652/1560/37 
s 32
f 649/1561/34 648/1562/33 654/1563/39 653/1564/38 
s 64
f 648/1565/33 647/1566/32 651/1567/36 654/1568/39 
s 2
f 655/1569/32 656/1570/33 657/1571/34 658/1572/35 
s 4
f 659/1573/36 660/1574/37 661/1575/38 662/1576/39 
s 8
f 655/1577/32 658/1578/35 660/1579/37 659/1580/36 
s 16
f 658/1581/35 657/1582/34 661/1583/38 660/1584/37 
s 32
f 657/1585/34 656/1586/33 662/1587/39 661/1588/38 
s 64
f 656/1589/33 655/1590/32 659/1591/36 662/1592/39 
s 2
f 663/1593/32 664/1594/33 665/1595/34 666/1596/35 
s 4
f 667/1597/36 668/1598/37 669/1599/38 670/1600/39 
s 8
f 663/1601/32 666/1602/35 668/1603/37 667/1604/36 
s 16
f 666/1605/35 665/1606/34 669/1607/38 668/1608/37 
s 32
f 665/1609/34 664/1610/33 670/1611/39 669/1612/38 
s 64
f 664/1613/33 663/1614/32 667/1615/36 670/1616/39 
s 2
f 671/1617/34 672/1618/35 673/1619/32 674/1620/33 
s 4
f 675/1621/38 676/1622/39 677/1623/36 678/1624/37 
s 8
f 671/1625/34 674/1626/33 676/1627/39 675/1628/38 
s 16
f 674/1629/33 673/1630/32 677/1631/36 676/1632/39 
s 32
f 673/1633/32 672/1634/35 678/1635/37 677/1636/36 
s 64
f 672/1637/35 671/1638/34 675/1639/38 678/1640/37 
s 2
f 679/1641/34 680/1642/35 681/1643/32 682/1644/33 
s 4
f 683/1645/38 684/1646/39 685/1647/36 686/1648/37 
s 8
f 679/1649/34 682/1650/33 684/1651/39 683/1652/38 
s 16
f 682/1653/33 681/1654/32 685/1655/36 684/1656/39 
s 32
f 681/1657/32 680/1658/35 686/1659/37 685/1660/36 
s 64
f 680/1661/35 679/1662/34 683/1663/38 686/1664/37 
s 2
f 687/1665/33 688/1666/34 689/1667/35 690/1668/32 
s 4
f 691/1669/39 692/1670/36 693/1671/37 694/1672/38 
s 8
f 687/1673/33 690/1674/32 692/1675/36 691/1676/39 
s 16
f 690/1677/32 689/1678/35 693/1679/37 692/1680/36 
s 32
f 689/1681/35 688/1682/34 694/1683/38 693/1684/37 
s 64
f 688/1685/34 687/1686/33 691/1687/39 694/1688/38 
s 2
f 695/1689/34 696/1690/35 697/1691/32 698/1692/33 
s 4
f 699/1693/38 700/1694/39 701/1695/36 702/1696/37 
s 8
f 695/1697/34 698/1698/33 700/1699/39 699/1700/38 
s 16
f 698/1701/33 697/1702/32 701/1703/36 700/1704/39 
s 32
f 697/1705/32 696/1706/35 702/1707/37 701/1708/36 
s 64
f 696/1709/35 695/1710/34 699/1711/38 702/1712/37 
s 2
f 703/1713/46 704/1714/40 705/1715/47 706/1716/44 
s 4
f 707/1717/48 708/1718/45 709/1719/49 710/1720/41 
s 8
f 703/1721/46 706/1722/44 708/1723/45 707/1724/48 
s 16
f 706/1725/44 705/1726/47 709/1727/49 708/1728/45 
s 32
f 705/1729/47 704/1730/40 710/1731/41 709/1732/49 
s 64
f 704/1733/40 703/1734/46 707/1735/48 710/1736/41 
s 2
f 711/1737/34 712/1738/35 713/1739/32 714/1740/33 
s 4
f 715/1741/38 716/1742/39 717/1743/36 718/1744/37 
s 8
f 711/1745/34 714/1746/33 716/1747/39 715/1748/38 
s 16
f 714/1749/33 713/1750/32 717/1751/36 716/1752/39 
s 32
f 713/1753/32 712/1754/35 718/1755/37 717/1756/36 
s 64
f 712/1757/35 711/1758/34 715/1759/38 718/1760/37 
s 2
f 719/1761/34 720/1762/35 721/1763/32 722/1764/33 
s 4
f 723/1765/38 724/1766/39 725/1767/36 726/1768/37 
s 8
f 719/1769/34 722/1770/33 724/1771/39 723/1772/38 
s 16
f 722/1773/33 721/1774/32 725/1775/36 724/1776/39 
s 32
f 721/1777/32 720/1778/35 726/1779/37 725/1780/36 
s 64
f 720/1781/35 719/1782/34 723/1783/38 726/1784/37 
s 2
f 727/1785/50 728/1786/40 729/1787/42 730/1788/44 
s 4
f 731/1789/51 732/1790/45 733/1791/43 734/1792/41 
s 8
f 727/1793/50 730/1794/44 732/1795/45 731/1796/51 
s 16
f 730/1797/44 729/1798/42 733/1799/43 732/1800/45 
s 32
f 729/1801/42 728/1802/40 734/1803/41 733/1804/43 
s 64
f 728/1805/40 727/1806/50 731/1807/51 734/1808/41 
s 2
f 735/1809/32 736/1810/44 737/1811/34 738/1812/35 
s 4
f 739/1813/36 740/1814/37 741/1815/38 742/1816/45 
s 8
f 735/1817/32 738/1818/35 740/1819/37 739/1820/36 
s 16
f 738/1821/35 737/1822/34 741/1823/38 740/1824/37 
s 32
f 737/1825/34 736/1826/44 742/1827/45 741/1828/38 
s 64
f 736/1829/44 735/1830/32 739/1831/36 742/1832/45 
s 2
f 743/1833/32 744/1834/33 745/1835/34 746/1836/35 
s 4
f 747/1837/36 748/1838/37 749/1839/38 750/1840/39 
s 8
f 743/1841/32 746/1842/35 748/1843/37 747/1844/36 
s 16
f 746/1845/35 745/1846/34 749/1847/38 748/1848/37 
s 32
f 745/1849/34 744/1850/33 750/1851/39 749/1852/38 
s 64
f 744/1853/33 743/1854/32 747/1855/36 750/1856/39 
s 2
f 751/1857/32 752/1858/33 753/1859/34 754/1860/35 
s 4
f 755/1861/36 756/1862/37 757/1863/38 758/1864/39 
s 8
f 751/1865/32 754/1866/35 756/1867/37 755/1868/36 
s 16
f 754/1869/35 753/1870/34 757/1871/38 756/1872/37 
s 32
f 753/1873/34 752/1874/33 758/1875/39 757/1876/38 
s 64
f 752/1877/33 751/1878/32 755/1879/36 758/1880/39 
s 2
f 759/1881/42 760/1882/33 761/1883/34 762/1884/40 
s 4
f 763/1885/43 764/1886/41 765/1887/38 766/1888/39 
s 8
f 759/1889/42 762/1890/40 764/1891/41 763/1892/43 
s 16
f 762/1893/40 761/1894/34 765/1895/38 764/1896/41 
s 32
f 761/1897/34 760/1898/33 766/1899/39 765/1900/38 
s 64
f 760/1901/33 759/1902/42 763/1903/43 766/1904/39 
s 2
f 767/1905/32 768/1906/33 769/1907/34 770/1908/35 
s 4
f 771/1909/36 772/1910/37 773/1911/38 774/1912/39 
s 8
f 767/1913/32 770/1914/35 772/1915/37 771/1916/36 
s 16
f 770/1917/35 769/1918/34 773/1919/38 772/1920/37 
s 32
f 769/1921/34 768/1922/33 774/1923/39 773/1924/38 
s 64
f 768/1925/33 767/1926/32 771/1927/36 774/1928/39 
s 2
f 775/1929/34 776/1930/40 777/1931/32 778/1932/44 
s 4
f 779/1933/38 780/1934/45 781/1935/36 782/1936/41 
s 8
f 775/1937/34 778/1938/44 780/1939/45 779/1940/38 
s 16
f 778/1941/44 777/1942/32 781/1943/36 780/1944/45 
s 32
f 777/1945/32 776/1946/40 782/1947/41 781/1948/36 
s 64
f 776/1949/40 775/1950/34 779/1951/38 782/1952/41 
s 2
f 783/1953/33 784/1954/34 785/1955/35 786/1956/32 
s 4
f 787/1957/39 788/1958/36 789/1959/37 790/1960/38 
s 8
f 783/1961/33 786/1962/32 788/1963/36 787/1964/39 
s 16
f 786/1965/32 785/1966/35 789/1967/37 788/1968/36 
s 32
f 785/1969/35 784/1970/34 790/1971/38 789/1972/37 
s 64
f 784/1973/34 783/1974/33 787/1975/39 790/1976/38 
s 2
f 791/1977/33 792/1978/34 793/1979/35 794/1980/32 
s 4
f 795/1981/39 796/1982/36 797/1983/37 798/1984/38 
s 8
f 791/1985/33 794/1986/32 796/1987/36 795/1988/39 
s 16
f 794/1989/32 793/1990/35 797/1991/37 796/1992/36 
s 32
f 793/1993/35 792/1994/34 798/1995/38 797/1996/37 
s 64
f 792/1997/34 791/1998/33 795/1999/39 798/2000/38 
s 2
f 799/2001/32 800/2002/33 801/2003/34 802/2004/35 
s 4
f 803/2005/36 804/2006/37 805/2007/38 806/2008/39 
s 8
f 799/2009/32 802/2010/35 804/2011/37 803/2012/36 
s 16
f 802/2013/35 801/2014/34 805/2015/38 804/2016/37 
s 32
f 801/2017/34 800/2018/33 806/2019/39 805/2020/38 
s 64
f 800/2021/33 799/2022/32 803/2023/36 806/2024/39 
s 2
f 807/2025/32 808/2026/33 809/2027/34 810/2028/35 
s 4
f 811/2029/36 812/2030/37 813/2031/38 814/2032/39 
s 8
f 807/2033/32 810/2034/35 812/2035/37 811/2036/36 
s 16
f 810/2037/35 809/2038/34 813/2039/38 812/2040/37 
s 32
f 809/2041/34 808/2042/33 814/2043/39 813/2044/38 
s 64
f 808/2045/33 807/2046/32 811/2047/36 814/2048/39 
s 2
f 815/2049/32 816/2050/33 817/2051/34 818/2052/35 
s 4
f 819/2053/36 820/2054/37 821/2055/38 822/2056/39 
s 8
f 815/2057/32 818/2058/35 820/2059/37 819/2060/36 
s 16
f 818/2061/35 817/2062/34 821/2063/38 820/2064/37 
s 32
f 817/2065/34 816/2066/33 822/2067/39 821/2068/38 
s 64
f 816/2069/33 815/2070/32 819/2071/36 822/2072/39 
s 2
f 823/2073/32 824/2074/33 825/2075/34 826/2076/35 
s 4
f 827/2077/36 828/2078/37 829/2079/38 830/2080/39 
s 8
f 823/2081/32 826/2082/35 828/2083/37 827/2084/36 
s 16
f 826/2085/35 825/2086/34 829/2087/38 828/2088/37 
s 32
f 825/2089/34 824/2090/33 830/2091/39 829/2092/38 
s 64
f 824/2093/33 823/2094/32 827/2095/36 830/2096/39 
s 2
f 831/2097/32 832/2098/33 833/2099/34 834/2100/35 
s 4
f 835/2101/36 836/2102/37 837/2103/38 838/2104/39 
s 8
f 831/2105/32 834/2106/35 836/2107/37 835/2108/36 
s 16
f 834/2109/35 833/2110/34 837/2111/38 836/2112/37 
s 32
f 833/2113/34 832/2114/33 838/2115/39 837/2116/38 
s 64
f 832/2117/33 831/2118/32 835/2119/36 838/2120/39 
s 2
f 839/2121/32 840/2122/33 841/2123/34 842/2124/40 
s 4
f 843/2125/36 844/2126/41 845/2127/38 846/2128/39 
s 8
f 839/2129/32 842/2130/40 844/2131/41 843/2132/36 
s 16
f 842/2133/40 841/2134/34 845/2135/38 844/2136/41 
s 32
f 841/2137/34 840/2138/33 846/2139/39 845/2140/38 
s 64
f 840/2141/33 839/2142/32 843/2143/36 846/2144/39 
s 2
f 847/2145/32 848/2146/33 849/2147/34 850/2148/35 
s 4
f 851/2149/36 852/2150/37 853/2151/38 854/2152/39 
s 8
f 847/2153/32 850/2154/35 852/2155/37 851/2156/36 
s 16
f 850/2157/35 849/2158/34 853/2159/38 852/2160/37 
s 32
f 849/2161/34 848/2162/33 854/2163/39 853/2164/38 
s 64
f 848/2165/33 847/2166/32 851/2167/36 854/2168/39 
s 2
f 855/2169/32 856/2170/33 857/2171/34 858/2172/35 
s 4
f 859/2173/36 860/2174/37 861/2175/38 862/2176/39 
s 8
f 855/2177/32 858/2178/35 860/2179/37 859/2180/36 
s 16
f 858/2181/35 857/2182/34 861/2183/38 860/2184/37 
s 32
f 857/2185/34 856/2186/33 862/2187/39 861/2188/38 
s 64
f 856/2189/33 855/2190/32 859/2191/36 862/2192/39 
s 2
f 863/2193/32 864/2194/33 865/2195/34 866/2196/35 
s 4
f 867/2197/36 868/2198/37 869/2199/38 870/2200/39 
s 8
f 863/2201/32 866/2202/35 868/2203/37 867/2204/36 
s 16
f 866/2205/35 865/2206/34 869/2207/38 868/2208/37 
s 32
f 865/2209/34 864/2210/33 870/2211/39 869/2212/38 
s 64
f 864/2213/33 863/2214/32 867/2215/36 870/2216/39 
s 2
f 871/273/36 872/276/37 873/275/38 874/274/39 
s 4
f 875/277/32 876/280/33 877/279/34 878/278/35 
s 8
f 871/281/36 875/284/32 878/283/35 872/282/37 
s 16
f 872/285/37 878/288/35 877/287/34 873/286/38 
s 32
f 873/289/38 877/292/34 876/291/33 874/290/39 
s 64
f 874/293/39 876/296/33 875/295/32 871/294/36 
s 2
f 879/297/36 880/300/37 881/299/38 882/298/39 
s 4
f 883/301/32 884/304/33 885/303/34 886/302/35 
s 8
f 879/305/36 883/308/32 886/307/35 880/306/37 
s 16
f 880/309/37 886/312/35 885/311/34 881/310/38 
s 32
f 881/313/38 885/316/34 884/315/33 882/314/39 
s 64
f 882/317/39 884/320/33 883/319/32 879/318/36 
s 2
f 887/321/36 888/324/37 889/323/38 890/322/39 
s 4
f 891/325/32 892/328/33 893/327/34 894/326/35 
s 8
f 887/329/36 891/332/32 894/331/35 888/330/37 
s 16
f 888/333/37 894/336/35 893/335/34 889/334/38 
s 32
f 889/337/38 893/340/34 892/339/33 890/338/39 
s 64
f 890/341/39 892/344/33 891/343/32 887/342/36 
s 2
f 895/345/36 896/348/37 897/347/38 898/346/39 
s 4
f 899/349/32 900/352/33 901/351/34 902/350/35 
s 8
f 895/353/36 899/356/32 902/355/35 896/354/37 
s 16
f 896/357/37 902/360/35 901/359/34 897/358/38 
s 32
f 897/361/38 901/364/34 900/363/33 898/362/39 
s 64
f 898/365/39 900/368/33 899/367/32 895/366/36 
s 2
f 903/369/36 904/372/37 905/371/38 906/370/39 
s 4
f 907/373/32 908/376/33 909/375/34 910/374/35 
s 8
f 903/377/36 907/380/32 910/379/35 904/378/37 
s 16
f 904/381/37 910/384/35 909/383/34 905/382/38 
s 32
f 905/385/38 909/388/34 908/387/33 906/386/39 
s 64
f 906/389/39 908/392/33 907/391/32 903/390/36 
s 2
f 911/393/36 912/396/37 913/395/38 914/394/39 
s 4
f 915/397/32 916/400/33 917/399/34 918/398/35 
s 8
f 911/401/36 915/404/32 918/403/35 912/402/37 
s 16
f 912/405/37 918/408/35 917/407/34 913/406/38 
s 32
f 913/409/38 917/412/34 916/411/33 914/410/39 
s 64
f 914/413/39 916/416/33 915/415/32 911/414/36 
s 2
f 919/417/36 920/420/37 921/419/38 922/418/39 
s 4
f 923/421/32 924/424/33 925/423/34 926/422/35 
s 8
f 919/425/36 923/428/32 926/427/35 920/426/37 
s 16
f 920/429/37 926/432/35 925/431/34 921/430/38 
s 32
f 921/433/38 925/436/34 924/435/33 922/434/39 
s 64
f 922/437/39 924/440/33 923/439/32 919/438/36 
s 2
f 927/441/36 928/444/37 929/443/38 930/442/39 
s 4
f 931/445/32 932/448/33 933/447/34 934/446/35 
s 8
f 927/449/36 931/452/32 934/451/35 928/450/37 
s 16
f 928/453/37 934/456/35 933/455/34 929/454/38 
s 32
f 929/457/38 933/460/34 932/459/33 930/458/39 
s 64
f 930/461/39 932/464/33 931/463/32 927/462/36 
s 2
f 935/465/36 936/468/37 937/467/38 938/466/39 
s 4
f 939/469/32 940/472/33 941/471/34 942/470/35 
s 8
f 935/473/36 939/476/32 942/475/35 936/474/37 
s 16
f 936/477/37 942/480/35 941/479/34 937/478/38 
s 32
f 937/481/38 941/484/34 940/483/33 938/482/39 
s 64
f 938/485/39 940/488/33 939/487/32 935/486/36 
s 2
f 943/489/36 944/492/37 945/491/38 946/490/39 
s 4
f 947/493/32 948/496/33 949/495/34 950/494/35 
s 8
f 943/497/36 947/500/32 950/499/35 944/498/37 
s 16
f 944/501/37 950/504/35 949/503/34 945/502/38 
s 32
f 945/505/38 949/508/34 948/507/33 946/506/39 
s 64
f 946/509/39 948/512/33 947/511/32 943/510/36 
s 2
f 951/513/36 952/516/37 953/515/38 954/514/39 
s 4
f 955/517/32 956/520/33 957/519/34 958/518/35 
s 8
f 951/521/36 955/524/32 958/523/35 952/522/37 
s 16
f 952/525/37 958/528/35 957/527/34 953/526/38 
s 32
f 953/529/38 957/532/34 956/531/33 954/530/39 
s 64
f 954/533/39 956/536/33 955/535/32 951/534/36 
s 2
f 959/537/36 960/540/37 961/539/38 962/538/39 
s 4
f 963/541/32 964/544/33 965/543/34 966/542/35 
s 8
f 959/545/36 963/548/32 966/547/35 960/546/37 
s 16
f 960/549/37 966/552/35 965/551/34 961/550/38 
s 32
f 961/553/38 965/556/34 964/555/33 962/554/39 
s 64
f 962/557/39 964/560/33 963/559/32 959/558/36 
s 2
f 967/561/36 968/564/37 969/563/38 970/562/39 
s 4
f 971/565/32 972/568/33 973/567/34 974/566/35 
s 8
f 967/569/36 971/572/32 974/571/35 968/570/37 
s 16
f 968/573/37 974/576/35 973/575/34 969/574/38 
s 32
f 969/577/38 973/580/34 972/579/33 970/578/39 
s 64
f 970/581/39 972/584/33 971/583/32 967/582/36 
s 2
f 975/585/36 976/588/37 977/587/38 978/586/39 
s 4
f 979/589/32 980/592/33 981/591/34 982/590/35 
s 8
f 975/593/36 979/596/32 982/595/35 976/594/37 
s 16
f 976/597/37 982/600/35 981/599/34 977/598/38 
s 32
f 977/601/38 981/604/34 980/603/33 978/602/39 
s 64
f 978/605/39 980/608/33 979/607/32 975/606/36 
s 2
f 983/609/36 984/612/37 985/611/38 986/610/39 
s 4
f 987/613/32 988/616/33 989/615/34 990/614/35 
s 8
f 983/617/36 987/620/32 990/619/35 984/618/37 
s 16
f 984/621/37 990/624/35 989/623/34 985/622/38 
s 32
f 985/625/38 989/628/34 988/627/33 986/626/39 
s 64
f 986/629/39 988/632/33 987/631/32 983/630/36 
s 2
f 991/633/36 992/636/37 993/635/38 994/634/39 
s 4
f 995/637/32 996/640/33 997/639/34 998/638/35 
s 8
f 991/641/36 995/644/32 998/643/35 992/642/37 
s 16
f 992/645/37 998/648/35 997/647/34 993/646/38 
s 32
f 993/649/38 997/652/34 996/651/33 994/650/39 
s 64
f 994/653/39 996/656/33 995/655/32 991/654/36 
s 2
f 999/657/36 1000/660/37 1001/659/38 1002/658/39 
s 4
f 1003/661/32 1004/664/33 1005/663/34 1006/662/35 
s 8
f 999/665/36 1003/668/32 1006/667/35 1000/666/37 
s 16
f 1000/669/37 1006/672/35 1005/671/34 1001/670/38 
s 32
f 1001/673/38 1005/676/34 1004/675/33 1002/674/39 
s 64
f 1002/677/39 1004/680/33 1003/679/32 999/678/36 
s 2
f 1007/681/36 1008/684/37 1009/683/38 1010/682/39 
s 4
f 1011/685/32 1012/688/33 1013/687/34 1014/686/35 
s 8
f 1007/689/36 1011/692/32 1014/691/35 1008/690/37 
s 16
f 1008/693/37 1014/696/35 1013/695/34 1009/694/38 
s 32
f 1009/697/38 1013/700/34 1012/699/33 1010/698/39 
s 64
f 1010/701/39 1012/704/33 1011/703/32 1007/702/36 
s 2
f 1015/705/36 1016/708/37 1017/707/38 1018/706/39 
s 4
f 1019/709/32 1020/712/33 1021/711/34 1022/710/35 
s 8
f 1015/713/36 1019/716/32 1022/715/35 1016/714/37 
s 16
f 1016/717/37 1022/720/35 1021/719/34 1017/718/38 
s 32
f 1017/721/38 1021/724/34 1020/723/33 1018/722/39 
s 64
f 1018/725/39 1020/728/33 1019/727/32 1015/726/36 
s 2
f 1023/729/36 1024/732/37 1025/731/38 1026/730/39 
s 4
f 1027/733/32 1028/736/33 1029/735/34 1030/734/35 
s 8
f 1023/737/36 1027/740/32 1030/739/35 1024/738/37 
s 16
f 1024/741/37 1030/744/35 1029/743/34 1025/742/38 
s 32
f 1025/745/38 1029/748/34 1028/747/33 1026/746/39 
s 64
f 1026/749/39 1028/752/33 1027/751/32 1023/750/36 
s 2
f 1031/753/36 1032/756/37 1033/755/38 1034/754/39 
s 4
f 1035/757/32 1036/760/33 1037/759/34 1038/758/35 
s 8
f 1031/761/36 1035/764/32 1038/763/35 1032/762/37 
s 16
f 1032/765/37 1038/768/35 1037/767/34 1033/766/38 
s 32
f 1033/769/38 1037/772/34 1036/771/33 1034/770/39 
s 64
f 1034/773/39 1036/776/33 1035/775/32 1031/774/36 
s 2
f 1039/777/36 1040/780/37 1041/779/38 1042/778/39 
s 4
f 1043/781/32 1044/784/33 1045/783/34 1046/782/35 
s 8
f 1039/785/36 1043/788/32 1046/787/35 1040/786/37 
s 16
f 1040/789/37 1046/792/35 1045/791/34 1041/790/38 
s 32
f 1041/793/38 1045/796/34 1044/795/33 1042/794/39 
s 64
f 1042/797/39 1044/800/33 1043/799/32 1039/798/36 
s 2
f 1047/801/36 1048/804/37 1049/803/38 1050/802/39 
s 4
f 1051/805/32 1052/808/33 1053/807/34 1054/806/35 
s 8
f 1047/809/36 1051/812/32 1054/811/35 1048/810/37 
s 16
f 1048/813/37 1054/816/35 1053/815/34 1049/814/38 
s 32
f 1049/817/38 1053/820/34 1052/819/33 1050/818/39 
s 64
f 1050/821/39 1052/824/33 1051/823/32 1047/822/36 
s 2
f 1055/825/36 1056/828/37 1057/827/38 1058/826/39 
s 4
f 1059/829/32 1060/832/33 1061/831/34 1062/830/35 
s 8
f 1055/833/36 1059/836/32 1062/835/35 1056/834/37 
s 16
f 1056/837/37 1062/840/35 1061/839/34 1057/838/38 
s 32
f 1057/841/38 1061/844/34 1060/843/33 1058/842/39 
s 64
f 1058/845/39 1060/848/33 1059/847/32 1055/846/36 
s 2
f 1063/849/36 1064/852/37 1065/851/38 1066/850/39 
s 4
f 1067/853/32 1068/856/33 1069/855/34 1070/854/35 
s 8
f 1063/857/36 1067/860/32 1070/859/35 1064/858/37 
s 16
f 1064/861/37 1070/864/35 1069/863/34 1065/862/38 
s 32
f 1065/865/38 1069/868/34 1068/867/33 1066/866/39 
s 64
f 1066/869/39 1068/872/33 1067/871/32 1063/870/36 
s 2
f 1071/873/36 1072/876/37 1073/875/38 1074/874/39 
s 4
f 1075/877/32 1076/880/33 1077/879/34 1078/878/35 
s 8
f 1071/881/36 1075/884/32 1078/883/35 1072/882/37 
s 16
f 1072/885/37 1078/888/35 1077/887/34 1073/886/38 
s 32
f 1073/889/38 1077/892/34 1076/891/33 1074/890/39 
s 64
f 1074/893/39 1076/896/33 1075/895/32 1071/894/36 
s 2
f 1079/897/36 1080/900/37 1081/899/38 1082/898/39 
s 4
f 1083/901/32 1084/904/33 1085/903/34 1086/902/35 
s 8
f 1079/905/36 1083/908/32 1086/907/35 1080/906/37 
s 16
f 1080/909/37 1086/912/35 1085/911/34 1081/910/38 
s 32
f 1081/913/38 1085/916/34 1084/915/33 1082/914/39 
s 64
f 1082/917/39 1084/920/33 1083/919/32 1079/918/36 
s 2
f 1087/921/36 1088/924/37 1089/923/38 1090/922/39 
s 4
f 1091/925/32 1092/928/33 1093/927/34 1094/926/35 
s 8
f 1087/929/36 1091/932/32 1094/931/35 1088/930/37 
s 16
f 1088/933/37 1094/936/35 1093/935/34 1089/934/38 
s 32
f 1089/937/38 1093/940/34 1092/939/33 1090/938/39 
s 64
f 1090/941/39 1092/944/33 1091/943/32 1087/942/36 
s 2
f 1095/945/36 1096/948/37 1097/947/38 1098/946/39 
s 4
f 1099/949/32 1100/952/33 1101/951/34 1102/950/35 
s 8
f 1095/953/36 1099/956/32 1102/955/35 1096/954/37 
s 16
f 1096/957/37 1102/960/35 1101/959/34 1097/958/38 
s 32
f 1097/961/38 1101/964/34 1100/963/33 1098/962/39 
s 64
f 1098/965/39 1100/968/33 1099/967/32 1095/966/36 
s 2
f 1103/969/36 1104/972/37 1105/971/38 1106/970/39 
s 4
f 1107/973/32 1108/976/33 1109/975/34 1110/974/35 
s 8
f 1103/977/36 1107/980/32 1110/979/35 1104/978/37 
s 16
f 1104/981/37 1110/984/35 1109/983/34 1105/982/38 
s 32
f 1105/985/38 1109/988/34 1108/987/33 1106/986/39 
s 64
f 1106/989/39 1108/992/33 1107/991/32 1103/990/36 
s 2
f 1111/993/36 1112/996/37 1113/995/38 1114/994/39 
s 4
f 1115/997/32 1116/1000/33 1117/999/34 1118/998/35 
s 8
f 1111/1001/36 1115/1004/32 1118/1003/35 1112/1002/37 
s 16
f 1112/1005/37 1118/1008/35 1117/1007/34 1113/1006/38 
s 32
f 1113/1009/38 1117/1012/34 1116/1011/33 1114/1010/39 
s 64
f 1114/1013/39 1116/1016/33 1115/1015/32 1111/1014/36 
s 2
f 1119/1017/36 1120/1020/37 1121/1019/38 1122/1018/39 
s 4
f 1123/1021/32 1124/1024/33 1125/1023/34 1126/1022/35 
s 8
f 1119/1025/36 1123/1028/32 1126/1027/35 1120/1026/37 
s 16
f 1120/1029/37 1126/1032/35 1125/1031/34 1121/1030/38 
s 32
f 1121/1033/38 1125/1036/34 1124/1035/33 1122/1034/39 
s 64
f 1122/1037/39 1124/1040/33 1123/1039/32 1119/1038/36 
s 2
f 1127/1041/36 1128/1044/37 1129/1043/38 1130/1042/39 
s 4
f 1131/1045/32 1132/1048/33 1133/1047/34 1134/1046/35 
s 8
f 1127/1049/36 1131/1052/32 1134/1051/35 1128/1050/37 
s 16
f 1128/1053/37 1134/1056/35 1133/1055/34 1129/1054/38 
s 32
f 1129/1057/38 1133/1060/34 1132/1059/33 1130/1058/39 
s 64
f 1130/1061/39 1132/1064/33 1131/1063/32 1127/1062/36 
s 2
f 1135/1065/36 1136/1068/37 1137/1067/38 1138/1066/39 
s 4
f 1139/1069/32 1140/1072/33 1141/1071/34 1142/1070/35 
s 8
f 1135/1073/36 1139/1076/32 1142/1075/35 1136/1074/37 
s 16
f 1136/1077/37 1142/1080/35 1141/1079/34 1137/1078/38 
s 32
f 1137/1081/38 1141/1084/34 1140/1083/33 1138/1082/39 
s 64
f 1138/1085/39 1140/1088/33 1139/1087/32 1135/1086/36 
s 2
f 1143/1089/36 1144/1092/37 1145/1091/38 1146/1090/39 
s 4
f 1147/1093/32 1148/1096/33 1149/1095/34 1150/1094/35 
s 8
f 1143/1097/36 1147/1100/32 1150/1099/35 1144/1098/37 
s 16
f 1144/1101/37 1150/1104/35 1149/1103/34 1145/1102/38 
s 32
f 1145/1105/38 1149/1108/34 1148/1107/33 1146/1106/39 
s 64
f 1146/1109/39 1148/1112/33 1147/1111/32 1143/1110/36 
s 2
f 1151/1113/36 1152/1116/37 1153/1115/38 1154/1114/39 
s 4
f 1155/1117/32 1156/1120/33 1157/1119/34 1158/1118/35 
s 8
f 1151/1121/36 1155/1124/32 1158/1123/35 1152/1122/37 
s 16
f 1152/1125/37 1158/1128/35 1157/1127/34 1153/1126/38 
s 32
f 1153/1129/38 1157/1132/34 1156/1131/33 1154/1130/39 
s 64
f 1154/1133/39 1156/1136/33 1155/1135/32 1151/1134/36 
s 2
f 1159/1137/36 1160/1140/37 1161/1139/38 1162/1138/39 
s 4
f 1163/1141/32 1164/1144/33 1165/1143/34 1166/1142/35 
s 8
f 1159/1145/36 1163/1148/32 1166/1147/35 1160/1146/37 
s 16
f 1160/1149/37 1166/1152/35 1165/1151/34 1161/1150/38 
s 32
f 1161/1153/38 1165/1156/34 1164/1155/33 1162/1154/39 
s 64
f 1162/1157/39 1164/1160/33 1163/1159/32 1159/1158/36 
s 2
f 1167/1161/36 1168/1164/41 1169/1163/38 1170/1162/39 
s 4
f 1171/1165/32 1172/1168/33 1173/1167/34 1174/1166/40 
s 8
f 1167/1169/36 1171/1172/32 1174/1171/40 1168/1170/41 
s 16
f 1168/1173/41 1174/1176/40 1173/1175/34 1169/1174/38 
s 32
f 1169/1177/38 1173/1180/34 1172/1179/33 1170/1178/39 
s 64
f 1170/1181/39 1172/1184/33 1171/1183/32 1167/1182/36 
s 2
f 1175/1185/43 1176/1188/41 1177/1187/38 1178/1186/39 
s 4
f 1179/1189/42 1180/1192/33 1181/1191/34 1182/1190/40 
s 8
f 1175/1193/43 1179/1196/42 1182/1195/40 1176/1194/41 
s 16
f 1176/1197/41 1182/1200/40 1181/1199/34 1177/1198/38 
s 32
f 1177/1201/38 1181/1204/34 1180/1203/33 1178/1202/39 
s 64
f 1178/1205/39 1180/1208/33 1179/1207/42 1175/1206/43 
s 2
f 1183/1209/36 1184/1212/37 1185/1211/38 1186/1210/39 
s 4
f 1187/1213/32 1188/1216/33 1189/1215/34 1190/1214/35 
s 8
f 1183/1217/36 1187/1220/32 1190/1219/35 1184/1218/37 
s 16
f 1184/1221/37 1190/1224/35 1189/1223/34 1185/1222/38 
s 32
f 1185/1225/38 1189/1228/34 1188/1227/33 1186/1226/39 
s 64
f 1186/1229/39 1188/1232/33 1187/1231/32 1183/1230/36 
s 2
f 1191/1233/39 1192/1236/36 1193/1235/37 1194/1234/38 
s 4
f 1195/1237/33 1196/1240/34 1197/1239/35 1198/1238/32 
s 8
f 1191/1241/39 1195/1244/33 1198/1243/32 1192/1242/36 
s 16
f 1192/1245/36 1198/1248/32 1197/1247/35 1193/1246/37 
s 32
f 1193/1249/37 1197/1252/35 1196/1251/34 1194/1250/38 
s 64
f 1194/1253/38 1196/1256/34 1195/1255/33 1191/1254/39 
s 2
f 1199/1257/38 1200/1260/39 1201/1259/36 1202/1258/37 
s 4
f 1203/1261/34 1204/1264/35 1205/1263/32 1206/1262/33 
s 8
f 1199/1265/38 1203/1268/34 1206/1267/33 1200/1266/39 
s 16
f 1200/1269/39 1206/1272/33 1205/1271/32 1201/1270/36 
s 32
f 1201/1273/36 1205/1276/32 1204/1275/35 1202/1274/37 
s 64
f 1202/1277/37 1204/1280/35 1203/1279/34 1199/1278/38 
s 2
f 1207/1281/38 1208/1284/39 1209/1283/36 1210/1282/37 
s 4
f 1211/1285/34 1212/1288/35 1213/1287/32 1214/1286/33 
s 8
f 1207/1289/38 1211/1292/34 1214/1291/33 1208/1290/39 
s 16
f 1208/1293/39 1214/1296/33 1213/1295/32 1209/1294/36 
s 32
f 1209/1297/36 1213/1300/32 1212/1299/35 1210/1298/37 
s 64
f 1210/1301/37 1212/1304/35 1211/1303/34 1207/1302/38 
s 2
f 1215/1305/38 1216/1308/39 1217/1307/36 1218/1306/37 
s 4
f 1219/1309/34 1220/1312/35 1221/1311/32 1222/1310/33 
s 8
f 1215/1313/38 1219/1316/34 1222/1315/33 1216/1314/39 
s 16
f 1216/1317/39 1222/1320/33 1221/1319/32 1217/1318/36 
s 32
f 1217/1321/36 1221/1324/32 1220/1323/35 1218/1322/37 
s 64
f 1218/1325/37 1220/1328/35 1219/1327/34 1215/1326/38 
s 2
f 1223/1329/38 1224/1332/39 1225/1331/36 1226/1330/37 
s 4
f 1227/1333/34 1228/1336/35 1229/1335/32 1230/1334/33 
s 8
f 1223/1337/38 1227/1340/34 1230/1339/33 1224/1338/39 
s 16
f 1224/1341/39 1230/1344/33 1229/1343/32 1225/1342/36 
s 32
f 1225/1345/36 1229/1348/32 1228/1347/35 1226/1346/37 
s 64
f 1226/1349/37 1228/1352/35 1227/1351/34 1223/1350/38 
s 2
f 1231/1353/38 1232/1356/39 1233/1355/36 1234/1354/37 
s 4
f 1235/1357/34 1236/1360/35 1237/1359/32 1238/1358/33 
s 8
f 1231/1361/38 1235/1364/34 1238/1363/33 1232/1362/39 
s 16
f 1232/1365/39 1238/1368/33 1237/1367/32 1233/1366/36 
s 32
f 1233/1369/36 1237/1372/32 1236/1371/35 1234/1370/37 
s 64
f 1234/1373/37 1236/1376/35 1235/1375/34 1231/1374/38 
s 2
f 1239/1377/36 1240/1380/37 1241/1379/38 1242/1378/39 
s 4
f 1243/1381/32 1244/1384/33 1245/1383/34 1246/1382/35 
s 8
f 1239/1385/36 1243/1388/32 1246/1387/35 1240/1386/37 
s 16
f 1240/1389/37 1246/1392/35 1245/1391/34 1241/1390/38 
s 32
f 1241/1393/38 1245/1396/34 1244/1395/33 1242/1394/39 
s 64
f 1242/1397/39 1244/1400/33 1243/1399/32 1239/1398/36 
s 2
f 1247/1401/36 1248/1404/37 1249/1403/38 1250/1402/39 
s 4
f 1251/1405/32 1252/1408/33 1253/1407/34 1254/1406/35 
s 8
f 1247/1409/36 1251/1412/32 1254/1411/35 1248/1410/37 
s 16
f 1248/1413/37 1254/1416/35 1253/1415/34 1249/1414/38 
s 32
f 1249/1417/38 1253/1420/34 1252/1419/33 1250/1418/39 
s 64
f 1250/1421/39 1252/1424/33 1251/1423/32 1247/1422/36 
s 2
f 1255/1425/36 1256/1428/37 1257/1427/38 1258/1426/45 
s 4
f 1259/1429/32 1260/1432/44 1261/1431/34 1262/1430/35 
s 8
f 1255/1433/36 1259/1436/32 1262/1435/35 1256/1434/37 
s 16
f 1256/1437/37 1262/1440/35 1261/1439/34 1257/1438/38 
s 32
f 1257/1441/38 1261/1444/34 1260/1443/44 1258/1442/45 
s 64
f 1258/1445/45 1260/1448/44 1259/1447/32 1255/1446/36 
s 2
f 1263/1449/36 1264/1452/37 1265/1451/38 1266/1450/39 
s 4
f 1267/1453/32 1268/1456/33 1269/1455/34 1270/1454/35 
s 8
f 1263/1457/36 1267/1460/32 1270/1459/35 1264/1458/37 
s 16
f 1264/1461/37 1270/1464/35 1269/1463/34 1265/1462/38 
s 32
f 1265/1465/38 1269/1468/34 1268/1467/33 1266/1466/39 
s 64
f 1266/1469/39 1268/1472/33 1267/1471/32 1263/1470/36 
s 2
f 1271/1473/36 1272/1476/37 1273/1475/38 1274/1474/39 
s 4
f 1275/1477/32 1276/1480/33 1277/1479/34 1278/1478/35 
s 8
f 1271/1481/36 1275/1484/32 1278/1483/35 1272/1482/37 
s 16
f 1272/1485/37 1278/1488/35 1277/1487/34 1273/1486/38 
s 32
f 1273/1489/38 1277/1492/34 1276/1491/33 1274/1490/39 
s 64
f 1274/1493/39 1276/1496/33 1275/1495/32 1271/1494/36 
s 2
f 1279/1497/36 1280/1500/37 1281/1499/38 1282/1498/39 
s 4
f 1283/1501/32 1284/1504/33 1285/1503/34 1286/1502/35 
s 8
f 1279/1505/36 1283/1508/32 1286/1507/35 1280/1506/37 
s 16
f 1280/1509/37 1286/1512/35 1285/1511/34 1281/1510/38 
s 32
f 1281/1513/38 1285/1516/34 1284/1515/33 1282/1514/39 
s 64
f 1282/1517/39 1284/1520/33 1283/1519/32 1279/1518/36 
s 2
f 1287/1521/36 1288/1524/37 1289/1523/38 1290/1522/39 
s 4
f 1291/1525/32 1292/1528/33 1293/1527/34 1294/1526/35 
s 8
f 1287/1529/36 1291/1532/32 1294/1531/35 1288/1530/37 
s 16
f 1288/1533/37 1294/1536/35 1293/1535/34 1289/1534/38 
s 32
f 1289/1537/38 1293/1540/34 1292/1539/33 1290/1538/39 
s 64
f 1290/1541/39 1292/1544/33 1291/1543/32 1287/1542/36 
s 2
f 1295/1545/36 1296/1548/37 1297/1547/38 1298/1546/39 
s 4
f 1299/1549/32 1300/1552/33 1301/1551/34 1302/1550/35 
s 8
f 1295/1553/36 1299/1556/32 1302/1555/35 1296/1554/37 
s 16
f 1296/1557/37 1302/1560/35 1301/1559/34 1297/1558/38 
s 32
f 1297/1561/38 1301/1564/34 1300/1563/33 1298/1562/39 
s 64
f 1298/1565/39 1300/1568/33 1299/1567/32 1295/1566/36 
s 2
f 1303/1569/36 1304/1572/37 1305/1571/38 1306/1570/39 
s 4
f 1307/1573/32 1308/1576/33 1309/1575/34 1310/1574/35 
s 8
f 1303/1577/36 1307/1580/32 1310/1579/35 1304/1578/37 
s 16
f 1304/1581/37 1310/1584/35 1309/1583/34 1305/1582/38 
s 32
f 1305/1585/38 1309/1588/34 1308/1587/33 1306/1586/39 
s 64
f 1306/1589/39 1308/1592/33 1307/1591/32 1303/1590/36 
s 2
f 1311/1593/36 1312/1596/37 1313/1595/38 1314/1594/39 
s 4
f 1315/1597/32 1316/1600/33 1317/1599/34 1318/1598/35 
s 8
f 1311/1601/36 1315/1604/32 1318/1603/35 1312/1602/37 
s 16
f 1312/1605/37 1318/1608/35 1317/1607/34 1313/1606/38 
s 32
f 1313/1609/38 1317/1612/34 1316/1611/33 1314/1610/39 
s 64
f 1314/1613/39 1316/1616/33 1315/1615/32 1311/1614/36 
s 2
f 1319/1617/38 1320/1620/39 1321/1619/36 1322/1618/37 
s 4
f 1323/1621/34 1324/1624/35 1325/1623/32 1326/1622/33 
s 8
f 1319/1625/38 1323/1628/34 1326/1627/33 1320/1626/39 
s 16
f 1320/1629/39 1326/1632/33 1325/1631/32 1321/1630/36 
s 32
f 1321/1633/36 1325/1636/32 1324/1635/35 1322/1634/37 
s 64
f 1322/1637/37 1324/1640/35 1323/1639/34 1319/1638/38 
s 2
f 1327/1641/38 1328/1644/39 1329/1643/36 1330/1642/37 
s 4
f 1331/1645/34 1332/1648/35 1333/1647/32 1334/1646/33 
s 8
f 1327/1649/38 1331/1652/34 1334/1651/33 1328/1650/39 
s 16
f 1328/1653/39 1334/1656/33 1333/1655/32 1329/1654/36 
s 32
f 1329/1657/36 1333/1660/32 1332/1659/35 1330/1658/37 
s 64
f 1330/1661/37 1332/1664/35 1331/1663/34 1327/1662/38 
s 2
f 1335/1665/39 1336/1668/36 1337/1667/37 1338/1666/38 
s 4
f 1339/1669/33 1340/1672/34 1341/1671/35 1342/1670/32 
s 8
f 1335/1673/39 1339/1676/33 1342/1675/32 1336/1674/36 
s 16
f 1336/1677/36 1342/1680/32 1341/1679/35 1337/1678/37 
s 32
f 1337/1681/37 1341/1684/35 1340/1683/34 1338/1682/38 
s 64
f 1338/1685/38 1340/1688/34 1339/1687/33 1335/1686/39 
s 2
f 1343/1689/38 1344/1692/39 1345/1691/36 1346/1690/37 
s 4
f 1347/1693/34 1348/1696/35 1349/1695/32 1350/1694/33 
s 8
f 1343/1697/38 1347/1700/34 1350/1699/33 1344/1698/39 
s 16
f 1344/1701/39 1350/1704/33 1349/1703/32 1345/1702/36 
s 32
f 1345/1705/36 1349/1708/32 1348/1707/35 1346/1706/37 
s 64
f 1346/1709/37 1348/1712/35 1347/1711/34 1343/1710/38 
s 2
f 1351/1713/48 1352/1716/45 1353/1715/49 1354/1714/41 
s 4
f 1355/1717/46 1356/1720/40 1357/1719/47 1358/1718/44 
s 8
f 1351/1721/48 1355/1724/46 1358/1723/44 1352/1722/45 
s 16
f 1352/1725/45 1358/1728/44 1357/1727/47 1353/1726/49 
s 32
f 1353/1729/49 1357/1732/47 1356/1731/40 1354/1730/41 
s 64
f 1354/1733/41 1356/1736/40 1355/1735/46 1351/1734/48 
s 2
f 1359/1737/38 1360/1740/39 1361/1739/36 1362/1738/37 
s 4
f 1363/1741/34 1364/1744/35 1365/1743/32 1366/1742/33 
s 8
f 1359/1745/38 1363/1748/34 1366/1747/33 1360/1746/39 
s 16
f 1360/1749/39 1366/1752/33 1365/1751/32 1361/1750/36 
s 32
f 1361/1753/36 1365/1756/32 1364/1755/35 1362/1754/37 
s 64
f 1362/1757/37 1364/1760/35 1363/1759/34 1359/1758/38 
s 2
f 1367/1761/38 1368/1764/39 1369/1763/36 1370/1762/37 
s 4
f 1371/1765/34 1372/1768/35 1373/1767/32 1374/1766/33 
s 8
f 1367/1769/38 1371/1772/34 1374/1771/33 1368/1770/39 
s 16
f 1368/1773/39 1374/1776/33 1373/1775/32 1369/1774/36 
s 32
f 1369/1777/36 1373/1780/32 1372/1779/35 1370/1778/37 
s 64
f 1370/1781/37 1372/1784/35 1371/1783/34 1367/1782/38 
s 2
f 1375/1785/51 1376/1788/45 1377/1787/43 1378/1786/41 
s 4
f 1379/1789/50 1380/1792/40 1381/1791/42 1382/1790/44 
s 8
f 1375/1793/51 1379/1796/50 1382/1795/44 1376/1794/45 
s 16
f 1376/1797/45 1382/1800/44 1381/1799/42 1377/1798/43 
s 32
f 1377/1801/43 1381/1804/42 1380/1803/40 1378/1802/41 
s 64
f 1378/1805/41 1380/1808/40 1379/1807/50 1375/1806/51 
s 2
f 1383/1809/36 1384/1812/37 1385/1811/38 1386/1810/45 
s 4
f 1387/1813/32 1388/1816/44 1389/1815/34 1390/1814/35 
s 8
f 1383/1817/36 1387/1820/32 1390/1819/35 1384/1818/37 
s 16
f 1384/1821/37 1390/1824/35 1389/1823/34 1385/1822/38 
s 32
f 1385/1825/38 1389/1828/34 1388/1827/44 1386/1826/45 
s 64
f 1386/1829/45 1388/1832/44 1387/1831/32 1383/1830/36 
s 2
f 1391/1833/36 1392/1836/37 1393/1835/38 1394/1834/39 
s 4
f 1395/1837/32 1396/1840/33 1397/1839/34 1398/1838/35 
s 8
f 1391/1841/36 1395/1844/32 1398/1843/35 1392/1842/37 
s 16
f 1392/1845/37 1398/1848/35 1397/1847/34 1393/1846/38 
s 32
f 1393/1849/38 1397/1852/34 1396/1851/33 1394/1850/39 
s 64
f 1394/1853/39 1396/1856/33 1395/1855/32 1391/1854/36 
s 2
f 1399/1857/36 1400/1860/37 1401/1859/38 1402/1858/39 
s 4
f 1403/1861/32 1404/1864/33 1405/1863/34 1406/1862/35 
s 8
f 1399/1865/36 1403/1868/32 1406/1867/35 1400/1866/37 
s 16
f 1400/1869/37 1406/1872/35 1405/1871/34 1401/1870/38 
s 32
f 1401/1873/38 1405/1876/34 1404/1875/33 1402/1874/39 
s 64
f 1402/1877/39 1404/1880/33 1403/1879/32 1399/1878/36 
s 2
f 1407/1881/43 1408/1884/41 1409/1883/38 1410/1882/39 
s 4
f 1411/1885/42 1412/1888/33 1413/1887/34 1414/1886/40 
s 8
f 1407/1889/43 1411/1892/42 1414/1891/40 1408/1890/41 
s 16
f 1408/1893/41 1414/1896/40 1413/1895/34 1409/1894/38 
s 32
f 1409/1897/38 1413/1900/34 1412/1899/33 1410/1898/39 
s 64
f 1410/1901/39 1412/1904/33 1411/1903/42 1407/1902/43 
s 2
f 1415/1905/36 1416/1908/37 1417/1907/38 1418/1906/39 
s 4
f 1419/1909/32 1420/1912/33 1421/1911/34 1422/1910/35 
s 8
f 1415/1913/36 1419/1916/32 1422/1915/35 1416/1914/37 
s 16
f 1416/1917/37 1422/1920/35 1421/1919/34 1417/1918/38 
s 32
f 1417/1921/38 1421/1924/34 1420/1923/33 1418/1922/39 
s 64
f 1418/1925/39 1420/1928/33 1419/1927/32 1415/1926/36 
s 2
f 1423/1929/38 1424/1932/45 1425/1931/36 1426/1930/41 
s 4
f 1427/1933/34 1428/1936/40 1429/1935/32 1430/1934/44 
s 8
f 1423/1937/38 1427/1940/34 1430/1939/44 1424/1938/45 
s 16
f 1424/1941/45 1430/1944/44 1429/1943/32 1425/1942/36 
s 32
f 1425/1945/36 1429/1948/32 1428/1947/40 1426/1946/41 
s 64
f 1426/1949/41 1428/1952/40 1427/1951/34 1423/1950/38 
s 2
f 1431/1953/39 1432/1956/36 1433/1955/37 1434/1954/38 
s 4
f 1435/1957/33 1436/1960/34 1437/1959/35 1438/1958/32 
s 8
f 1431/1961/39 1435/1964/33 1438/1963/32 1432/1962/36 
s 16
f 1432/1965/36 1438/1968/32 1437/1967/35 1433/1966/37 
s 32
f 1433/1969/37 1437/1972/35 1436/1971/34 1434/1970/38 
s 64
f 1434/1973/38 1436/1976/34 1435/1975/33 1431/1974/39 
s 2
f 1439/1977/39 1440/1980/36 1441/1979/37 1442/1978/38 
s 4
f 1443/1981/33 1444/1984/34 1445/1983/35 1446/1982/32 
s 8
f 1439/1985/39 1443/1988/33 1446/1987/32 1440/1986/36 
s 16
f 1440/1989/36 1446/1992/32 1445/1991/35 1441/1990/37 
s 32
f 1441/1993/37 1445/1996/35 1444/1995/34 1442/1994/38 
s 64
f 1442/1997/38 1444/2000/34 1443/1999/33 1439/1998/39 
s 2
f 1447/2001/36 1448/2004/37 1449/2003/38 1450/2002/39 
s 4
f 1451/2005/32 1452/2008/33 1453/2007/34 1454/2006/35 
s 8
f 1447/2009/36 1451/2012/32 1454/2011/35 1448/2010/37 
s 16
f 1448/2013/37 1454/2016/35 1453/2015/34 1449/2014/38 
s 32
f 1449/2017/38 1453/2020/34 1452/2019/33 1450/2018/39 
s 64
f 1450/2021/39 1452/2024/33 1451/2023/32 1447/2022/36 
s 2
f 1455/2025/36 1456/2028/37 1457/2027/38 1458/2026/39 
s 4
f 1459/2029/32 1460/2032/33 1461/2031/34 1462/2030/35 
s 8
f 1455/2033/36 1459/2036/32 1462/2035/35 1456/2034/37 
s 16
f 1456/2037/37 1462/2040/35 1461/2039/34 1457/2038/38 
s 32
f 1457/2041/38 1461/2044/34 1460/2043/33 1458/2042/39 
s 64
f 1458/2045/39 1460/2048/33 1459/2047/32 1455/2046/36 
s 2
f 1463/2049/36 1464/2052/37 1465/2051/38 1466/2050/39 
s 4
f 1467/2053/32 1468/2056/33 1469/2055/34 1470/2054/35 
s 8
f 1463/2057/36 1467/2060/32 1470/2059/35 1464/2058/37 
s 16
f 1464/2061/37 1470/2064/35 1469/2063/34 1465/2062/38 
s 32
f 1465/2065/38 1469/2068/34 1468/2067/33 1466/2066/39 
s 64
f 1466/2069/39 1468/2072/33 1467/2071/32 1463/2070/36 
s 2
f 1471/2073/36 1472/2076/37 1473/2075/38 1474/2074/39 
s 4
f 1475/2077/32 1476/2080/33 1477/2079/34 1478/2078/35 
s 8
f 1471/2081/36 1475/2084/32 1478/2083/35 1472/2082/37 
s 16
f 1472/2085/37 1478/2088/35 1477/2087/34 1473/2086/38 
s 32
f 1473/2089/38 1477/2092/34 1476/2091/33 1474/2090/39 
s 64
f 1474/2093/39 1476/2096/33 1475/2095/32 1471/2094/36 
s 2
f 1479/2097/36 1480/2100/37 1481/2099/38 1482/2098/39 
s 4
f 1483/2101/32 1484/2104/33 1485/2103/34 1486/2102/35 
s 8
f 1479/2105/36 1483/2108/32 1486/2107/35 1480/2106/37 
s 16
f 1480/2109/37 1486/2112/35 1485/2111/34 1481/2110/38 
s 32
f 1481/2113/38 1485/2116/34 1484/2115/33 1482/2114/39 
s 64
f 1482/2117/39 1484/2120/33 1483/2119/32 1479/2118/36 
s 2
f 1487/2121/36 1488/2124/41 1489/2123/38 1490/2122/39 
s 4
f 1491/2125/32 1492/2128/33 1493/2127/34 1494/2126/40 
s 8
f 1487/2129/36 1491/2132/32 1494/2131/40 1488/2130/41 
s 16
f 1488/2133/41 1494/2136/40 1493/2135/34 1489/2134/38 
s 32
f 1489/2137/38 1493/2140/34 1492/2139/33 1490/2138/39 
s 64
f 1490/2141/39 1492/2144/33 1491/2143/32 1487/2142/36 
s 2
f 1495/2145/36 1496/2148/37 1497/2147/38 1498/2146/39 
s 4
f 1499/2149/32 1500/2152/33 1501/2151/34 1502/2150/35 
s 8
f 1495/2153/36 1499/2156/32 1502/2155/35 1496/2154/37 
s 16
f 1496/2157/37 1502/2160/35 1501/2159/34 1497/2158/38 
s 32
f 1497/2161/38 1501/2164/34 1500/2163/33 1498/2162/39 
s 64
f 1498/2165/39 1500/2168/33 1499/2167/32 1495/2166/36 
s 2
f 1503/2169/36 1504/2172/37 1505/2171/38 1506/2170/39 
s 4
f 1507/2173/32 1508/2176/33 1509/2175/34 1510/2174/35 
s 8
f 1503/2177/36 1507/2180/32 1510/2179/35 1504/2178/37 
s 16
f 1504/2181/37 1510/2184/35 1509/2183/34 1505/2182/38 
s 32
f 1505/2185/38 1509/2188/34 1508/2187/33 1506/2186/39 
s 64
f 1506/2189/39 1508/2192/33 1507/2191/32 1503/2190/36 
s 2
f 1511/2193/36 1512/2196/37 1513/2195/38 1514/2194/39 
s 4
f 1515/2197/32 1516/2200/33 1517/2199/34 1518/2198/35 
s 8
f 1511/2201/36 1515/2204/32 1518/2203/35 1512/2202/37 
s 16
f 1512/2205/37 1518/2208/35 1517/2207/34 1513/2206/38 
s 32
f 1513/2209/38 1517/2212/34 1516/2211/33 1514/2210/39 
s 64
f 1514/2213/39 1516/2216/33 1515/2215/32 1511/2214/36 
s 2
f 223/273/36 226/276/37 225/275/38 224/274/39 
s 4
f 1519/277/32 1520/280/33 1521/279/34 1522/278/35 
s 8
f 223/281/36 1519/284/32 1522/283/35 226/282/37 
s 16
f 226/285/37 1522/288/35 1521/287/34 225/286/38 
s 32
f 225/289/38 1521/292/34 1520/291/33 224/290/39 
s 64
f 224/293/39 1520/296/33 1519/295/32 223/294/36 
s 2
f 231/297/36 234/300/37 233/299/38 232/298/39 
s 4
f 1523/301/32 1524/304/33 1525/303/34 1526/302/35 
s 8
f 231/305/36 1523/308/32 1526/307/35 234/306/37 
s 16
f 234/309/37 1526/312/35 1525/311/34 233/310/38 
s 32
f 233/313/38 1525/316/34 1524/315/33 232/314/39 
s 64
f 232/317/39 1524/320/33 1523/319/32 231/318/36 
s 2
f 239/321/36 242/324/37 241/323/38 240/322/39 
s 4
f 1527/325/32 1528/328/33 1529/327/34 1530/326/35 
s 8
f 239/329/36 1527/332/32 1530/331/35 242/330/37 
s 16
f 242/333/37 1530/336/35 1529/335/34 241/334/38 
s 32
f 241/337/38 1529/340/34 1528/339/33 240/338/39 
s 64
f 240/341/39 1528/344/33 1527/343/32 239/342/36 
s 2
f 247/345/36 250/348/37 249/347/38 248/346/39 
s 4
f 1531/349/32 1532/352/33 1533/351/34 1534/350/35 
s 8
f 247/353/36 1531/356/32 1534/355/35 250/354/37 
s 16
f 250/357/37 1534/360/35 1533/359/34 249/358/38 
s 32
f 249/361/38 1533/364/34 1532/363/33 248/362/39 
s 64
f 248/365/39 1532/368/33 1531/367/32 247/366/36 
s 2
f 255/369/36 258/372/37 257/371/38 256/370/39 
s 4
f 1535/373/32 1536/376/33 1537/375/34 1538/374/35 
s 8
f 255/377/36 1535/380/32 1538/379/35 258/378/37 
s 16
f 258/381/37 1538/384/35 1537/383/34 257/382/38 
s 32
f 257/385/38 1537/388/34 1536/387/33 256/386/39 
s 64
f 256/389/39 1536/392/33 1535/391/32 255/390/36 
s 2
f 263/393/36 266/396/37 265/395/38 264/394/39 
s 4
f 1539/397/32 1540/400/33 1541/399/34 1542/398/35 
s 8
f 263/401/36 1539/404/32 1542/403/35 266/402/37 
s 16
f 266/405/37 1542/408/35 1541/407/34 265/406/38 
s 32
f 265/409/38 1541/412/34 1540/411/33 264/410/39 
s 64
f 264/413/39 1540/416/33 1539/415/32 263/414/36 
s 2
f 271/417/36 274/420/37 273/419/38 272/418/39 
s 4
f 1543/421/32 1544/424/33 1545/423/34 1546/422/35 
s 8
f 271/425/36 1543/428/32 1546/427/35 274/426/37 
s 16
f 274/429/37 1546/432/35 1545/431/34 273/430/38 
s 32
f 273/433/38 1545/436/34 1544/435/33 272/434/39 
s 64
f 272/437/39 1544/440/33 1543/439/32 271/438/36 
s 2
f 279/441/36 282/444/37 281/443/38 280/442/39 
s 4
f 1547/445/32 1548/448/33 1549/447/34 1550/446/35 
s 8
f 279/449/36 1547/452/32 1550/451/35 282/450/37 
s 16
f 282/453/37 1550/456/35 1549/455/34 281/454/38 
s 32
f 281/457/38 1549/460/34 1548/459/33 280/458/39 
s 64
f 280/461/39 1548/464/33 1547/463/32 279/462/36 
s 2
f 287/465/36 290/468/37 289/467/38 288/466/39 
s 4
f 1551/469/32 1552/472/33 1553/471/34 1554/470/35 
s 8
f 287/473/36 1551/476/32 1554/475/35 290/474/37 
s 16
f 290/477/37 1554/480/35 1553/479/34 289/478/38 
s 32
f 289/481/38 1553/484/34 1552/483/33 288/482/39 
s 64
f 288/485/39 1552/488/33 1551/487/32 287/486/36 
s 2
f 295/489/36 298/492/37 297/491/38 296/490/39 
s 4
f 1555/493/32 1556/496/33 1557/495/34 1558/494/35 
s 8
f 295/497/36 1555/500/32 1558/499/35 298/498/37 
s 16
f 298/501/37 1558/504/35 1557/503/34 297/502/38 
s 32
f 297/505/38 1557/508/34 1556/507/33 296/506/39 
s 64
f 296/509/39 1556/512/33 1555/511/32 295/510/36 
s 2
f 303/513/36 306/516/37 305/515/38 304/514/39 
s 4
f 1559/517/32 1560/520/33 1561/519/34 1562/518/35 
s 8
f 303/521/36 1559/524/32 1562/523/35 306/522/37 
s 16
f 306/525/37 1562/528/35 1561/527/34 305/526/38 
s 32
f 305/529/38 1561/532/34 1560/531/33 304/530/39 
s 64
f 304/533/39 1560/536/33 1559/535/32 303/534/36 
s 2
f 311/537/36 314/540/37 313/539/38 312/538/39 
s 4
f 1563/541/32 1564/544/33 1565/543/34 1566/542/35 
s 8
f 311/545/36 1563/548/32 1566/547/35 314/546/37 
s 16
f 314/549/37 1566/552/35 1565/551/34 313/550/38 
s 32
f 313/553/38 1565/556/34 1564/555/33 312/554/39 
s 64
f 312/557/39 1564/560/33 1563/559/32 311/558/36 
s 2
f 319/561/36 322/564/37 321/563/38 320/562/39 
s 4
f 1567/565/32 1568/568/33 1569/567/34 1570/566/35 
s 8
f 319/569/36 1567/572/32 1570/571/35 322/570/37 
s 16
f 322/573/37 1570/576/35 1569/575/34 321/574/38 
s 32
f 321/577/38 1569/580/34 1568/579/33 320/578/39 
s 64
f 320/581/39 1568/584/33 1567/583/32 319/582/36 
s 2
f 327/585/36 330/588/37 329/587/38 328/586/39 
s 4
f 1571/589/32 1572/592/33 1573/591/34 1574/590/35 
s 8
f 327/593/36 1571/596/32 1574/595/35 330/594/37 
s 16
f 330/597/37 1574/600/35 1573/599/34 329/598/38 
s 32
f 329/601/38 1573/604/34 1572/603/33 328/602/39 
s 64
f 328/605/39 1572/608/33 1571/607/32 327/606/36 
s 2
f 335/609/36 338/612/37 337/611/38 336/610/39 
s 4
f 1575/613/32 1576/616/33 1577/615/34 1578/614/35 
s 8
f 335/617/36 1575/620/32 1578/619/35 338/618/37 
s 16
f 338/621/37 1578/624/35 1577/623/34 337/622/38 
s 32
f 337/625/38 1577/628/34 1576/627/33 336/626/39 
s 64
f 336/629/39 1576/632/33 1575/631/32 335/630/36 
s 2
f 343/633/36 346/636/37 345/635/38 344/634/39 
s 4
f 1579/637/32 1580/640/33 1581/639/34 1582/638/35 
s 8
f 343/641/36 1579/644/32 1582/643/35 346/642/37 
s 16
f 346/645/37 1582/648/35 1581/647/34 345/646/38 
s 32
f 345/649/38 1581/652/34 1580/651/33 344/650/39 
s 64
f 344/653/39 1580/656/33 1579/655/32 343/654/36 
s 2
f 351/657/36 354/660/37 353/659/38 352/658/39 
s 4
f 1583/661/32 1584/664/33 1585/663/34 1586/662/35 
s 8
f 351/665/36 1583/668/32 1586/667/35 354/666/37 
s 16
f 354/669/37 1586/672/35 1585/671/34 353/670/38 
s 32
f 353/673/38 1585/676/34 1584/675/33 352/674/39 
s 64
f 352/677/39 1584/680/33 1583/679/32 351/678/36 
s 2
f 359/681/36 362/684/37 361/683/38 360/682/39 
s 4
f 1587/685/32 1588/688/33 1589/687/34 1590/686/35 
s 8
f 359/689/36 1587/692/32 1590/691/35 362/690/37 
s 16
f 362/693/37 1590/696/35 1589/695/34 361/694/38 
s 32
f 361/697/38 1589/700/34 1588/699/33 360/698/39 
s 64
f 360/701/39 1588/704/33 1587/703/32 359/702/36 
s 2
f 367/705/36 370/708/37 369/707/38 368/706/39 
s 4
f 1591/709/32 1592/712/33 1593/711/34 1594/710/35 
s 8
f 367/713/36 1591/716/32 1594/715/35 370/714/37 
s 16
f 370/717/37 1594/720/35 1593/719/34 369/718/38 
s 32
f 369/721/38 1593/724/34 1592/723/33 368/722/39 
s 64
f 368/725/39 1592/728/33 1591/727/32 367/726/36 
s 2
f 375/729/36 378/732/37 377/731/38 376/730/39 
s 4
f 1595/733/32 1596/736/33 1597/735/34 1598/734/35 
s 8
f 375/737/36 1595/740/32 1598/739/35 378/738/37 
s 16
f 378/741/37 1598/744/35 1597/743/34 377/742/38 
s 32
f 377/745/38 1597/748/34 1596/747/33 376/746/39 
s 64
f 376/749/39 1596/752/33 1595/751/32 375/750/36 
s 2
f 383/753/36 386/756/37 385/755/38 384/754/39 
s 4
f 1599/757/32 1600/760/33 1601/759/34 1602/758/35 
s 8
f 383/761/36 1599/764/32 1602/763/35 386/762/37 
s 16
f 386/765/37 1602/768/35 1601/767/34 385/766/38 
s 32
f 385/769/38 1601/772/34 1600/771/33 384/770/39 
s 64
f 384/773/39 1600/776/33 1599/775/32 383/774/36 
s 2
f 391/777/36 394/780/37 393/779/38 392/778/39 
s 4
f 1603/781/32 1604/784/33 1605/783/34 1606/782/35 
s 8
f 391/785/36 1603/788/32 1606/787/35 394/786/37 
s 16
f 394/789/37 1606/792/35 1605/791/34 393/790/38 
s 32
f 393/793/38 1605/796/34 1604/795/33 392/794/39 
s 64
f 392/797/39 1604/800/33 1603/799/32 391/798/36 
s 2
f 399/801/36 402/804/37 401/803/38 400/802/39 
s 4
f 1607/805/32 1608/808/33 1609/807/34 1610/806/35 
s 8
f 399/809/36 1607/812/32 1610/811/35 402/810/37 
s 16
f 402/813/37 1610/816/35 1609/815/34 401/814/38 
s 32
f 401/817/38 1609/820/34 1608/819/33 400/818/39 
s 64
f 400/821/39 1608/824/33 1607/823/32 399/822/36 
s 2
f 407/825/36 410/828/37 409/827/38 408/826/39 
s 4
f 1611/829/32 1612/832/33 1613/831/34 1614/830/35 
s 8
f 407/833/36 1611/836/32 1614/835/35 410/834/37 
s 16
f 410/837/37 1614/840/35 1613/839/34 409/838/38 
s 32
f 409/841/38 1613/844/34 1612/843/33 408/842/39 
s 64
f 408/845/39 1612/848/33 1611/847/32 407/846/36 
s 2
f 415/849/36 418/852/37 417/851/38 416/850/39 
s 4
f 1615/853/32 1616/856/33 1617/855/34 1618/854/35 
s 8
f 415/857/36 1615/860/32 1618/859/35 418/858/37 
s 16
f 418/861/37 1618/864/35 1617/863/34 417/862/38 
s 32
f 417/865/38 1617/868/34 1616/867/33 416/866/39 
s 64
f 416/869/39 1616/872/33 1615/871/32 415/870/36 
s 2
f 423/873/36 426/876/37 425/875/38 424/874/39 
s 4
f 1619/877/32 1620/880/33 1621/879/34 1622/878/35 
s 8
f 423/881/36 1619/884/32 1622/883/35 426/882/37 
s 16
f 426/885/37 1622/888/35 1621/887/34 425/886/38 
s 32
f 425/889/38 1621/892/34 1620/891/33 424/890/39 
s 64
f 424/893/39 1620/896/33 1619/895/32 423/894/36 
s 2
f 431/897/36 434/900/37 433/899/38 432/898/39 
s 4
f 1623/901/32 1624/904/33 1625/903/34 1626/902/35 
s 8
f 431/905/36 1623/908/32 1626/907/35 434/906/37 
s 16
f 434/909/37 1626/912/35 1625/911/34 433/910/38 
s 32
f 433/913/38 1625/916/34 1624/915/33 432/914/39 
s 64
f 432/917/39 1624/920/33 1623/919/32 431/918/36 
s 2
f 439/921/36 442/924/37 441/923/38 440/922/39 
s 4
f 1627/925/32 1628/928/33 1629/927/34 1630/926/35 
s 8
f 439/929/36 1627/932/32 1630/931/35 442/930/37 
s 16
f 442/933/37 1630/936/35 1629/935/34 441/934/38 
s 32
f 441/937/38 1629/940/34 1628/939/33 440/938/39 
s 64
f 440/941/39 1628/944/33 1627/943/32 439/942/36 
s 2
f 1631/945/36 1632/948/37 1633/947/38 1634/946/39 
s 4
f 1635/949/32 1636/952/33 1637/951/34 1638/950/35 
s 8
f 1631/953/36 1635/956/32 1638/955/35 1632/954/37 
s 16
f 1632/957/37 1638/960/35 1637/959/34 1633/958/38 
s 32
f 1633/961/38 1637/964/34 1636/963/33 1634/962/39 
s 64
f 1634/965/39 1636/968/33 1635/967/32 1631/966/36 
s 2
f 1639/969/36 1640/972/37 1641/971/38 1642/970/39 
s 4
f 1643/973/32 1644/976/33 1645/975/34 1646/974/35 
s 8
f 1639/977/36 1643/980/32 1646/979/35 1640/978/37 
s 16
f 1640/981/37 1646/984/35 1645/983/34 1641/982/38 
s 32
f 1641/985/38 1645/988/34 1644/987/33 1642/986/39 
s 64
f 1642/989/39 1644/992/33 1643/991/32 1639/990/36 
s 2
f 1647/993/36 1648/996/37 1649/995/38 1650/994/39 
s 4
f 1651/997/32 1652/1000/33 1653/999/34 1654/998/35 
s 8
f 1647/1001/36 1651/1004/32 1654/1003/35 1648/1002/37 
s 16
f 1648/1005/37 1654/1008/35 1653/1007/34 1649/1006/38 
s 32
f 1649/1009/38 1653/1012/34 1652/1011/33 1650/1010/39 
s 64
f 1650/1013/39 1652/1016/33 1651/1015/32 1647/1014/36 
s 2
f 471/1017/36 474/1020/37 473/1019/38 472/1018/39 
s 4
f 1655/1021/32 1656/1024/33 1657/1023/34 1658/1022/35 
s 8
f 471/1025/36 1655/1028/32 1658/1027/35 474/1026/37 
s 16
f 474/1029/37 1658/1032/35 1657/1031/34 473/1030/38 
s 32
f 473/1033/38 1657/1036/34 1656/1035/33 472/1034/39 
s 64
f 472/1037/39 1656/1040/33 1655/1039/32 471/1038/36 
s 2
f 1659/1041/36 1660/1044/37 1661/1043/38 1662/1042/39 
s 4
f 1663/1045/32 1664/1048/33 1665/1047/34 1666/1046/35 
s 8
f 1659/1049/36 1663/1052/32 1666/1051/35 1660/1050/37 
s 16
f 1660/1053/37 1666/1056/35 1665/1055/34 1661/1054/38 
s 32
f 1661/1057/38 1665/1060/34 1664/1059/33 1662/1058/39 
s 64
f 1662/1061/39 1664/1064/33 1663/1063/32 1659/1062/36 
s 2
f 487/1065/36 490/1068/37 489/1067/38 488/1066/39 
s 4
f 1667/1069/32 1668/1072/33 1669/1071/34 1670/1070/35 
s 8
f 487/1073/36 1667/1076/32 1670/1075/35 490/1074/37 
s 16
f 490/1077/37 1670/1080/35 1669/1079/34 489/1078/38 
s 32
f 489/1081/38 1669/1084/34 1668/1083/33 488/1082/39 
s 64
f 488/1085/39 1668/1088/33 1667/1087/32 487/1086/36 
s 2
f 495/1089/36 498/1092/37 497/1091/38 496/1090/39 
s 4
f 1671/1093/32 1672/1096/33 1673/1095/34 1674/1094/35 
s 8
f 495/1097/36 1671/1100/32 1674/1099/35 498/1098/37 
s 16
f 498/1101/37 1674/1104/35 1673/1103/34 497/1102/38 
s 32
f 497/1105/38 1673/1108/34 1672/1107/33 496/1106/39 
s 64
f 496/1109/39 1672/1112/33 1671/1111/32 495/1110/36 
s 2
f 503/1113/36 506/1116/37 505/1115/38 504/1114/39 
s 4
f 1675/1117/32 1676/1120/33 1677/1119/34 1678/1118/35 
s 8
f 503/1121/36 1675/1124/32 1678/1123/35 506/1122/37 
s 16
f 506/1125/37 1678/1128/35 1677/1127/34 505/1126/38 
s 32
f 505/1129/38 1677/1132/34 1676/1131/33 504/1130/39 
s 64
f 504/1133/39 1676/1136/33 1675/1135/32 503/1134/36 
s 2
f 511/1137/36 514/1140/37 513/1139/38 512/1138/39 
s 4
f 1679/1141/32 1680/1144/33 1681/1143/34 1682/1142/35 
s 8
f 511/1145/36 1679/1148/32 1682/1147/35 514/1146/37 
s 16
f 514/1149/37 1682/1152/35 1681/1151/34 513/1150/38 
s 32
f 513/1153/38 1681/1156/34 1680/1155/33 512/1154/39 
s 64
f 512/1157/39 1680/1160/33 1679/1159/32 511/1158/36 
s 2
f 519/1161/36 522/1164/41 521/1163/38 520/1162/39 
s 4
f 1683/1165/32 1684/1168/33 1685/1167/34 1686/1166/40 
s 8
f 519/1169/36 1683/1172/32 1686/1171/40 522/1170/41 
s 16
f 522/1173/41 1686/1176/40 1685/1175/34 521/1174/38 
s 32
f 521/1177/38 1685/1180/34 1684/1179/33 520/1178/39 
s 64
f 520/1181/39 1684/1184/33 1683/1183/32 519/1182/36 
s 2
f 527/1185/43 530/1188/41 529/1187/38 528/1186/39 
s 4
f 1687/1189/42 1688/1192/33 1689/1191/34 1690/1190/40 
s 8
f 527/1193/43 1687/1196/42 1690/1195/40 530/1194/41 
s 16
f 530/1197/41 1690/1200/40 1689/1199/34 529/1198/38 
s 32
f 529/1201/38 1689/1204/34 1688/1203/33 528/1202/39 
s 64
f 528/1205/39 1688/1208/33 1687/1207/42 527/1206/43 
s 2
f 535/1209/36 538/1212/37 537/1211/38 536/1210/39 
s 4
f 1691/1213/32 1692/1216/33 1693/1215/34 1694/1214/35 
s 8
f 535/1217/36 1691/1220/32 1694/1219/35 538/1218/37 
s 16
f 538/1221/37 1694/1224/35 1693/1223/34 537/1222/38 
s 32
f 537/1225/38 1693/1228/34 1692/1227/33 536/1226/39 
s 64
f 536/1229/39 1692/1232/33 1691/1231/32 535/1230/36 
s 2
f 543/1233/39 546/1236/36 545/1235/37 544/1234/38 
s 4
f 1695/1237/33 1696/1240/34 1697/1239/35 1698/1238/32 
s 8
f 543/1241/39 1695/1244/33 1698/1243/32 546/1242/36 
s 16
f 546/1245/36 1698/1248/32 1697/1247/35 545/1246/37 
s 32
f 545/1249/37 1697/1252/35 1696/1251/34 544/1250/38 
s 64
f 544/1253/38 1696/1256/34 1695/1255/33 543/1254/39 
s 2
f 551/1257/38 554/1260/39 553/1259/36 552/1258/37 
s 4
f 1699/1261/34 1700/1264/35 1701/1263/32 1702/1262/33 
s 8
f 551/1265/38 1699/1268/34 1702/1267/33 554/1266/39 
s 16
f 554/1269/39 1702/1272/33 1701/1271/32 553/1270/36 
s 32
f 553/1273/36 1701/1276/32 1700/1275/35 552/1274/37 
s 64
f 552/1277/37 1700/1280/35 1699/1279/34 551/1278/38 
s 2
f 559/1281/38 562/1284/39 561/1283/36 560/1282/37 
s 4
f 1703/1285/34 1704/1288/35 1705/1287/32 1706/1286/33 
s 8
f 559/1289/38 1703/1292/34 1706/1291/33 562/1290/39 
s 16
f 562/1293/39 1706/1296/33 1705/1295/32 561/1294/36 
s 32
f 561/1297/36 1705/1300/32 1704/1299/35 560/1298/37 
s 64
f 560/1301/37 1704/1304/35 1703/1303/34 559/1302/38 
s 2
f 567/1305/38 570/1308/39 569/1307/36 568/1306/37 
s 4
f 1707/1309/34 1708/1312/35 1709/1311/32 1710/1310/33 
s 8
f 567/1313/38 1707/1316/34 1710/1315/33 570/1314/39 
s 16
f 570/1317/39 1710/1320/33 1709/1319/32 569/1318/36 
s 32
f 569/1321/36 1709/1324/32 1708/1323/35 568/1322/37 
s 64
f 568/1325/37 1708/1328/35 1707/1327/34 567/1326/38 
s 2
f 575/1329/38 578/1332/39 577/1331/36 576/1330/37 
s 4
f 1711/1333/34 1712/1336/35 1713/1335/32 1714/1334/33 
s 8
f 575/1337/38 1711/1340/34 1714/1339/33 578/1338/39 
s 16
f 578/1341/39 1714/1344/33 1713/1343/32 577/1342/36 
s 32
f 577/1345/36 1713/1348/32 1712/1347/35 576/1346/37 
s 64
f 576/1349/37 1712/1352/35 1711/1351/34 575/1350/38 
s 2
f 583/1353/38 586/1356/39 585/1355/36 584/1354/37 
s 4
f 1715/1357/34 1716/1360/35 1717/1359/32 1718/1358/33 
s 8
f 583/1361/38 1715/1364/34 1718/1363/33 586/1362/39 
s 16
f 586/1365/39 1718/1368/33 1717/1367/32 585/1366/36 
s 32
f 585/1369/36 1717/1372/32 1716/1371/35 584/1370/37 
s 64
f 584/1373/37 1716/1376/35 1715/1375/34 583/1374/38 
s 2
f 591/1377/36 594/1380/37 593/1379/38 592/1378/39 
s 4
f 1719/1381/32 1720/1384/33 1721/1383/34 1722/1382/35 
s 8
f 591/1385/36 1719/1388/32 1722/1387/35 594/1386/37 
s 16
f 594/1389/37 1722/1392/35 1721/1391/34 593/1390/38 
s 32
f 593/1393/38 1721/1396/34 1720/1395/33 592/1394/39 
s 64
f 592/1397/39 1720/1400/33 1719/1399/32 591/1398/36 
s 2
f 599/1401/36 602/1404/37 601/1403/38 600/1402/39 
s 4
f 1723/1405/32 1724/1408/33 1725/1407/34 1726/1406/35 
s 8
f 599/1409/36 1723/1412/32 1726/1411/35 602/1410/37 
s 16
f 602/1413/37 1726/1416/35 1725/1415/34 601/1414/38 
s 32
f 601/1417/38 1725/1420/34 1724/1419/33 600/1418/39 
s 64
f 600/1421/39 1724/1424/33 1723/1423/32 599/1422/36 
s 2
f 607/1425/36 610/1428/37 609/1427/38 608/1426/45 
s 4
f 1727/1429/32 1728/1432/44 1729/1431/34 1730/1430/35 
s 8
f 607/1433/36 1727/1436/32 1730/1435/35 610/1434/37 
s 16
f 610/1437/37 1730/1440/35 1729/1439/34 609/1438/38 
s 32
f 609/1441/38 1729/1444/34 1728/1443/44 608/1442/45 
s 64
f 608/1445/45 1728/1448/44 1727/1447/32 607/1446/36 
s 2
f 615/1449/36 618/1452/37 617/1451/38 616/1450/39 
s 4
f 1731/1453/32 1732/1456/33 1733/1455/34 1734/1454/35 
s 8
f 615/1457/36 1731/1460/32 1734/1459/35 618/1458/37 
s 16
f 618/1461/37 1734/1464/35 1733/1463/34 617/1462/38 
s 32
f 617/1465/38 1733/1468/34 1732/1467/33 616/1466/39 
s 64
f 616/1469/39 1732/1472/33 1731/1471/32 615/1470/36 
s 2
f 623/1473/36 626/1476/37 625/1475/38 624/1474/39 
s 4
f 1735/1477/32 1736/1480/33 1737/1479/34 1738/1478/35 
s 8
f 623/1481/36 1735/1484/32 1738/1483/35 626/1482/37 
s 16
f 626/1485/37 1738/1488/35 1737/1487/34 625/1486/38 
s 32
f 625/1489/38 1737/1492/34 1736/1491/33 624/1490/39 
s 64
f 624/1493/39 1736/1496/33 1735/1495/32 623/1494/36 
s 2
f 631/1497/36 634/1500/37 633/1499/38 632/1498/39 
s 4
f 1739/1501/32 1740/1504/33 1741/1503/34 1742/1502/35 
s 8
f 631/1505/36 1739/1508/32 1742/1507/35 634/1506/37 
s 16
f 634/1509/37 1742/1512/35 1741/1511/34 633/1510/38 
s 32
f 633/1513/38 1741/1516/34 1740/1515/33 632/1514/39 
s 64
f 632/1517/39 1740/1520/33 1739/1519/32 631/1518/36 
s 2
f 639/1521/36 642/1524/37 641/1523/38 640/1522/39 
s 4
f 1743/1525/32 1744/1528/33 1745/1527/34 1746/1526/35 
s 8
f 639/1529/36 1743/1532/32 1746/1531/35 642/1530/37 
s 16
f 642/1533/37 1746/1536/35 1745/1535/34 641/1534/38 
s 32
f 641/1537/38 1745/1540/34 1744/1539/33 640/1538/39 
s 64
f 640/1541/39 1744/1544/33 1743/1543/32 639/1542/36 
s 2
f 647/1545/36 650/1548/37 649/1547/38 648/1546/39 
s 4
f 1747/1549/32 1748/1552/33 1749/1551/34 1750/1550/35 
s 8
f 647/1553/36 1747/1556/32 1750/1555/35 650/1554/37 
s 16
f 650/1557/37 1750/1560/35 1749/1559/34 649/1558/38 
s 32
f 649/1561/38 1749/1564/34 1748/1563/33 648/1562/39 
s 64
f 648/1565/39 1748/1568/33 1747/1567/32 647/1566/36 
s 2
f 655/1569/36 658/1572/37 657/1571/38 656/1570/39 
s 4
f 1751/1573/32 1752/1576/33 1753/1575/34 1754/1574/35 
s 8
f 655/1577/36 1751/1580/32 1754/1579/35 658/1578/37 
s 16
f 658/1581/37 1754/1584/35 1753/1583/34 657/1582/38 
s 32
f 657/1585/38 1753/1588/34 1752/1587/33 656/1586/39 
s 64
f 656/1589/39 1752/1592/33 1751/1591/32 655/1590/36 
s 2
f 663/1593/36 666/1596/37 665/1595/38 664/1594/39 
s 4
f 1755/1597/32 1756/1600/33 1757/1599/34 1758/1598/35 
s 8
f 663/1601/36 1755/1604/32 1758/1603/35 666/1602/37 
s 16
f 666/1605/37 1758/1608/35 1757/1607/34 665/1606/38 
s 32
f 665/1609/38 1757/1612/34 1756/1611/33 664/1610/39 
s 64
f 664/1613/39 1756/1616/33 1755/1615/32 663/1614/36 
s 2
f 671/1617/38 674/1620/39 673/1619/36 672/1618/37 
s 4
f 1759/1621/34 1760/1624/35 1761/1623/32 1762/1622/33 
s 8
f 671/1625/38 1759/1628/34 1762/1627/33 674/1626/39 
s 16
f 674/1629/39 1762/1632/33 1761/1631/32 673/1630/36 
s 32
f 673/1633/36 1761/1636/32 1760/1635/35 672/1634/37 
s 64
f 672/1637/37 1760/1640/35 1759/1639/34 671/1638/38 
s 2
f 679/1641/38 682/1644/39 681/1643/36 680/1642/37 
s 4
f 1763/1645/34 1764/1648/35 1765/1647/32 1766/1646/33 
s 8
f 679/1649/38 1763/1652/34 1766/1651/33 682/1650/39 
s 16
f 682/1653/39 1766/1656/33 1765/1655/32 681/1654/36 
s 32
f 681/1657/36 1765/1660/32 1764/1659/35 680/1658/37 
s 64
f 680/1661/37 1764/1664/35 1763/1663/34 679/1662/38 
s 2
f 687/1665/39 690/1668/36 689/1667/37 688/1666/38 
s 4
f 1767/1669/33 1768/1672/34 1769/1671/35 1770/1670/32 
s 8
f 687/1673/39 1767/1676/33 1770/1675/32 690/1674/36 
s 16
f 690/1677/36 1770/1680/32 1769/1679/35 689/1678/37 
s 32
f 689/1681/37 1769/1684/35 1768/1683/34 688/1682/38 
s 64
f 688/1685/38 1768/1688/34 1767/1687/33 687/1686/39 
s 2
f 695/1689/38 698/1692/39 697/1691/36 696/1690/37 
s 4
f 1771/1693/34 1772/1696/35 1773/1695/32 1774/1694/33 
s 8
f 695/1697/38 1771/1700/34 1774/1699/33 698/1698/39 
s 16
f 698/1701/39 1774/1704/33 1773/1703/32 697/1702/36 
s 32
f 697/1705/36 1773/1708/32 1772/1707/35 696/1706/37 
s 64
f 696/1709/37 1772/1712/35 1771/1711/34 695/1710/38 
s 2
f 703/1713/48 706/1716/45 705/1715/49 704/1714/41 
s 4
f 1775/1717/46 1776/1720/40 1777/1719/47 1778/1718/44 
s 8
f 703/1721/48 1775/1724/46 1778/1723/44 706/1722/45 
s 16
f 706/1725/45 1778/1728/44 1777/1727/47 705/1726/49 
s 32
f 705/1729/49 1777/1732/47 1776/1731/40 704/1730/41 
s 64
f 704/1733/41 1776/1736/40 1775/1735/46 703/1734/48 
s 2
f 711/1737/38 714/1740/39 713/1739/36 712/1738/37 
s 4
f 1779/1741/34 1780/1744/35 1781/1743/32 1782/1742/33 
s 8
f 711/1745/38 1779/1748/34 1782/1747/33 714/1746/39 
s 16
f 714/1749/39 1782/1752/33 1781/1751/32 713/1750/36 
s 32
f 713/1753/36 1781/1756/32 1780/1755/35 712/1754/37 
s 64
f 712/1757/37 1780/1760/35 1779/1759/34 711/1758/38 
s 2
f 719/1761/38 722/1764/39 721/1763/36 720/1762/37 
s 4
f 1783/1765/34 1784/1768/35 1785/1767/32 1786/1766/33 
s 8
f 719/1769/38 1783/1772/34 1786/1771/33 722/1770/39 
s 16
f 722/1773/39 1786/1776/33 1785/1775/32 721/1774/36 
s 32
f 721/1777/36 1785/1780/32 1784/1779/35 720/1778/37 
s 64
f 720/1781/37 1784/1784/35 1783/1783/34 719/1782/38 
s 2
f 727/1785/51 730/1788/45 729/1787/43 728/1786/41 
s 4
f 1787/1789/50 1788/1792/40 1789/1791/42 1790/1790/44 
s 8
f 727/1793/51 1787/1796/50 1790/1795/44 730/1794/45 
s 16
f 730/1797/45 1790/1800/44 1789/1799/42 729/1798/43 
s 32
f 729/1801/43 1789/1804/42 1788/1803/40 728/1802/41 
s 64
f 728/1805/41 1788/1808/40 1787/1807/50 727/1806/51 
s 2
f 735/1809/36 738/1812/37 737/1811/38 736/1810/45 
s 4
f 1791/1813/32 1792/1816/44 1793/1815/34 1794/1814/35 
s 8
f 735/1817/36 1791/1820/32 1794/1819/35 738/1818/37 
s 16
f 738/1821/37 1794/1824/35 1793/1823/34 737/1822/38 
s 32
f 737/1825/38 1793/1828/34 1792/1827/44 736/1826/45 
s 64
f 736/1829/45 1792/1832/44 1791/1831/32 735/1830/36 
s 2
f 743/1833/36 746/1836/37 745/1835/38 744/1834/39 
s 4
f 1795/1837/32 1796/1840/33 1797/1839/34 1798/1838/35 
s 8
f 743/1841/36 1795/1844/32 1798/1843/35 746/1842/37 
s 16
f 746/1845/37 1798/1848/35 1797/1847/34 745/1846/38 
s 32
f 745/1849/38 1797/1852/34 1796/1851/33 744/1850/39 
s 64
f 744/1853/39 1796/1856/33 1795/1855/32 743/1854/36 
s 2
f 751/1857/36 754/1860/37 753/1859/38 752/1858/39 
s 4
f 1799/1861/32 1800/1864/33 1801/1863/34 1802/1862/35 
s 8
f 751/1865/36 1799/1868/32 1802/1867/35 754/1866/37 
s 16
f 754/1869/37 1802/1872/35 1801/1871/34 753/1870/38 
s 32
f 753/1873/38 1801/1876/34 1800/1875/33 752/1874/39 
s 64
f 752/1877/39 1800/1880/33 1799/1879/32 751/1878/36 
s 2
f 759/1881/43 762/1884/41 761/1883/38 760/1882/39 
s 4
f 1803/1885/42 1804/1888/33 1805/1887/34 1806/1886/40 
s 8
f 759/1889/43 1803/1892/42 1806/1891/40 762/1890/41 
s 16
f 762/1893/41 1806/1896/40 1805/1895/34 761/1894/38 
s 32
f 761/1897/38 1805/1900/34 1804/1899/33 760/1898/39 
s 64
f 760/1901/39 1804/1904/33 1803/1903/42 759/1902/43 
s 2
f 767/1905/36 770/1908/37 769/1907/38 768/1906/39 
s 4
f 1807/1909/32 1808/1912/33 1809/1911/34 1810/1910/35 
s 8
f 767/1913/36 1807/1916/32 1810/1915/35 770/1914/37 
s 16
f 770/1917/37 1810/1920/35 1809/1919/34 769/1918/38 
s 32
f 769/1921/38 1809/1924/34 1808/1923/33 768/1922/39 
s 64
f 768/1925/39 1808/1928/33 1807/1927/32 767/1926/36 
s 2
f 775/1929/38 778/1932/45 777/1931/36 776/1930/41 
s 4
f 1811/1933/34 1812/1936/40 1813/1935/32 1814/1934/44 
s 8
f 775/1937/38 1811/1940/34 1814/1939/44 778/1938/45 
s 16
f 778/1941/45 1814/1944/44 1813/1943/32 777/1942/36 
s 32
f 777/1945/36 1813/1948/32 1812/1947/40 776/1946/41 
s 64
f 776/1949/41 1812/1952/40 1811/1951/34 775/1950/38 
s 2
f 783/1953/39 786/1956/36 785/1955/37 784/1954/38 
s 4
f 1815/1957/33 1816/1960/34 1817/1959/35 1818/1958/32 
s 8
f 783/1961/39 1815/1964/33 1818/1963/32 786/1962/36 
s 16
f 786/1965/36 1818/1968/32 1817/1967/35 785/1966/37 
s 32
f 785/1969/37 1817/1972/35 1816/1971/34 784/1970/38 
s 64
f 784/1973/38 1816/1976/34 1815/1975/33 783/1974/39 
s 2
f 791/1977/39 794/1980/36 793/1979/37 792/1978/38 
s 4
f 1819/1981/33 1820/1984/34 1821/1983/35 1822/1982/32 
s 8
f 791/1985/39 1819/1988/33 1822/1987/32 794/1986/36 
s 16
f 794/1989/36 1822/1992/32 1821/1991/35 793/1990/37 
s 32
f 793/1993/37 1821/1996/35 1820/1995/34 792/1994/38 
s 64
f 792/1997/38 1820/2000/34 1819/1999/33 791/1998/39 
s 2
f 799/2001/36 802/2004/37 801/2003/38 800/2002/39 
s 4
f 1823/2005/32 1824/2008/33 1825/2007/34 1826/2006/35 
s 8
f 799/2009/36 1823/2012/32 1826/2011/35 802/2010/37 
s 16
f 802/2013/37 1826/2016/35 1825/2015/34 801/2014/38 
s 32
f 801/2017/38 1825/2020/34 1824/2019/33 800/2018/39 
s 64
f 800/2021/39 1824/2024/33 1823/2023/32 799/2022/36 
s 2
f 807/2025/36 810/2028/37 809/2027/38 808/2026/39 
s 4
f 1827/2029/32 1828/2032/33 1829/2031/34 1830/2030/35 
s 8
f 807/2033/36 1827/2036/32 1830/2035/35 810/2034/37 
s 16
f 810/2037/37 1830/2040/35 1829/2039/34 809/2038/38 
s 32
f 809/2041/38 1829/2044/34 1828/2043/33 808/2042/39 
s 64
f 808/2045/39 1828/2048/33 1827/2047/32 807/2046/36 
s 2
f 815/2049/36 818/2052/37 817/2051/38 816/2050/39 
s 4
f 1831/2053/32 1832/2056/33 1833/2055/34 1834/2054/35 
s 8
f 815/2057/36 1831/2060/32 1834/2059/35 818/2058/37 
s 16
f 818/2061/37 1834/2064/35 1833/2063/34 817/2062/38 
s 32
f 817/2065/38 1833/2068/34 1832/2067/33 816/2066/39 
s 64
f 816/2069/39 1832/2072/33 1831/2071/32 815/2070/36 
s 2
f 823/2073/36 826/2076/37 825/2075/38 824/2074/39 
s 4
f 1835/2077/32 1836/2080/33 1837/2079/34 1838/2078/35 
s 8
f 823/2081/36 1835/2084/32 1838/2083/35 826/2082/37 
s 16
f 826/2085/37 1838/2088/35 1837/2087/34 825/2086/38 
s 32
f 825/2089/38 1837/2092/34 1836/2091/33 824/2090/39 
s 64
f 824/2093/39 1836/2096/33 1835/2095/32 823/2094/36 
s 2
f 831/2097/36 834/2100/37 833/2099/38 832/2098/39 
s 4
f 1839/2101/32 1840/2104/33 1841/2103/34 1842/2102/35 
s 8
f 831/2105/36 1839/2108/32 1842/2107/35 834/2106/37 
s 16
f 834/2109/37 1842/2112/35 1841/2111/34 833/2110/38 
s 32
f 833/2113/38 1841/2116/34 1840/2115/33 832/2114/39 
s 64
f 832/2117/39 1840/2120/33 1839/2119/32 831/2118/36 
s 2
f 839/2121/36 842/2124/41 841/2123/38 840/2122/39 
s 4
f 1843/2125/32 1844/2128/33 1845/2127/34 1846/2126/40 
s 8
f 839/2129/36 1843/2132/32 1846/2131/40 842/2130/41 
s 16
f 842/2133/41 1846/2136/40 1845/2135/34 841/2134/38 
s 32
f 841/2137/38 1845/2140/34 1844/2139/33 840/2138/39 
s 64
f 840/2141/39 1844/2144/33 1843/2143/32 839/2142/36 
s 2
f 847/2145/36 850/2148/37 849/2147/38 848/2146/39 
s 4
f 1847/2149/32 1848/2152/33 1849/2151/34 1850/2150/35 
s 8
f 847/2153/36 1847/2156/32 1850/2155/35 850/2154/37 
s 16
f 850/2157/37 1850/2160/35 1849/2159/34 849/2158/38 
s 32
f 849/2161/38 1849/2164/34 1848/2163/33 848/2162/39 
s 64
f 848/2165/39 1848/2168/33 1847/2167/32 847/2166/36 
s 2
f 855/2169/36 858/2172/37 857/2171/38 856/2170/39 
s 4
f 1851/2173/32 1852/2176/33 1853/2175/34 1854/2174/35 
s 8
f 855/2177/36 1851/2180/32 1854/2179/35 858/2178/37 
s 16
f 858/2181/37 1854/2184/35 1853/2183/34 857/2182/38 
s 32
f 857/2185/38 1853/2188/34 1852/2187/33 856/2186/39 
s 64
f 856/2189/39 1852/2192/33 1851/2191/32 855/2190/36 
s 2
f 863/2193/36 866/2196/37 865/2195/38 864/2194/39 
s 4
f 1855/2197/32 1856/2200/33 1857/2199/34 1858/2198/35 
s 8
f 863/2201/36 1855/2204/32 1858/2203/35 866/2202/37 
s 16
f 866/2205/37 1858/2208/35 1857/2207/34 865/2206/38 
s 32
f 865/2209/38 1857/2212/34 1856/2211/33 864/2210/39 
s 64
f 864/2213/39 1856/2216/33 1855/2215/32 863/2214/36 
s 2
f 1859/273/32 1860/274/33 1861/275/34 1862/276/35 
s 4
f 1863/277/36 1864/278/37 1865/279/38 1866/280/39 
s 8
f 1859/281/32 1862/282/35 1864/283/37 1863/284/36 
s 16
f 1862/285/35 1861/286/34 1865/287/38 1864/288/37 
s 32
f 1861/289/34 1860/290/33 1866/291/39 1865/292/38 
s 64
f 1860/293/33 1859/294/32 1863/295/36 1866/296/39 
s 2
f 1867/297/32 1868/298/33 1869/299/34 1870/300/35 
s 4
f 1871/301/36 1872/302/37 1873/303/38 1874/304/39 
s 8
f 1867/305/32 1870/306/35 1872/307/37 1871/308/36 
s 16
f 1870/309/35 1869/310/34 1873/311/38 1872/312/37 
s 32
f 1869/313/34 1868/314/33 1874/315/39 1873/316/38 
s 64
f 1868/317/33 1867/318/32 1871/319/36 1874/320/39 
s 2
f 1875/321/32 1876/322/33 1877/323/34 1878/324/35 
s 4
f 1879/325/36 1880/326/37 1881/327/38 1882/328/39 
s 8
f 1875/329/32 1878/330/35 1880/331/37 1879/332/36 
s 16
f 1878/333/35 1877/334/34 1881/335/38 1880/336/37 
s 32
f 1877/337/34 1876/338/33 1882/339/39 1881/340/38 
s 64
f 1876/341/33 1875/342/32 1879/343/36 1882/344/39 
s 2
f 1883/345/32 1884/346/33 1885/347/34 1886/348/35 
s 4
f 1887/349/36 1888/350/37 1889/351/38 1890/352/39 
s 8
f 1883/353/32 1886/354/35 1888/355/37 1887/356/36 
s 16
f 1886/357/35 1885/358/34 1889/359/38 1888/360/37 
s 32
f 1885/361/34 1884/362/33 1890/363/39 1889/364/38 
s 64
f 1884/365/33 1883/366/32 1887/367/36 1890/368/39 
s 2
f 1891/369/32 1892/370/33 1893/371/34 1894/372/35 
s 4
f 1895/373/36 1896/374/37 1897/375/38 1898/376/39 
s 8
f 1891/377/32 1894/378/35 1896/379/37 1895/380/36 
s 16
f 1894/381/35 1893/382/34 1897/383/38 1896/384/37 
s 32
f 1893/385/34 1892/386/33 1898/387/39 1897/388/38 
s 64
f 1892/389/33 1891/390/32 1895/391/36 1898/392/39 
s 2
f 1899/393/32 1900/394/33 1901/395/34 1902/396/35 
s 4
f 1903/397/36 1904/398/37 1905/399/38 1906/400/39 
s 8
f 1899/401/32 1902/402/35 1904/403/37 1903/404/36 
s 16
f 1902/405/35 1901/406/34 1905/407/38 1904/408/37 
s 32
f 1901/409/34 1900/410/33 1906/411/39 1905/412/38 
s 64
f 1900/413/33 1899/414/32 1903/415/36 1906/416/39 
s 2
f 1907/417/32 1908/418/33 1909/419/34 1910/420/35 
s 4
f 1911/421/36 1912/422/37 1913/423/38 1914/424/39 
s 8
f 1907/425/32 1910/426/35 1912/427/37 1911/428/36 
s 16
f 1910/429/35 1909/430/34 1913/431/38 1912/432/37 
s 32
f 1909/433/34 1908/434/33 1914/435/39 1913/436/38 
s 64
f 1908/437/33 1907/438/32 1911/439/36 1914/440/39 
s 2
f 1915/441/32 1916/442/33 1917/443/34 1918/444/35 
s 4
f 1919/445/36 1920/446/37 1921/447/38 1922/448/39 
s 8
f 1915/449/32 1918/450/35 1920/451/37 1919/452/36 
s 16
f 1918/453/35 1917/454/34 1921/455/38 1920/456/37 
s 32
f 1917/457/34 1916/458/33 1922/459/39 1921/460/38 
s 64
f 1916/461/33 1915/462/32 1919/463/36 1922/464/39 
s 2
f 1923/465/32 1924/466/33 1925/467/34 1926/468/35 
s 4
f 1927/469/36 1928/470/37 1929/471/38 1930/472/39 
s 8
f 1923/473/32 1926/474/35 1928/475/37 1927/476/36 
s 16
f 1926/477/35 1925/478/34 1929/479/38 1928/480/37 
s 32
f 1925/481/34 1924/482/33 1930/483/39 1929/484/38 
s 64
f 1924/485/33 1923/486/32 1927/487/36 1930/488/39 
s 2
f 1931/489/32 1932/490/33 1933/491/34 1934/492/35 
s 4
f 1935/493/36 1936/494/37 1937/495/38 1938/496/39 
s 8
f 1931/497/32 1934/498/35 1936/499/37 1935/500/36 
s 16
f 1934/501/35 1933/502/34 1937/503/38 1936/504/37 
s 32
f 1933/505/34 1932/506/33 1938/507/39 1937/508/38 
s 64
f 1932/509/33 1931/510/32 1935/511/36 1938/512/39 
s 2
f 1939/513/32 1940/514/33 1941/515/34 1942/516/35 
s 4
f 1943/517/36 1944/518/37 1945/519/38 1946/520/39 
s 8
f 1939/521/32 1942/522/35 1944/523/37 1943/524/36 
s 16
f 1942/525/35 1941/526/34 1945/527/38 1944/528/37 
s 32
f 1941/529/34 1940/530/33 1946/531/39 1945/532/38 
s 64
f 1940/533/33 1939/534/32 1943/535/36 1946/536/39 
s 2
f 1947/537/32 1948/538/33 1949/539/34 1950/540/35 
s 4
f 1951/541/36 1952/542/37 1953/543/38 1954/544/39 
s 8
f 1947/545/32 1950/546/35 1952/547/37 1951/548/36 
s 16
f 1950/549/35 1949/550/34 1953/551/38 1952/552/37 
s 32
f 1949/553/34 1948/554/33 1954/555/39 1953/556/38 
s 64
f 1948/557/33 1947/558/32 1951/559/36 1954/560/39 
s 2
f 1955/561/32 1956/562/33 1957/563/34 1958/564/35 
s 4
f 1959/565/36 1960/566/37 1961/567/38 1962/568/39 
s 8
f 1955/569/32 1958/570/35 1960/571/37 1959/572/36 
s 16
f 1958/573/35 1957/574/34 1961/575/38 1960/576/37 
s 32
f 1957/577/34 1956/578/33 1962/579/39 1961/580/38 
s 64
f 1956/581/33 1955/582/32 1959/583/36 1962/584/39 
s 2
f 1963/585/32 1964/586/33 1965/587/34 1966/588/35 
s 4
f 1967/589/36 1968/590/37 1969/591/38 1970/592/39 
s 8
f 1963/593/32 1966/594/35 1968/595/37 1967/596/36 
s 16
f 1966/597/35 1965/598/34 1969/599/38 1968/600/37 
s 32
f 1965/601/34 1964/602/33 1970/603/39 1969/604/38 
s 64
f 1964/605/33 1963/606/32 1967/607/36 1970/608/39 
s 2
f 1971/609/32 1972/610/33 1973/611/34 1974/612/35 
s 4
f 1975/613/36 1976/614/37 1977/615/38 1978/616/39 
s 8
f 1971/617/32 1974/618/35 1976/619/37 1975/620/36 
s 16
f 1974/621/35 1973/622/34 1977/623/38 1976/624/37 
s 32
f 1973/625/34 1972/626/33 1978/627/39 1977/628/38 
s 64
f 1972/629/33 1971/630/32 1975/631/36 1978/632/39 
s 2
f 1979/633/32 1980/634/33 1981/635/34 1982/636/35 
s 4
f 1983/637/36 1984/638/37 1985/639/38 1986/640/39 
s 8
f 1979/641/32 1982/642/35 1984/643/37 1983/644/36 
s 16
f 1982/645/35 1981/646/34 1985/647/38 1984/648/37 
s 32
f 1981/649/34 1980/650/33 1986/651/39 1985/652/38 
s 64
f 1980/653/33 1979/654/32 1983/655/36 1986/656/39 
s 2
f 1987/657/32 1988/658/33 1989/659/34 1990/660/35 
s 4
f 1991/661/36 1992/662/37 1993/663/38 1994/664/39 
s 8
f 1987/665/32 1990/666/35 1992/667/37 1991/668/36 
s 16
f 1990/669/35 1989/670/34 1993/671/38 1992/672/37 
s 32
f 1989/673/34 1988/674/33 1994/675/39 1993/676/38 
s 64
f 1988/677/33 1987/678/32 1991/679/36 1994/680/39 
s 2
f 1995/681/32 1996/682/33 1997/683/34 1998/684/35 
s 4
f 1999/685/36 2000/686/37 2001/687/38 2002/688/39 
s 8
f 1995/689/32 1998/690/35 2000/691/37 1999/692/36 
s 16
f 1998/693/35 1997/694/34 2001/695/38 2000/696/37 
s 32
f 1997/697/34 1996/698/33 2002/699/39 2001/700/38 
s 64
f 1996/701/33 1995/702/32 1999/703/36 2002/704/39 
s 2
f 2003/705/32 2004/706/33 2005/707/34 2006/708/35 
s 4
f 2007/709/36 2008/710/37 2009/711/38 2010/712/39 
s 8
f 2003/713/32 2006/714/35 2008/715/37 2007/716/36 
s 16
f 2006/717/35 2005/718/34 2009/719/38 2008/720/37 
s 32
f 2005/721/34 2004/722/33 2010/723/39 2009/724/38 
s 64
f 2004/725/33 2003/726/32 2007/727/36 2010/728/39 
s 2
f 2011/729/32 2012/730/33 2013/731/34 2014/732/35 
s 4
f 2015/733/36 2016/734/37 2017/735/38 2018/736/39 
s 8
f 2011/737/32 2014/738/35 2016/739/37 2015/740/36 
s 16
f 2014/741/35 2013/742/34 2017/743/38 2016/744/37 
s 32
f 2013/745/34 2012/746/33 2018/747/39 2017/748/38 
s 64
f 2012/749/33 2011/750/32 2015/751/36 2018/752/39 
s 2
f 2019/753/32 2020/754/33 2021/755/34 2022/756/35 
s 4
f 2023/757/36 2024/758/37 2025/759/38 2026/760/39 
s 8
f 2019/761/32 2022/762/35 2024/763/37 2023/764/36 
s 16
f 2022/765/35 2021/766/34 2025/767/38 2024/768/37 
s 32
f 2021/769/34 2020/770/33 2026/771/39 2025/772/38 
s 64
f 2020/773/33 2019/774/32 2023/775/36 2026/776/39 
s 2
f 2027/777/32 2028/778/33 2029/779/34 2030/780/35 
s 4
f 2031/781/36 2032/782/37 2033/783/38 2034/784/39 
s 8
f 2027/785/32 2030/786/35 2032/787/37 2031/788/36 
s 16
f 2030/789/35 2029/790/34 2033/791/38 2032/792/37 
s 32
f 2029/793/34 2028/794/33 2034/795/39 2033/796/38 
s 64
f 2028/797/33 2027/798/32 2031/799/36 2034/800/39 
s 2
f 2035/801/32 2036/802/33 2037/803/34 2038/804/35 
s 4
f 2039/805/36 2040/806/37 2041/807/38 2042/808/39 
s 8
f 2035/809/32 2038/810/35 2040/811/37 2039/812/36 
s 16
f 2038/813/35 2037/814/34 2041/815/38 2040/816/37 
s 32
f 2037/817/34 2036/818/33 2042/819/39 2041/820/38 
s 64
f 2036/821/33 2035/822/32 2039/823/36 2042/824/39 
s 2
f 2043/825/32 2044/826/33 2045/827/34 2046/828/35 
s 4
f 2047/829/36 2048/830/37 2049/831/38 2050/832/39 
s 8
f 2043/833/32 2046/834/35 2048/835/37 2047/836/36 
s 16
f 2046/837/35 2045/838/34 2049/839/38 2048/840/37 
s 32
f 2045/841/34 2044/842/33 2050/843/39 2049/844/38 
s 64
f 2044/845/33 2043/846/32 2047/847/36 2050/848/39 
s 2
f 2051/849/32 2052/850/33 2053/851/34 2054/852/35 
s 4
f 2055/853/36 2056/854/37 2057/855/38 2058/856/39 
s 8
f 2051/857/32 2054/858/35 2056/859/37 2055/860/36 
s 16
f 2054/861/35 2053/862/34 2057/863/38 2056/864/37 
s 32
f 2053/865/34 2052/866/33 2058/867/39 2057/868/38 
s 64
f 2052/869/33 2051/870/32 2055/871/36 2058/872/39 
s 2
f 2059/873/32 2060/874/33 2061/875/34 2062/876/35 
s 4
f 2063/877/36 2064/878/37 2065/879/38 2066/880/39 
s 8
f 2059/881/32 2062/882/35 2064/883/37 2063/884/36 
s 16
f 2062/885/35 2061/886/34 2065/887/38 2064/888/37 
s 32
f 2061/889/34 2060/890/33 2066/891/39 2065/892/38 
s 64
f 2060/893/33 2059/894/32 2063/895/36 2066/896/39 
s 2
f 2067/897/32 2068/898/33 2069/899/34 2070/900/35 
s 4
f 2071/901/36 2072/902/37 2073/903/38 2074/904/39 
s 8
f 2067/905/32 2070/906/35 2072/907/37 2071/908/36 
s 16
f 2070/909/35 2069/910/34 2073/911/38 2072/912/37 
s 32
f 2069/913/34 2068/914/33 2074/915/39 2073/916/38 
s 64
f 2068/917/33 2067/918/32 2071/919/36 2074/920/39 
s 2
f 2075/921/32 2076/922/33 2077/923/34 2078/924/35 
s 4
f 2079/925/36 2080/926/37 2081/927/38 2082/928/39 
s 8
f 2075/929/32 2078/930/35 2080/931/37 2079/932/36 
s 16
f 2078/933/35 2077/934/34 2081/935/38 2080/936/37 
s 32
f 2077/937/34 2076/938/33 2082/939/39 2081/940/38 
s 64
f 2076/941/33 2075/942/32 2079/943/36 2082/944/39 
s 2
f 2083/945/32 2084/946/33 2085/947/34 2086/948/35 
s 4
f 2087/949/36 2088/950/37 2089/951/38 2090/952/39 
s 8
f 2083/953/32 2086/954/35 2088/955/37 2087/956/36 
s 16
f 2086/957/35 2085/958/34 2089/959/38 2088/960/37 
s 32
f 2085/961/34 2084/962/33 2090/963/39 2089/964/38 
s 64
f 2084/965/33 2083/966/32 2087/967/36 2090/968/39 
s 2
f 2091/969/32 2092/970/33 2093/971/34 2094/972/35 
s 4
f 2095/973/36 2096/974/37 2097/975/38 2098/976/39 
s 8
f 2091/977/32 2094/978/35 2096/979/37 2095/980/36 
s 16
f 2094/981/35 2093/982/34 2097/983/38 2096/984/37 
s 32
f 2093/985/34 2092/986/33 2098/987/39 2097/988/38 
s 64
f 2092/989/33 2091/990/32 2095/991/36 2098/992/39 
s 2
f 2099/993/32 2100/994/33 2101/995/34 2102/996/35 
s 4
f 2103/997/36 2104/998/37 2105/999/38 2106/1000/39 
s 8
f 2099/1001/32 2102/1002/35 2104/1003/37 2103/1004/36 
s 16
f 2102/1005/35 2101/1006/34 2105/1007/38 2104/1008/37 
s 32
f 2101/1009/34 2100/1010/33 2106/1011/39 2105/1012/38 
s 64
f 2100/1013/33 2099/1014/32 2103/1015/36 2106/1016/39 
s 2
f 2107/1017/32 2108/1018/33 2109/1019/34 2110/1020/35 
s 4
f 2111/1021/36 2112/1022/37 2113/1023/38 2114/1024/39 
s 8
f 2107/1025/32 2110/1026/35 2112/1027/37 2111/1028/36 
s 16
f 2110/1029/35 2109/1030/34 2113/1031/38 2112/1032/37 
s 32
f 2109/1033/34 2108/1034/33 2114/1035/39 2113/1036/38 
s 64
f 2108/1037/33 2107/1038/32 2111/1039/36 2114/1040/39 
s 2
f 2115/1041/32 2116/1042/33 2117/1043/34 2118/1044/35 
s 4
f 2119/1045/36 2120/1046/37 2121/1047/38 2122/1048/39 
s 8
f 2115/1049/32 2118/1050/35 2120/1051/37 2119/1052/36 
s 16
f 2118/1053/35 2117/1054/34 2121/1055/38 2120/1056/37 
s 32
f 2117/1057/34 2116/1058/33 2122/1059/39 2121/1060/38 
s 64
f 2116/1061/33 2115/1062/32 2119/1063/36 2122/1064/39 
s 2
f 2123/1065/32 2124/1066/33 2125/1067/34 2126/1068/35 
s 4
f 2127/1069/36 2128/1070/37 2129/1071/38 2130/1072/39 
s 8
f 2123/1073/32 2126/1074/35 2128/1075/37 2127/1076/36 
s 16
f 2126/1077/35 2125/1078/34 2129/1079/38 2128/1080/37 
s 32
f 2125/1081/34 2124/1082/33 2130/1083/39 2129/1084/38 
s 64
f 2124/1085/33 2123/1086/32 2127/1087/36 2130/1088/39 
s 2
f 2131/1089/32 2132/1090/33 2133/1091/34 2134/1092/35 
s 4
f 2135/1093/36 2136/1094/37 2137/1095/38 2138/1096/39 
s 8
f 2131/1097/32 2134/1098/35 2136/1099/37 2135/1100/36 
s 16
f 2134/1101/35 2133/1102/34 2137/1103/38 2136/1104/37 
s 32
f 2133/1105/34 2132/1106/33 2138/1107/39 2137/1108/38 
s 64
f 2132/1109/33 2131/1110/32 2135/1111/36 2138/1112/39 
s 2
f 2139/1113/32 2140/1114/33 2141/1115/34 2142/1116/35 
s 4
f 2143/1117/36 2144/1118/37 2145/1119/38 2146/1120/39 
s 8
f 2139/1121/32 2142/1122/35 2144/1123/37 2143/1124/36 
s 16
f 2142/1125/35 2141/1126/34 2145/1127/38 2144/1128/37 
s 32
f 2141/1129/34 2140/1130/33 2146/1131/39 2145/1132/38 
s 64
f 2140/1133/33 2139/1134/32 2143/1135/36 2146/1136/39 
s 2
f 2147/1137/32 2148/1138/33 2149/1139/34 2150/1140/35 
s 4
f 2151/1141/36 2152/1142/37 2153/1143/38 2154/1144/39 
s 8
f 2147/1145/32 2150/1146/35 2152/1147/37 2151/1148/36 
s 16
f 2150/1149/35 2149/1150/34 2153/1151/38 2152/1152/37 
s 32
f 2149/1153/34 2148/1154/33 2154/1155/39 2153/1156/38 
s 64
f 2148/1157/33 2147/1158/32 2151/1159/36 2154/1160/39 
s 2
f 2155/1161/32 2156/1162/33 2157/1163/34 2158/1164/40 
s 4
f 2159/1165/36 2160/1166/41 2161/1167/38 2162/1168/39 
s 8
f 2155/1169/32 2158/1170/40 2160/1171/41 2159/1172/36 
s 16
f 2158/1173/40 2157/1174/34 2161/1175/38 2160/1176/41 
s 32
f 2157/1177/34 2156/1178/33 2162/1179/39 2161/1180/38 
s 64
f 2156/1181/33 2155/1182/32 2159/1183/36 2162/1184/39 
s 2
f 2163/1185/42 2164/1186/33 2165/1187/34 2166/1188/40 
s 4
f 2167/1189/43 2168/1190/41 2169/1191/38 2170/1192/39 
s 8
f 2163/1193/42 2166/1194/40 2168/1195/41 2167/1196/43 
s 16
f 2166/1197/40 2165/1198/34 2169/1199/38 2168/1200/41 
s 32
f 2165/1201/34 2164/1202/33 2170/1203/39 2169/1204/38 
s 64
f 2164/1205/33 2163/1206/42 2167/1207/43 2170/1208/39 
s 2
f 2171/1209/32 2172/1210/33 2173/1211/34 2174/1212/35 
s 4
f 2175/1213/36 2176/1214/37 2177/1215/38 2178/1216/39 
s 8
f 2171/1217/32 2174/1218/35 2176/1219/37 2175/1220/36 
s 16
f 2174/1221/35 2173/1222/34 2177/1223/38 2176/1224/37 
s 32
f 2173/1225/34 2172/1226/33 2178/1227/39 2177/1228/38 
s 64
f 2172/1229/33 2171/1230/32 2175/1231/36 2178/1232/39 
s 2
f 2179/1233/33 2180/1234/34 2181/1235/35 2182/1236/32 
s 4
f 2183/1237/39 2184/1238/36 2185/1239/37 2186/1240/38 
s 8
f 2179/1241/33 2182/1242/32 2184/1243/36 2183/1244/39 
s 16
f 2182/1245/32 2181/1246/35 2185/1247/37 2184/1248/36 
s 32
f 2181/1249/35 2180/1250/34 2186/1251/38 2185/1252/37 
s 64
f 2180/1253/34 2179/1254/33 2183/1255/39 2186/1256/38 
s 2
f 2187/1257/34 2188/1258/35 2189/1259/32 2190/1260/33 
s 4
f 2191/1261/38 2192/1262/39 2193/1263/36 2194/1264/37 
s 8
f 2187/1265/34 2190/1266/33 2192/1267/39 2191/1268/38 
s 16
f 2190/1269/33 2189/1270/32 2193/1271/36 2192/1272/39 
s 32
f 2189/1273/32 2188/1274/35 2194/1275/37 2193/1276/36 
s 64
f 2188/1277/35 2187/1278/34 2191/1279/38 2194/1280/37 
s 2
f 2195/1281/34 2196/1282/35 2197/1283/32 2198/1284/33 
s 4
f 2199/1285/38 2200/1286/39 2201/1287/36 2202/1288/37 
s 8
f 2195/1289/34 2198/1290/33 2200/1291/39 2199/1292/38 
s 16
f 2198/1293/33 2197/1294/32 2201/1295/36 2200/1296/39 
s 32
f 2197/1297/32 2196/1298/35 2202/1299/37 2201/1300/36 
s 64
f 2196/1301/35 2195/1302/34 2199/1303/38 2202/1304/37 
s 2
f 2203/1305/34 2204/1306/35 2205/1307/32 2206/1308/33 
s 4
f 2207/1309/38 2208/1310/39 2209/1311/36 2210/1312/37 
s 8
f 2203/1313/34 2206/1314/33 2208/1315/39 2207/1316/38 
s 16
f 2206/1317/33 2205/1318/32 2209/1319/36 2208/1320/39 
s 32
f 2205/1321/32 2204/1322/35 2210/1323/37 2209/1324/36 
s 64
f 2204/1325/35 2203/1326/34 2207/1327/38 2210/1328/37 
s 2
f 2211/1329/34 2212/1330/35 2213/1331/32 2214/1332/33 
s 4
f 2215/1333/38 2216/1334/39 2217/1335/36 2218/1336/37 
s 8
f 2211/1337/34 2214/1338/33 2216/1339/39 2215/1340/38 
s 16
f 2214/1341/33 2213/1342/32 2217/1343/36 2216/1344/39 
s 32
f 2213/1345/32 2212/1346/35 2218/1347/37 2217/1348/36 
s 64
f 2212/1349/35 2211/1350/34 2215/1351/38 2218/1352/37 
s 2
f 2219/1353/34 2220/1354/35 2221/1355/32 2222/1356/33 
s 4
f 2223/1357/38 2224/1358/39 2225/1359/36 2226/1360/37 
s 8
f 2219/1361/34 2222/1362/33 2224/1363/39 2223/1364/38 
s 16
f 2222/1365/33 2221/1366/32 2225/1367/36 2224/1368/39 
s 32
f 2221/1369/32 2220/1370/35 2226/1371/37 2225/1372/36 
s 64
f 2220/1373/35 2219/1374/34 2223/1375/38 2226/1376/37 
s 2
f 2227/1377/32 2228/1378/33 2229/1379/34 2230/1380/35 
s 4
f 2231/1381/36 2232/1382/37 2233/1383/38 2234/1384/39 
s 8
f 2227/1385/32 2230/1386/35 2232/1387/37 2231/1388/36 
s 16
f 2230/1389/35 2229/1390/34 2233/1391/38 2232/1392/37 
s 32
f 2229/1393/34 2228/1394/33 2234/1395/39 2233/1396/38 
s 64
f 2228/1397/33 2227/1398/32 2231/1399/36 2234/1400/39 
s 2
f 2235/1401/32 2236/1402/33 2237/1403/34 2238/1404/35 
s 4
f 2239/1405/36 2240/1406/37 2241/1407/38 2242/1408/39 
s 8
f 2235/1409/32 2238/1410/35 2240/1411/37 2239/1412/36 
s 16
f 2238/1413/35 2237/1414/34 2241/1415/38 2240/1416/37 
s 32
f 2237/1417/34 2236/1418/33 2242/1419/39 2241/1420/38 
s 64
f 2236/1421/33 2235/1422/32 2239/1423/36 2242/1424/39 
s 2
f 2243/1425/32 2244/1426/44 2245/1427/34 2246/1428/35 
s 4
f 2247/1429/36 2248/1430/37 2249/1431/38 2250/1432/45 
s 8
f 2243/1433/32 2246/1434/35 2248/1435/37 2247/1436/36 
s 16
f 2246/1437/35 2245/1438/34 2249/1439/38 2248/1440/37 
s 32
f 2245/1441/34 2244/1442/44 2250/1443/45 2249/1444/38 
s 64
f 2244/1445/44 2243/1446/32 2247/1447/36 2250/1448/45 
s 2
f 2251/1449/32 2252/1450/33 2253/1451/34 2254/1452/35 
s 4
f 2255/1453/36 2256/1454/37 2257/1455/38 2258/1456/39 
s 8
f 2251/1457/32 2254/1458/35 2256/1459/37 2255/1460/36 
s 16
f 2254/1461/35 2253/1462/34 2257/1463/38 2256/1464/37 
s 32
f 2253/1465/34 2252/1466/33 2258/1467/39 2257/1468/38 
s 64
f 2252/1469/33 2251/1470/32 2255/1471/36 2258/1472/39 
s 2
f 2259/1473/32 2260/1474/33 2261/1475/34 2262/1476/35 
s 4
f 2263/1477/36 2264/1478/37 2265/1479/38 2266/1480/39 
s 8
f 2259/1481/32 2262/1482/35 2264/1483/37 2263/1484/36 
s 16
f 2262/1485/35 2261/1486/34 2265/1487/38 2264/1488/37 
s 32
f 2261/1489/34 2260/1490/33 2266/1491/39 2265/1492/38 
s 64
f 2260/1493/33 2259/1494/32 2263/1495/36 2266/1496/39 
s 2
f 2267/1497/32 2268/1498/33 2269/1499/34 2270/1500/35 
s 4
f 2271/1501/36 2272/1502/37 2273/1503/38 2274/1504/39 
s 8
f 2267/1505/32 2270/1506/35 2272/1507/37 2271/1508/36 
s 16
f 2270/1509/35 2269/1510/34 2273/1511/38 2272/1512/37 
s 32
f 2269/1513/34 2268/1514/33 2274/1515/39 2273/1516/38 
s 64
f 2268/1517/33 2267/1518/32 2271/1519/36 2274/1520/39 
s 2
f 2275/1521/32 2276/1522/33 2277/1523/34 2278/1524/35 
s 4
f 2279/1525/36 2280/1526/37 2281/1527/38 2282/1528/39 
s 8
f 2275/1529/32 2278/1530/35 2280/1531/37 2279/1532/36 
s 16
f 2278/1533/35 2277/1534/34 2281/1535/38 2280/1536/37 
s 32
f 2277/1537/34 2276/1538/33 2282/1539/39 2281/1540/38 
s 64
f 2276/1541/33 2275/1542/32 2279/1543/36 2282/1544/39 
s 2
f 2283/1545/32 2284/1546/33 2285/1547/34 2286/1548/35 
s 4
f 2287/1549/36 2288/1550/37 2289/1551/38 2290/1552/39 
s 8
f 2283/1553/32 2286/1554/35 2288/1555/37 2287/1556/36 
s 16
f 2286/1557/35 2285/1558/34 2289/1559/38 2288/1560/37 
s 32
f 2285/1561/34 2284/1562/33 2290/1563/39 2289/1564/38 
s 64
f 2284/1565/33 2283/1566/32 2287/1567/36 2290/1568/39 
s 2
f 2291/1569/32 2292/1570/33 2293/1571/34 2294/1572/35 
s 4
f 2295/1573/36 2296/1574/37 2297/1575/38 2298/1576/39 
s 8
f 2291/1577/32 2294/1578/35 2296/1579/37 2295/1580/36 
s 16
f 2294/1581/35 2293/1582/34 2297/1583/38 2296/1584/37 
s 32
f 2293/1585/34 2292/1586/33 2298/1587/39 2297/1588/38 
s 64
f 2292/1589/33 2291/1590/32 2295/1591/36 2298/1592/39 
s 2
f 2299/1593/32 2300/1594/33 2301/1595/34 2302/1596/35 
s 4
f 2303/1597/36 2304/1598/37 2305/1599/38 2306/1600/39 
s 8
f 2299/1601/32 2302/1602/35 2304/1603/37 2303/1604/36 
s 16
f 2302/1605/35 2301/1606/34 2305/1607/38 2304/1608/37 
s 32
f 2301/1609/34 2300/1610/33 2306/1611/39 2305/1612/38 
s 64
f 2300/1613/33 2299/1614/32 2303/1615/36 2306/1616/39 
s 2
f 2307/1617/34 2308/1618/35 2309/1619/32 2310/1620/33 
s 4
f 2311/1621/38 2312/1622/39 2313/1623/36 2314/1624/37 
s 8
f 2307/1625/34 2310/1626/33 2312/1627/39 2311/1628/38 
s 16
f 2310/1629/33 2309/1630/32 2313/1631/36 2312/1632/39 
s 32
f 2309/1633/32 2308/1634/35 2314/1635/37 2313/1636/36 
s 64
f 2308/1637/35 2307/1638/34 2311/1639/38 2314/1640/37 
s 2
f 2315/1641/34 2316/1642/35 2317/1643/32 2318/1644/33 
s 4
f 2319/1645/38 2320/1646/39 2321/1647/36 2322/1648/37 
s 8
f 2315/1649/34 2318/1650/33 2320/1651/39 2319/1652/38 
s 16
f 2318/1653/33 2317/1654/32 2321/1655/36 2320/1656/39 
s 32
f 2317/1657/32 2316/1658/35 2322/1659/37 2321/1660/36 
s 64
f 2316/1661/35 2315/1662/34 2319/1663/38 2322/1664/37 
s 2
f 2323/1665/33 2324/1666/34 2325/1667/35 2326/1668/32 
s 4
f 2327/1669/39 2328/1670/36 2329/1671/37 2330/1672/38 
s 8
f 2323/1673/33 2326/1674/32 2328/1675/36 2327/1676/39 
s 16
f 2326/1677/32 2325/1678/35 2329/1679/37 2328/1680/36 
s 32
f 2325/1681/35 2324/1682/34 2330/1683/38 2329/1684/37 
s 64
f 2324/1685/34 2323/1686/33 2327/1687/39 2330/1688/38 
s 2
f 2331/1689/34 2332/1690/35 2333/1691/32 2334/1692/33 
s 4
f 2335/1693/38 2336/1694/39 2337/1695/36 2338/1696/37 
s 8
f 2331/1697/34 2334/1698/33 2336/1699/39 2335/1700/38 
s 16
f 2334/1701/33 2333/1702/32 2337/1703/36 2336/1704/39 
s 32
f 2333/1705/32 2332/1706/35 2338/1707/37 2337/1708/36 
s 64
f 2332/1709/35 2331/1710/34 2335/1711/38 2338/1712/37 
s 2
f 2339/1713/46 2340/1714/40 2341/1715/47 2342/1716/44 
s 4
f 2343/1717/48 2344/1718/45 2345/1719/49 2346/1720/41 
s 8
f 2339/1721/46 2342/1722/44 2344/1723/45 2343/1724/48 
s 16
f 2342/1725/44 2341/1726/47 2345/1727/49 2344/1728/45 
s 32
f 2341/1729/47 2340/1730/40 2346/1731/41 2345/1732/49 
s 64
f 2340/1733/40 2339/1734/46 2343/1735/48 2346/1736/41 
s 2
f 2347/1737/34 2348/1738/35 2349/1739/32 2350/1740/33 
s 4
f 2351/1741/38 2352/1742/39 2353/1743/36 2354/1744/37 
s 8
f 2347/1745/34 2350/1746/33 2352/1747/39 2351/1748/38 
s 16
f 2350/1749/33 2349/1750/32 2353/1751/36 2352/1752/39 
s 32
f 2349/1753/32 2348/1754/35 2354/1755/37 2353/1756/36 
s 64
f 2348/1757/35 2347/1758/34 2351/1759/38 2354/1760/37 
s 2
f 2355/1761/34 2356/1762/35 2357/1763/32 2358/1764/33 
s 4
f 2359/1765/38 2360/1766/39 2361/1767/36 2362/1768/37 
s 8
f 2355/1769/34 2358/1770/33 2360/1771/39 2359/1772/38 
s 16
f 2358/1773/33 2357/1774/32 2361/1775/36 2360/1776/39 
s 32
f 2357/1777/32 2356/1778/35 2362/1779/37 2361/1780/36 
s 64
f 2356/1781/35 2355/1782/34 2359/1783/38 2362/1784/37 
s 2
f 2363/1785/50 2364/1786/40 2365/1787/42 2366/1788/44 
s 4
f 2367/1789/51 2368/1790/45 2369/1791/43 2370/1792/41 
s 8
f 2363/1793/50 2366/1794/44 2368/1795/45 2367/1796/51 
s 16
f 2366/1797/44 2365/1798/42 2369/1799/43 2368/1800/45 
s 32
f 2365/1801/42 2364/1802/40 2370/1803/41 2369/1804/43 
s 64
f 2364/1805/40 2363/1806/50 2367/1807/51 2370/1808/41 
s 2
f 2371/1809/32 2372/1810/44 2373/1811/34 2374/1812/35 
s 4
f 2375/1813/36 2376/1814/37 2377/1815/38 2378/1816/45 
s 8
f 2371/1817/32 2374/1818/35 2376/1819/37 2375/1820/36 
s 16
f 2374/1821/35 2373/1822/34 2377/1823/38 2376/1824/37 
s 32
f 2373/1825/34 2372/1826/44 2378/1827/45 2377/1828/38 
s 64
f 2372/1829/44 2371/1830/32 2375/1831/36 2378/1832/45 
s 2
f 2379/1833/32 2380/1834/33 2381/1835/34 2382/1836/35 
s 4
f 2383/1837/36 2384/1838/37 2385/1839/38 2386/1840/39 
s 8
f 2379/1841/32 2382/1842/35 2384/1843/37 2383/1844/36 
s 16
f 2382/1845/35 2381/1846/34 2385/1847/38 2384/1848/37 
s 32
f 2381/1849/34 2380/1850/33 2386/1851/39 2385/1852/38 
s 64
f 2380/1853/33 2379/1854/32 2383/1855/36 2386/1856/39 
s 2
f 2387/1857/32 2388/1858/33 2389/1859/34 2390/1860/35 
s 4
f 2391/1861/36 2392/1862/37 2393/1863/38 2394/1864/39 
s 8
f 2387/1865/32 2390/1866/35 2392/1867/37 2391/1868/36 
s 16
f 2390/1869/35 2389/1870/34 2393/1871/38 2392/1872/37 
s 32
f 2389/1873/34 2388/1874/33 2394/1875/39 2393/1876/38 
s 64
f 2388/1877/33 2387/1878/32 2391/1879/36 2394/1880/39 
s 2
f 2395/1881/42 2396/1882/33 2397/1883/34 2398/1884/40 
s 4
f 2399/1885/43 2400/1886/41 2401/1887/38 2402/1888/39 
s 8
f 2395/1889/42 2398/1890/40 2400/1891/41 2399/1892/43 
s 16
f 2398/1893/40 2397/1894/34 2401/1895/38 2400/1896/41 
s 32
f 2397/1897/34 2396/1898/33 2402/1899/39 2401/1900/38 
s 64
f 2396/1901/33 2395/1902/42 2399/1903/43 2402/1904/39 
s 2
f 2403/1905/32 2404/1906/33 2405/1907/34 2406/1908/35 
s 4
f 2407/1909/36 2408/1910/37 2409/1911/38 2410/1912/39 
s 8
f 2403/1913/32 2406/1914/35 2408/1915/37 2407/1916/36 
s 16
f 2406/1917/35 2405/1918/34 2409/1919/38 2408/1920/37 
s 32
f 2405/1921/34 2404/1922/33 2410/1923/39 2409/1924/38 
s 64
f 2404/1925/33 2403/1926/32 2407/1927/36 2410/1928/39 
s 2
f 2411/1929/34 2412/1930/40 2413/1931/32 2414/1932/44 
s 4
f 2415/1933/38 2416/1934/45 2417/1935/36 2418/1936/41 
s 8
f 2411/1937/34 2414/1938/44 2416/1939/45 2415/1940/38 
s 16
f 2414/1941/44 2413/1942/32 2417/1943/36 2416/1944/45 
s 32
f 2413/1945/32 2412/1946/40 2418/1947/41 2417/1948/36 
s 64
f 2412/1949/40 2411/1950/34 2415/1951/38 2418/1952/41 
s 2
f 2419/1953/33 2420/1954/34 2421/1955/35 2422/1956/32 
s 4
f 2423/1957/39 2424/1958/36 2425/1959/37 2426/1960/38 
s 8
f 2419/1961/33 2422/1962/32 2424/1963/36 2423/1964/39 
s 16
f 2422/1965/32 2421/1966/35 2425/1967/37 2424/1968/36 
s 32
f 2421/1969/35 2420/1970/34 2426/1971/38 2425/1972/37 
s 64
f 2420/1973/34 2419/1974/33 2423/1975/39 2426/1976/38 
s 2
f 2427/1977/33 2428/1978/34 2429/1979/35 2430/1980/32 
s 4
f 2431/1981/39 2432/1982/36 2433/1983/37 2434/1984/38 
s 8
f 2427/1985/33 2430/1986/32 2432/1987/36 2431/1988/39 
s 16
f 2430/1989/32 2429/1990/35 2433/1991/37 2432/1992/36 
s 32
f 2429/1993/35 2428/1994/34 2434/1995/38 2433/1996/37 
s 64
f 2428/1997/34 2427/1998/33 2431/1999/39 2434/2000/38 
s 2
f 2435/2001/32 2436/2002/33 2437/2003/34 2438/2004/35 
s 4
f 2439/2005/36 2440/2006/37 2441/2007/38 2442/2008/39 
s 8
f 2435/2009/32 2438/2010/35 2440/2011/37 2439/2012/36 
s 16
f 2438/2013/35 2437/2014/34 2441/2015/38 2440/2016/37 
s 32
f 2437/2017/34 2436/2018/33 2442/2019/39 2441/2020/38 
s 64
f 2436/2021/33 2435/2022/32 2439/2023/36 2442/2024/39 
s 2
f 2443/2025/32 2444/2026/33 2445/2027/34 2446/2028/35 
s 4
f 2447/2029/36 2448/2030/37 2449/2031/38 2450/2032/39 
s 8
f 2443/2033/32 2446/2034/35 2448/2035/37 2447/2036/36 
s 16
f 2446/2037/35 2445/2038/34 2449/2039/38 2448/2040/37 
s 32
f 2445/2041/34 2444/2042/33 2450/2043/39 2449/2044/38 
s 64
f 2444/2045/33 2443/2046/32 2447/2047/36 2450/2048/39 
s 2
f 2451/2049/32 2452/2050/33 2453/2051/34 2454/2052/35 
s 4
f 2455/2053/36 2456/2054/37 2457/2055/38 2458/2056/39 
s 8
f 2451/2057/32 2454/2058/35 2456/2059/37 2455/2060/36 
s 16
f 2454/2061/35 2453/2062/34 2457/2063/38 2456/2064/37 
s 32
f 2453/2065/34 2452/2066/33 2458/2067/39 2457/2068/38 
s 64
f 2452/2069/33 2451/2070/32 2455/2071/36 2458/2072/39 
s 2
f 2459/2073/32 2460/2074/33 2461/2075/34 2462/2076/35 
s 4
f 2463/2077/36 2464/2078/37 2465/2079/38 2466/2080/39 
s 8
f 2459/2081/32 2462/2082/35 2464/2083/37 2463/2084/36 
s 16
f 2462/2085/35 2461/2086/34 2465/2087/38 2464/2088/37 
s 32
f 2461/2089/34 2460/2090/33 2466/2091/39 2465/2092/38 
s 64
f 2460/2093/33 2459/2094/32 2463/2095/36 2466/2096/39 
s 2
f 2467/2097/32 2468/2098/33 2469/2099/34 2470/2100/35 
s 4
f 2471/2101/36 2472/2102/37 2473/2103/38 2474/2104/39 
s 8
f 2467/2105/32 2470/2106/35 2472/2107/37 2471/2108/36 
s 16
f 2470/2109/35 2469/2110/34 2473/2111/38 2472/2112/37 
s 32
f 2469/2113/34 2468/2114/33 2474/2115/39 2473/2116/38 
s 64
f 2468/2117/33 2467/2118/32 2471/2119/36 2474/2120/39 
s 2
f 2475/2121/32 2476/2122/33 2477/2123/34 2478/2124/40 
s 4
f 2479/2125/36 2480/2126/41 2481/2127/38 2482/2128/39 
s 8
f 2475/2129/32 2478/2130/40 2480/2131/41 2479/2132/36 
s 16
f 2478/2133/40 2477/2134/34 2481/2135/38 2480/2136/41 
s 32
f 2477/2137/34 2476/2138/33 2482/2139/39 2481/2140/38 
s 64
f 2476/2141/33 2475/2142/32 2479/2143/36 2482/2144/39 
s 2
f 2483/2145/32 2484/2146/33 2485/2147/34 2486/2148/35 
s 4
f 2487/2149/36 2488/2150/37 2489/2151/38 2490/2152/39 
s 8
f 2483/2153/32 2486/2154/35 2488/2155/37 2487/2156/36 
s 16
f 2486/2157/35 2485/2158/34 2489/2159/38 2488/2160/37 
s 32
f 2485/2161/34 2484/2162/33 2490/2163/39 2489/2164/38 
s 64
f 2484/2165/33 2483/2166/32 2487/2167/36 2490/2168/39 
s 2
f 2491/2169/32 2492/2170/33 2493/2171/34 2494/2172/35 
s 4
f 2495/2173/36 2496/2174/37 2497/2175/38 2498/2176/39 
s 8
f 2491/2177/32 2494/2178/35 2496/2179/37 2495/2180/36 
s 16
f 2494/2181/35 2493/2182/34 2497/2183/38 2496/2184/37 
s 32
f 2493/2185/34 2492/2186/33 2498/2187/39 2497/2188/38 
s 64
f 2492/2189/33 2491/2190/32 2495/2191/36 2498/2192/39 
s 2
f 2499/2193/32 2500/2194/33 2501/2195/34 2502/2196/35 
s 4
f 2503/2197/36 2504/2198/37 2505/2199/38 2506/2200/39 
s 8
f 2499/2201/32 2502/2202/35 2504/2203/37 2503/2204/36 
s 16
f 2502/2205/35 2501/2206/34 2505/2207/38 2504/2208/37 
s 32
f 2501/2209/34 2500/2210/33 2506/2211/39 2505/2212/38 
s 64
f 2500/2213/33 2499/2214/32 2503/2215/36 2506/2216/39 
# 2022 polygons

#
# object hqwall_a_boltz
#

v  -207.3779 52.6456 -36.4260
v  -205.1580 55.4292 -36.4260
v  -201.9503 56.9739 -36.4260
v  -198.3899 56.9739 -36.4260
v  -195.1822 55.4292 -36.4260
v  -192.9624 52.6456 -36.4260
v  -192.1701 49.1745 -36.4260
v  -192.9624 45.7034 -36.4260
v  -195.1822 42.9199 -36.4260
v  -198.3899 41.3751 -36.4260
v  -201.9503 41.3751 -36.4260
v  -205.1580 42.9199 -36.4260
v  -207.3779 45.7034 -36.4260
v  -208.1701 49.1745 -36.4260
v  -207.3779 45.7034 36.4257
v  -208.1701 49.1745 36.4257
v  -205.1580 42.9199 36.4257
v  -201.9503 41.3751 36.4257
v  -198.3899 41.3751 36.4257
v  -195.1822 42.9199 36.4257
v  -192.9624 45.7034 36.4257
v  -192.1701 49.1745 36.4257
v  -192.9624 52.6456 36.4257
v  -195.1822 55.4292 36.4257
v  -198.3899 56.9739 36.4257
v  -201.9503 56.9739 36.4257
v  -205.1580 55.4292 36.4257
v  -207.3779 52.6456 36.4257
v  -207.3779 101.8575 -36.4260
v  -205.1580 104.6411 -36.4260
v  -201.9503 106.1858 -36.4260
v  -198.3899 106.1858 -36.4260
v  -195.1822 104.6411 -36.4260
v  -192.9624 101.8575 -36.4260
v  -192.1701 98.3864 -36.4260
v  -192.9624 94.9153 -36.4260
v  -195.1822 92.1318 -36.4260
v  -198.3899 90.5870 -36.4260
v  -201.9503 90.5870 -36.4260
v  -205.1580 92.1318 -36.4260
v  -207.3779 94.9153 -36.4260
v  -208.1701 98.3864 -36.4260
v  -207.3779 94.9153 36.4257
v  -208.1701 98.3864 36.4257
v  -205.1580 92.1318 36.4257
v  -201.9503 90.5870 36.4257
v  -198.3899 90.5870 36.4257
v  -195.1822 92.1318 36.4257
v  -192.9624 94.9153 36.4257
v  -192.1701 98.3864 36.4257
v  -192.9624 101.8575 36.4257
v  -195.1822 104.6411 36.4257
v  -198.3899 106.1858 36.4257
v  -201.9503 106.1858 36.4257
v  -205.1580 104.6411 36.4257
v  -207.3779 101.8575 36.4257
v  -171.3261 136.6144 -36.4260
v  -169.1063 139.3980 -36.4260
v  -165.8985 140.9428 -36.4260
v  -162.3382 140.9428 -36.4260
v  -159.1304 139.3980 -36.4260
v  -156.9106 136.6144 -36.4260
v  -156.1183 133.1434 -36.4260
v  -156.9106 129.6723 -36.4260
v  -159.1304 126.8887 -36.4260
v  -162.3382 125.3439 -36.4260
v  -165.8985 125.3439 -36.4260
v  -169.1063 126.8887 -36.4260
v  -171.3261 129.6723 -36.4260
v  -172.1183 133.1434 -36.4260
v  -171.3261 129.6723 36.4257
v  -172.1183 133.1434 36.4257
v  -169.1063 126.8887 36.4257
v  -165.8985 125.3439 36.4257
v  -162.3382 125.3439 36.4257
v  -159.1304 126.8887 36.4257
v  -156.9106 129.6723 36.4257
v  -156.1183 133.1434 36.4257
v  -156.9106 136.6144 36.4257
v  -159.1304 139.3980 36.4257
v  -162.3382 140.9428 36.4257
v  -165.8985 140.9428 36.4257
v  -169.1063 139.3980 36.4257
v  -171.3261 136.6144 36.4257
v  -122.8088 136.6144 -36.4260
v  -120.5889 139.3980 -36.4260
v  -117.3812 140.9428 -36.4260
v  -113.8208 140.9428 -36.4260
v  -110.6131 139.3980 -36.4260
v  -108.3933 136.6144 -36.4260
v  -107.6010 133.1434 -36.4260
v  -108.3933 129.6723 -36.4260
v  -110.6131 126.8887 -36.4260
v  -113.8208 125.3439 -36.4260
v  -117.3812 125.3439 -36.4260
v  -120.5889 126.8887 -36.4260
v  -122.8088 129.6723 -36.4260
v  -123.6010 133.1434 -36.4260
v  -122.8088 129.6723 36.4257
v  -123.6010 133.1434 36.4257
v  -120.5889 126.8887 36.4257
v  -117.3812 125.3439 36.4257
v  -113.8208 125.3439 36.4257
v  -110.6131 126.8887 36.4257
v  -108.3933 129.6723 36.4257
v  -107.6010 133.1434 36.4257
v  -108.3933 136.6144 36.4257
v  -110.6131 139.3980 36.4257
v  -113.8208 140.9428 36.4257
v  -117.3812 140.9428 36.4257
v  -120.5889 139.3980 36.4257
v  -122.8088 136.6144 36.4257
v  -61.8347 136.6144 -36.4260
v  -59.6149 139.3980 -36.4260
v  -56.4071 140.9428 -36.4260
v  -52.8468 140.9428 -36.4260
v  -49.6390 139.3980 -36.4260
v  -47.4192 136.6144 -36.4260
v  -46.6270 133.1434 -36.4260
v  -47.4192 129.6723 -36.4260
v  -49.6391 126.8887 -36.4260
v  -52.8468 125.3440 -36.4260
v  -56.4071 125.3440 -36.4260
v  -59.6149 126.8887 -36.4260
v  -61.8347 129.6723 -36.4260
v  -62.6270 133.1434 -36.4260
v  -61.8347 129.6723 36.4257
v  -62.6270 133.1434 36.4257
v  -59.6149 126.8887 36.4257
v  -56.4071 125.3440 36.4257
v  -52.8468 125.3440 36.4257
v  -49.6391 126.8887 36.4257
v  -47.4192 129.6723 36.4257
v  -46.6270 133.1434 36.4257
v  -47.4192 136.6144 36.4257
v  -49.6390 139.3980 36.4257
v  -52.8468 140.9428 36.4257
v  -56.4071 140.9428 36.4257
v  -59.6149 139.3980 36.4257
v  -61.8347 136.6144 36.4257
v  -207.3778 -52.6456 -36.4260
v  -208.1701 -49.1745 -36.4260
v  -207.3778 -45.7034 -36.4260
v  -205.1580 -42.9199 -36.4260
v  -201.9503 -41.3751 -36.4260
v  -198.3899 -41.3751 -36.4260
v  -195.1822 -42.9199 -36.4260
v  -192.9623 -45.7034 -36.4260
v  -192.1701 -49.1745 -36.4260
v  -192.9623 -52.6456 -36.4260
v  -195.1822 -55.4292 -36.4260
v  -198.3899 -56.9739 -36.4260
v  -201.9503 -56.9739 -36.4260
v  -205.1580 -55.4292 -36.4260
v  -208.1701 -49.1745 36.4257
v  -207.3778 -45.7034 36.4257
v  -205.1580 -42.9199 36.4257
v  -201.9503 -41.3751 36.4257
v  -198.3899 -41.3751 36.4257
v  -195.1822 -42.9199 36.4257
v  -192.9623 -45.7034 36.4257
v  -192.1701 -49.1745 36.4257
v  -192.9623 -52.6456 36.4257
v  -195.1822 -55.4292 36.4257
v  -198.3899 -56.9739 36.4257
v  -201.9503 -56.9739 36.4257
v  -205.1580 -55.4292 36.4257
v  -207.3778 -52.6456 36.4257
v  -207.3778 -101.8575 -36.4260
v  -208.1701 -98.3864 -36.4260
v  -207.3778 -94.9153 -36.4260
v  -205.1580 -92.1318 -36.4260
v  -201.9503 -90.5870 -36.4260
v  -198.3899 -90.5870 -36.4260
v  -195.1822 -92.1318 -36.4260
v  -192.9623 -94.9153 -36.4260
v  -192.1701 -98.3864 -36.4260
v  -192.9623 -101.8575 -36.4260
v  -195.1822 -104.6411 -36.4260
v  -198.3899 -106.1858 -36.4260
v  -201.9503 -106.1858 -36.4260
v  -205.1580 -104.6411 -36.4260
v  -208.1701 -98.3864 36.4257
v  -207.3778 -94.9153 36.4257
v  -205.1580 -92.1318 36.4257
v  -201.9503 -90.5870 36.4257
v  -198.3899 -90.5870 36.4257
v  -195.1822 -92.1318 36.4257
v  -192.9623 -94.9153 36.4257
v  -192.1701 -98.3864 36.4257
v  -192.9623 -101.8575 36.4257
v  -195.1822 -104.6411 36.4257
v  -198.3899 -106.1858 36.4257
v  -201.9503 -106.1858 36.4257
v  -205.1580 -104.6411 36.4257
v  -207.3778 -101.8575 36.4257
v  -171.3260 -136.6144 -36.4260
v  -172.1183 -133.1434 -36.4260
v  -171.3260 -129.6723 -36.4260
v  -169.1062 -126.8887 -36.4260
v  -165.8985 -125.3439 -36.4260
v  -162.3381 -125.3439 -36.4260
v  -159.1304 -126.8887 -36.4260
v  -156.9106 -129.6723 -36.4260
v  -156.1183 -133.1434 -36.4260
v  -156.9106 -136.6144 -36.4260
v  -159.1304 -139.3980 -36.4260
v  -162.3381 -140.9428 -36.4260
v  -165.8985 -140.9428 -36.4260
v  -169.1062 -139.3980 -36.4260
v  -172.1183 -133.1434 36.4257
v  -171.3260 -129.6723 36.4257
v  -169.1062 -126.8887 36.4257
v  -165.8985 -125.3439 36.4257
v  -162.3381 -125.3439 36.4257
v  -159.1304 -126.8887 36.4257
v  -156.9106 -129.6723 36.4257
v  -156.1183 -133.1434 36.4257
v  -156.9106 -136.6144 36.4257
v  -159.1304 -139.3980 36.4257
v  -162.3381 -140.9428 36.4257
v  -165.8985 -140.9428 36.4257
v  -169.1062 -139.3980 36.4257
v  -171.3260 -136.6144 36.4257
v  -122.8087 -136.6144 -36.4260
v  -123.6010 -133.1433 -36.4260
v  -122.8087 -129.6723 -36.4260
v  -120.5889 -126.8887 -36.4260
v  -117.3811 -125.3439 -36.4260
v  -113.8208 -125.3439 -36.4260
v  -110.6131 -126.8887 -36.4260
v  -108.3932 -129.6723 -36.4260
v  -107.6010 -133.1433 -36.4260
v  -108.3932 -136.6144 -36.4260
v  -110.6130 -139.3980 -36.4260
v  -113.8208 -140.9428 -36.4260
v  -117.3811 -140.9428 -36.4260
v  -120.5889 -139.3980 -36.4260
v  -123.6010 -133.1433 36.4257
v  -122.8087 -129.6723 36.4257
v  -120.5889 -126.8887 36.4257
v  -117.3811 -125.3439 36.4257
v  -113.8208 -125.3439 36.4257
v  -110.6131 -126.8887 36.4257
v  -108.3932 -129.6723 36.4257
v  -107.6010 -133.1433 36.4257
v  -108.3932 -136.6144 36.4257
v  -110.6130 -139.3980 36.4257
v  -113.8208 -140.9428 36.4257
v  -117.3811 -140.9428 36.4257
v  -120.5889 -139.3980 36.4257
v  -122.8087 -136.6144 36.4257
v  -61.8347 -136.6144 -36.4260
v  -62.6269 -133.1433 -36.4260
v  -61.8347 -129.6723 -36.4260
v  -59.6148 -126.8887 -36.4260
v  -56.4071 -125.3439 -36.4260
v  -52.8467 -125.3439 -36.4260
v  -49.6390 -126.8887 -36.4260
v  -47.4192 -129.6723 -36.4260
v  -46.6269 -133.1433 -36.4260
v  -47.4192 -136.6144 -36.4260
v  -49.6390 -139.3980 -36.4260
v  -52.8467 -140.9428 -36.4260
v  -56.4071 -140.9428 -36.4260
v  -59.6148 -139.3980 -36.4260
v  -62.6269 -133.1433 36.4257
v  -61.8347 -129.6723 36.4257
v  -59.6148 -126.8887 36.4257
v  -56.4071 -125.3439 36.4257
v  -52.8467 -125.3439 36.4257
v  -49.6390 -126.8887 36.4257
v  -47.4192 -129.6723 36.4257
v  -46.6269 -133.1433 36.4257
v  -47.4192 -136.6144 36.4257
v  -49.6390 -139.3980 36.4257
v  -52.8467 -140.9428 36.4257
v  -56.4071 -140.9428 36.4257
v  -59.6148 -139.3980 36.4257
v  -61.8347 -136.6144 36.4257
v  -7.2078 -196.6380 -36.4260
v  -8.0001 -193.1669 -36.4260
v  -7.2078 -189.6958 -36.4260
v  -4.9880 -186.9123 -36.4260
v  -1.7802 -185.3675 -36.4260
v  -0.0001 -185.3674 -36.4260
v  -0.0001 -200.9662 -36.4260
v  -1.7802 -200.9663 -36.4260
v  -4.9880 -199.4216 -36.4260
v  -8.0001 -193.1669 36.4256
v  -7.2078 -189.6958 36.4256
v  -4.9880 -186.9123 36.4256
v  -1.7802 -185.3675 36.4256
v  -0.0001 -185.3674 36.4256
v  -1.7802 -200.9663 36.4256
v  -4.9880 -199.4216 36.4256
v  -7.2078 -196.6380 36.4256
v  -0.0001 -200.9662 36.4256
v  -7.2078 -58.1768 -36.4260
v  -8.0001 -54.7057 -36.4260
v  -7.2078 -51.2346 -36.4260
v  -4.9880 -48.4511 -36.4260
v  -1.7802 -46.9063 -36.4260
v  -0.0001 -46.9062 -36.4260
v  -0.0001 -62.5051 -36.4260
v  -1.7802 -62.5051 -36.4260
v  -4.9880 -60.9604 -36.4260
v  -8.0001 -54.7057 36.4256
v  -7.2078 -51.2346 36.4256
v  -4.9880 -48.4511 36.4256
v  -1.7802 -46.9063 36.4256
v  -0.0001 -46.9062 36.4256
v  -1.7802 -62.5051 36.4256
v  -4.9880 -60.9604 36.4256
v  -7.2078 -58.1768 36.4256
v  -0.0001 -62.5051 36.4256
v  -7.2078 -343.1237 -36.4260
v  -8.0000 -339.6526 -36.4260
v  -7.2078 -336.1815 -36.4260
v  -4.9879 -333.3979 -36.4260
v  -1.7802 -331.8532 -36.4260
v  -0.0000 -331.8532 -36.4260
v  -0.0000 -347.4520 -36.4260
v  -1.7802 -347.4520 -36.4260
v  -4.9879 -345.9073 -36.4260
v  -8.0000 -339.6526 36.4257
v  -7.2078 -336.1815 36.4257
v  -4.9879 -333.3979 36.4257
v  -1.7802 -331.8532 36.4257
v  -0.0000 -331.8532 36.4257
v  -1.7802 -347.4520 36.4257
v  -4.9879 -345.9073 36.4257
v  -7.2078 -343.1237 36.4257
v  -0.0000 -347.4520 36.4257
v  -7.2079 196.6381 -36.4260
v  -4.9881 199.4217 -36.4260
v  -1.7803 200.9665 -36.4260
v  -0.0002 200.9664 -36.4260
v  -0.0002 185.3675 -36.4260
v  -1.7803 185.3676 -36.4260
v  -4.9881 186.9124 -36.4260
v  -7.2079 189.6960 -36.4260
v  -8.0002 193.1671 -36.4260
v  -7.2079 189.6960 36.4256
v  -8.0002 193.1671 36.4256
v  -4.9881 186.9124 36.4256
v  -1.7803 185.3676 36.4256
v  -0.0002 185.3675 36.4256
v  -4.9881 199.4217 36.4256
v  -1.7803 200.9665 36.4256
v  -7.2079 196.6381 36.4256
v  -0.0002 200.9664 36.4256
v  -7.2079 58.1769 -36.4260
v  -4.9880 60.9605 -36.4260
v  -1.7803 62.5052 -36.4260
v  -0.0001 62.5052 -36.4260
v  -0.0001 46.9063 -36.4260
v  -1.7803 46.9064 -36.4260
v  -4.9880 48.4512 -36.4260
v  -7.2079 51.2348 -36.4260
v  -8.0001 54.7058 -36.4260
v  -7.2079 51.2348 36.4256
v  -8.0001 54.7058 36.4256
v  -4.9880 48.4512 36.4256
v  -1.7803 46.9064 36.4256
v  -0.0001 46.9063 36.4256
v  -4.9880 60.9605 36.4256
v  -1.7803 62.5052 36.4256
v  -7.2079 58.1769 36.4256
v  -0.0001 62.5052 36.4256
v  -7.2080 343.1237 -36.4260
v  -4.9881 345.9073 -36.4260
v  -1.7804 347.4521 -36.4260
v  -0.0002 347.4521 -36.4260
v  -0.0002 331.8533 -36.4260
v  -1.7804 331.8533 -36.4260
v  -4.9881 333.3980 -36.4260
v  -7.2080 336.1816 -36.4260
v  -8.0002 339.6526 -36.4260
v  -7.2080 336.1816 36.4257
v  -8.0002 339.6526 36.4257
v  -4.9881 333.3980 36.4257
v  -1.7804 331.8533 36.4257
v  -0.0002 331.8533 36.4257
v  -4.9881 345.9073 36.4257
v  -1.7804 347.4521 36.4257
v  -7.2080 343.1237 36.4257
v  -0.0002 347.4521 36.4257
v  -61.8348 -55.6762 -36.4260
v  -62.6270 -52.2051 -36.4260
v  -61.8348 -48.7340 -36.4260
v  -59.6149 -45.9505 -36.4260
v  -56.4072 -44.4057 -36.4260
v  -52.8469 -44.4057 -36.4260
v  -49.6391 -45.9504 -36.4260
v  -47.4193 -48.7340 -36.4260
v  -46.6270 -52.2051 -36.4260
v  -47.4193 -55.6762 -36.4260
v  -49.6391 -58.4598 -36.4260
v  -52.8468 -60.0045 -36.4260
v  -56.4072 -60.0045 -36.4260
v  -59.6149 -58.4598 -36.4260
v  -62.6270 -52.2051 36.4257
v  -61.8348 -48.7340 36.4257
v  -59.6149 -45.9505 36.4257
v  -56.4072 -44.4057 36.4257
v  -52.8469 -44.4057 36.4257
v  -49.6391 -45.9504 36.4257
v  -47.4193 -48.7340 36.4257
v  -46.6270 -52.2051 36.4257
v  -47.4193 -55.6762 36.4257
v  -49.6391 -58.4598 36.4257
v  -52.8468 -60.0045 36.4257
v  -56.4072 -60.0045 36.4257
v  -59.6149 -58.4598 36.4257
v  -61.8348 -55.6762 36.4257
v  -46.7355 -96.9421 -36.4260
v  -47.5278 -93.4710 -36.4260
v  -46.7355 -89.9999 -36.4260
v  -44.5157 -87.2163 -36.4260
v  -41.3080 -85.6715 -36.4260
v  -37.7476 -85.6716 -36.4260
v  -34.5399 -87.2163 -36.4260
v  -32.3201 -89.9999 -36.4260
v  -31.5278 -93.4710 -36.4260
v  -32.3201 -96.9420 -36.4260
v  -34.5399 -99.7256 -36.4260
v  -37.7476 -101.2704 -36.4260
v  -41.3080 -101.2704 -36.4260
v  -44.5157 -99.7256 -36.4260
v  -47.5278 -93.4710 36.4257
v  -46.7355 -89.9999 36.4257
v  -44.5157 -87.2163 36.4257
v  -41.3080 -85.6715 36.4257
v  -37.7476 -85.6716 36.4257
v  -34.5399 -87.2163 36.4257
v  -32.3201 -89.9999 36.4257
v  -31.5278 -93.4710 36.4257
v  -32.3201 -96.9420 36.4257
v  -34.5399 -99.7256 36.4257
v  -37.7476 -101.2704 36.4257
v  -41.3080 -101.2704 36.4257
v  -44.5157 -99.7256 36.4257
v  -46.7355 -96.9421 36.4257
v  -61.8348 55.6763 -36.4260
v  -59.6150 58.4599 -36.4260
v  -56.4072 60.0046 -36.4260
v  -52.8469 60.0046 -36.4260
v  -49.6391 58.4598 -36.4260
v  -47.4193 55.6763 -36.4260
v  -46.6271 52.2052 -36.4260
v  -47.4193 48.7341 -36.4260
v  -49.6391 45.9505 -36.4260
v  -52.8469 44.4058 -36.4260
v  -56.4072 44.4058 -36.4260
v  -59.6150 45.9505 -36.4260
v  -61.8348 48.7341 -36.4260
v  -62.6271 52.2052 -36.4260
v  -61.8348 48.7341 36.4257
v  -62.6271 52.2052 36.4257
v  -59.6150 45.9505 36.4257
v  -56.4072 44.4058 36.4257
v  -52.8469 44.4058 36.4257
v  -49.6391 45.9505 36.4257
v  -47.4193 48.7341 36.4257
v  -46.6271 52.2052 36.4257
v  -47.4193 55.6763 36.4257
v  -49.6391 58.4598 36.4257
v  -52.8469 60.0046 36.4257
v  -56.4072 60.0046 36.4257
v  -59.6150 58.4599 36.4257
v  -61.8348 55.6763 36.4257
v  -46.7356 96.9422 -36.4260
v  -44.5157 99.7257 -36.4260
v  -41.3080 101.2705 -36.4260
v  -37.7477 101.2705 -36.4260
v  -34.5399 99.7258 -36.4260
v  -32.3201 96.9421 -36.4260
v  -31.5278 93.4711 -36.4260
v  -32.3201 90.0000 -36.4260
v  -34.5399 87.2164 -36.4260
v  -37.7477 85.6717 -36.4260
v  -41.3080 85.6716 -36.4260
v  -44.5157 87.2164 -36.4260
v  -46.7356 90.0000 -36.4260
v  -47.5278 93.4711 -36.4260
v  -46.7356 90.0000 36.4257
v  -47.5278 93.4711 36.4257
v  -44.5157 87.2164 36.4257
v  -41.3080 85.6716 36.4257
v  -37.7477 85.6717 36.4257
v  -34.5399 87.2164 36.4257
v  -32.3201 90.0000 36.4257
v  -31.5278 93.4711 36.4257
v  -32.3201 96.9421 36.4257
v  -34.5399 99.7258 36.4257
v  -37.7477 101.2705 36.4257
v  -41.3080 101.2705 36.4257
v  -44.5157 99.7257 36.4257
v  -46.7356 96.9422 36.4257
# 500 vertices

vn 0.6766 -0.3259 -0.6603
vn 0.4683 -0.5872 -0.6603
vn 0.1671 -0.7322 -0.6603
vn -0.1671 -0.7322 -0.6603
vn -0.4683 -0.5872 -0.6603
vn -0.6766 -0.3259 -0.6603
vn -0.7510 -0.0000 -0.6603
vn -0.6766 0.3259 -0.6603
vn -0.4683 0.5872 -0.6603
vn -0.1671 0.7322 -0.6603
vn 0.1671 0.7322 -0.6603
vn 0.4683 0.5872 -0.6603
vn 0.6766 0.3259 -0.6603
vn 0.7510 0.0000 -0.6603
vn 0.6766 0.3259 0.6603
vn 0.7510 0.0000 0.6603
vn 0.4683 0.5872 0.6603
vn 0.1671 0.7322 0.6603
vn -0.1671 0.7322 0.6603
vn -0.4683 0.5872 0.6603
vn -0.6766 0.3259 0.6603
vn -0.7510 -0.0000 0.6603
vn -0.6766 -0.3259 0.6603
vn -0.4683 -0.5872 0.6603
vn -0.1671 -0.7322 0.6603
vn 0.1671 -0.7322 0.6603
vn 0.4683 -0.5872 0.6603
vn 0.6766 -0.3259 0.6603
vn 0.4682 -0.5871 -0.6603
vn -0.4682 -0.5871 -0.6603
vn -0.4682 -0.5871 0.6603
vn 0.4682 -0.5871 0.6603
vn -0.7509 -0.0000 -0.6604
vn -0.4682 0.5871 -0.6603
vn 0.4682 0.5871 -0.6603
vn 0.7509 0.0000 -0.6604
vn 0.7509 0.0000 0.6604
vn 0.4682 0.5871 0.6603
vn -0.4682 0.5871 0.6603
vn -0.7509 -0.0000 0.6604
vn 0.7509 -0.0000 -0.6604
vn 0.7509 -0.0000 0.6604
vn 0.0000 -0.7071 -0.7071
vn -0.0000 0.7071 -0.7071
vn 0.0000 -0.7071 0.7071
vn -0.0000 0.7071 0.7071
vn 0.6766 0.3258 -0.6603
vn 0.6766 -0.3258 -0.6603
vn 0.4682 -0.5872 -0.6603
vn 0.4682 0.5872 -0.6603
vn 0.6766 -0.3258 0.6603
vn 0.4682 -0.5872 0.6603
vn 0.4682 0.5872 0.6603
vn 0.6766 0.3258 0.6603
vn -0.0000 -0.7071 -0.7071
vn 0.0000 0.7071 -0.7071
vn 0.0000 0.7071 0.7071
vn -0.0000 -0.7071 0.7071
vn 0.7510 -0.0000 -0.6603
vn 0.7510 -0.0000 0.6603
# 60 vertex normals

vt 2.5659 1.5529 0.1357
vt 2.5215 1.6086 0.1357
vt 2.4573 1.6395 0.1357
vt 2.3861 1.6395 0.1357
vt 2.3219 1.6086 0.1357
vt 2.2775 1.5529 0.1357
vt 2.2617 1.4835 0.1357
vt 2.2775 1.4141 0.1357
vt 2.3219 1.3584 0.1357
vt 2.3861 1.3275 0.1357
vt 2.4573 1.3275 0.1357
vt 2.5215 1.3584 0.1357
vt 2.5659 1.4141 0.1357
vt 2.5817 1.4835 0.1357
vt -0.4835 0.1357 -1.5817
vt -0.4141 0.1357 -1.5659
vt -0.4141 0.8643 -1.5659
vt -0.4835 0.8643 -1.5817
vt -0.3584 0.1357 -1.5215
vt -0.3584 0.8643 -1.5215
vt -1.5215 0.1357 1.3584
vt -1.4573 0.1357 1.3275
vt -1.4573 0.8643 1.3275
vt -1.5215 0.8643 1.3584
vt -1.3861 0.1357 1.3275
vt -1.3861 0.8643 1.3275
vt -1.3219 0.1357 1.3584
vt -1.3219 0.8643 1.3584
vt 1.3584 0.1357 -1.3219
vt 1.4141 0.1357 -1.2775
vt 1.4141 0.8643 -1.2775
vt 1.3584 0.8643 -1.3219
vt 1.4835 0.1357 -1.2617
vt 1.4835 0.8643 -1.2617
vt 1.5529 0.1357 -1.2775
vt 1.5529 0.8643 -1.2775
vt 1.6086 0.1357 -1.3219
vt 1.6086 0.8643 -1.3219
vt 2.3219 0.1357 1.6086
vt 2.3861 0.1357 1.6395
vt 2.3861 0.8643 1.6395
vt 2.3219 0.8643 1.6086
vt 2.4573 0.1357 1.6395
vt 2.4573 0.8643 1.6395
vt 2.5215 0.1357 1.6086
vt 2.5215 0.8643 1.6086
vt -0.6086 0.1357 -1.5215
vt -0.5529 0.1357 -1.5659
vt -0.5529 0.8643 -1.5659
vt -0.6086 0.8643 -1.5215
vt -1.5659 1.5529 0.8643
vt -1.5817 1.4835 0.8643
vt -1.5659 1.4141 0.8643
vt -1.5215 1.3584 0.8643
vt -1.4573 1.3275 0.8643
vt -1.3861 1.3275 0.8643
vt -1.3219 1.3584 0.8643
vt -1.2775 1.4141 0.8643
vt -1.2617 1.4835 0.8643
vt -1.2775 1.5529 0.8643
vt -1.3219 1.6086 0.8643
vt -1.3861 1.6395 0.8643
vt -1.4573 1.6395 0.8643
vt -1.5215 1.6086 0.8643
vt 2.5659 2.5371 0.1357
vt 2.5215 2.5928 0.1357
vt 2.4573 2.6237 0.1357
vt 2.3861 2.6237 0.1357
vt 2.3219 2.5928 0.1357
vt 2.2775 2.5371 0.1357
vt 2.2617 2.4677 0.1357
vt 2.2775 2.3983 0.1357
vt 2.3219 2.3426 0.1357
vt 2.3861 2.3117 0.1357
vt 2.4573 2.3117 0.1357
vt 2.5215 2.3426 0.1357
vt 2.5659 2.3983 0.1357
vt 2.5817 2.4677 0.1357
vt -1.4677 0.1357 -1.5817
vt -1.3983 0.1357 -1.5659
vt -1.3983 0.8643 -1.5659
vt -1.4677 0.8643 -1.5817
vt -1.3426 0.1357 -1.5215
vt -1.3426 0.8643 -1.5215
vt -1.5215 0.1357 2.3426
vt -1.4573 0.1357 2.3117
vt -1.4573 0.8643 2.3117
vt -1.5215 0.8643 2.3426
vt -1.3861 0.1357 2.3117
vt -1.3861 0.8643 2.3117
vt -1.3219 0.1357 2.3426
vt -1.3219 0.8643 2.3426
vt 2.3426 0.1357 -1.3219
vt 2.3983 0.1357 -1.2775
vt 2.3983 0.8643 -1.2775
vt 2.3426 0.8643 -1.3219
vt 2.4677 0.1357 -1.2617
vt 2.4677 0.8643 -1.2617
vt 2.5371 0.1357 -1.2775
vt 2.5371 0.8643 -1.2775
vt 2.5928 0.1357 -1.3219
vt 2.5928 0.8643 -1.3219
vt 2.3219 0.1357 2.5928
vt 2.3861 0.1357 2.6237
vt 2.3861 0.8643 2.6237
vt 2.3219 0.8643 2.5928
vt 2.4573 0.1357 2.6237
vt 2.4573 0.8643 2.6237
vt 2.5215 0.1357 2.5928
vt 2.5215 0.8643 2.5928
vt -1.5928 0.1357 -1.5215
vt -1.5371 0.1357 -1.5659
vt -1.5371 0.8643 -1.5659
vt -1.5928 0.8643 -1.5215
vt -1.5659 2.5371 0.8643
vt -1.5817 2.4677 0.8643
vt -1.5659 2.3983 0.8643
vt -1.5215 2.3426 0.8643
vt -1.4573 2.3117 0.8643
vt -1.3861 2.3117 0.8643
vt -1.3219 2.3426 0.8643
vt -1.2775 2.3983 0.8643
vt -1.2617 2.4677 0.8643
vt -1.2775 2.5371 0.8643
vt -1.3219 2.5928 0.8643
vt -1.3861 2.6237 0.8643
vt -1.4573 2.6237 0.8643
vt -1.5215 2.5928 0.8643
vt 1.8448 3.2323 0.1357
vt 1.8004 3.2880 0.1357
vt 1.7363 3.3189 0.1357
vt 1.6651 3.3189 0.1357
vt 1.6009 3.2880 0.1357
vt 1.5565 3.2323 0.1357
vt 1.5407 3.1629 0.1357
vt 1.5565 3.0934 0.1357
vt 1.6009 3.0378 0.1357
vt 1.6651 3.0069 0.1357
vt 1.7363 3.0069 0.1357
vt 1.8004 3.0378 0.1357
vt 1.8448 3.0934 0.1357
vt 1.8607 3.1629 0.1357
vt -2.1629 0.1357 -0.8607
vt -2.0934 0.1357 -0.8448
vt -2.0934 0.8643 -0.8448
vt -2.1629 0.8643 -0.8607
vt -2.0378 0.1357 -0.8004
vt -2.0378 0.8643 -0.8004
vt -0.8004 0.1357 3.0378
vt -0.7363 0.1357 3.0069
vt -0.7363 0.8643 3.0069
vt -0.8004 0.8643 3.0378
vt -0.6651 0.1357 3.0069
vt -0.6651 0.8643 3.0069
vt -0.6009 0.1357 3.0378
vt -0.6009 0.8643 3.0378
vt 3.0378 0.1357 -0.6009
vt 3.0934 0.1357 -0.5565
vt 3.0934 0.8643 -0.5565
vt 3.0378 0.8643 -0.6009
vt 3.1629 0.1357 -0.5407
vt 3.1629 0.8643 -0.5407
vt 3.2323 0.1357 -0.5565
vt 3.2323 0.8643 -0.5565
vt 3.2880 0.1357 -0.6009
vt 3.2880 0.8643 -0.6009
vt 1.6009 0.1357 3.2880
vt 1.6651 0.1357 3.3189
vt 1.6651 0.8643 3.3189
vt 1.6009 0.8643 3.2880
vt 1.7363 0.1357 3.3189
vt 1.7363 0.8643 3.3189
vt 1.8004 0.1357 3.2880
vt 1.8004 0.8643 3.2880
vt -2.2880 0.1357 -0.8004
vt -2.2323 0.1357 -0.8448
vt -2.2323 0.8643 -0.8448
vt -2.2880 0.8643 -0.8004
vt -0.8448 3.2323 0.8643
vt -0.8607 3.1629 0.8643
vt -0.8448 3.0934 0.8643
vt -0.8004 3.0378 0.8643
vt -0.7363 3.0069 0.8643
vt -0.6651 3.0069 0.8643
vt -0.6009 3.0378 0.8643
vt -0.5565 3.0934 0.8643
vt -0.5407 3.1629 0.8643
vt -0.5565 3.2323 0.8643
vt -0.6009 3.2880 0.8643
vt -0.6651 3.3189 0.8643
vt -0.7363 3.3189 0.8643
vt -0.8004 3.2880 0.8643
vt 0.8745 3.2323 0.1357
vt 0.8301 3.2880 0.1357
vt 0.7659 3.3189 0.1357
vt 0.6947 3.3189 0.1357
vt 0.6306 3.2880 0.1357
vt 0.5862 3.2323 0.1357
vt 0.5703 3.1629 0.1357
vt 0.5862 3.0934 0.1357
vt 0.6306 3.0378 0.1357
vt 0.6947 3.0069 0.1357
vt 0.7659 3.0069 0.1357
vt 0.8301 3.0378 0.1357
vt 0.8745 3.0934 0.1357
vt 0.8903 3.1629 0.1357
vt -2.1629 0.1357 0.1097
vt -2.0934 0.1357 0.1255
vt -2.0934 0.8643 0.1255
vt -2.1629 0.8643 0.1097
vt -2.0378 0.1357 0.1699
vt -2.0378 0.8643 0.1699
vt 0.1699 0.1357 3.0378
vt 0.2341 0.1357 3.0069
vt 0.2341 0.8643 3.0069
vt 0.1699 0.8643 3.0378
vt 0.3053 0.1357 3.0069
vt 0.3053 0.8643 3.0069
vt 0.3694 0.1357 3.0378
vt 0.3694 0.8643 3.0378
vt 3.0378 0.1357 0.3694
vt 3.0934 0.1357 0.4138
vt 3.0934 0.8643 0.4138
vt 3.0378 0.8643 0.3694
vt 3.1629 0.1357 0.4297
vt 3.1629 0.8643 0.4297
vt 3.2323 0.1357 0.4138
vt 3.2323 0.8643 0.4138
vt 3.2880 0.1357 0.3694
vt 3.2880 0.8643 0.3694
vt 0.6306 0.1357 3.2880
vt 0.6947 0.1357 3.3189
vt 0.6947 0.8643 3.3189
vt 0.6306 0.8643 3.2880
vt 0.7659 0.1357 3.3189
vt 0.7659 0.8643 3.3189
vt 0.8301 0.1357 3.2880
vt 0.8301 0.8643 3.2880
vt -2.2880 0.1357 0.1699
vt -2.2323 0.1357 0.1255
vt -2.2323 0.8643 0.1255
vt -2.2880 0.8643 0.1699
vt 0.1255 3.2323 0.8643
vt 0.1097 3.1629 0.8643
vt 0.1255 3.0934 0.8643
vt 0.1699 3.0378 0.8643
vt 0.2341 3.0069 0.8643
vt 0.3053 3.0069 0.8643
vt 0.3694 3.0378 0.8643
vt 0.4138 3.0934 0.8643
vt 0.4297 3.1629 0.8643
vt 0.4138 3.2323 0.8643
vt 0.3694 3.2880 0.8643
vt 0.3053 3.3189 0.8643
vt 0.2341 3.3189 0.8643
vt 0.1699 3.2880 0.8643
vt -0.3450 3.2323 0.1357
vt -0.3894 3.2880 0.1357
vt -0.4536 3.3189 0.1357
vt -0.5248 3.3189 0.1357
vt -0.5889 3.2880 0.1357
vt -0.6333 3.2323 0.1357
vt -0.6492 3.1629 0.1357
vt -0.6333 3.0934 0.1357
vt -0.5889 3.0378 0.1357
vt -0.5248 3.0069 0.1357
vt -0.4536 3.0069 0.1357
vt -0.3894 3.0378 0.1357
vt -0.3450 3.0934 0.1357
vt -0.3292 3.1629 0.1357
vt -2.1629 0.1357 1.3292
vt -2.0934 0.1357 1.3450
vt -2.0934 0.8643 1.3450
vt -2.1629 0.8643 1.3292
vt -2.0378 0.1357 1.3894
vt -2.0378 0.8643 1.3894
vt 1.3894 0.1357 3.0378
vt 1.4536 0.1357 3.0069
vt 1.4536 0.8643 3.0069
vt 1.3894 0.8643 3.0378
vt 1.5248 0.1357 3.0069
vt 1.5248 0.8643 3.0069
vt 1.5889 0.1357 3.0378
vt 1.5889 0.8643 3.0378
vt 3.0378 0.1357 1.5889
vt 3.0934 0.1357 1.6333
vt 3.0934 0.8643 1.6333
vt 3.0378 0.8643 1.5889
vt 3.1629 0.1357 1.6492
vt 3.1629 0.8643 1.6492
vt 3.2323 0.1357 1.6333
vt 3.2323 0.8643 1.6333
vt 3.2880 0.1357 1.5889
vt 3.2880 0.8643 1.5889
vt -0.5889 0.1357 3.2880
vt -0.5248 0.1357 3.3189
vt -0.5248 0.8643 3.3189
vt -0.5889 0.8643 3.2880
vt -0.4536 0.1357 3.3189
vt -0.4536 0.8643 3.3189
vt -0.3894 0.1357 3.2880
vt -0.3894 0.8643 3.2880
vt -2.2880 0.1357 1.3894
vt -2.2323 0.1357 1.3450
vt -2.2323 0.8643 1.3450
vt -2.2880 0.8643 1.3894
vt 1.3450 3.2323 0.8643
vt 1.3292 3.1629 0.8643
vt 1.3450 3.0934 0.8643
vt 1.3894 3.0378 0.8643
vt 1.4536 3.0069 0.8643
vt 1.5248 3.0069 0.8643
vt 1.5889 3.0378 0.8643
vt 1.6333 3.0934 0.8643
vt 1.6492 3.1629 0.8643
vt 1.6333 3.2323 0.8643
vt 1.5889 3.2880 0.8643
vt 1.5248 3.3189 0.8643
vt 1.4536 3.3189 0.8643
vt 1.3894 3.2880 0.8643
vt 2.5659 -0.5529 0.1357
vt 2.5817 -0.4835 0.1357
vt 2.5659 -0.4141 0.1357
vt 2.5215 -0.3584 0.1357
vt 2.4573 -0.3275 0.1357
vt 2.3861 -0.3275 0.1357
vt 2.3219 -0.3584 0.1357
vt 2.2775 -0.4141 0.1357
vt 2.2617 -0.4835 0.1357
vt 2.2775 -0.5529 0.1357
vt 2.3219 -0.6086 0.1357
vt 2.3861 -0.6395 0.1357
vt 2.4573 -0.6395 0.1357
vt 2.5215 -0.6086 0.1357
vt 1.4835 0.1357 -1.5817
vt 1.4835 0.8643 -1.5817
vt 1.4141 0.8643 -1.5659
vt 1.4141 0.1357 -1.5659
vt 1.3584 0.8643 -1.5215
vt 1.3584 0.1357 -1.5215
vt 2.5215 0.1357 -0.3584
vt 2.5215 0.8643 -0.3584
vt 2.4573 0.8643 -0.3275
vt 2.4573 0.1357 -0.3275
vt 2.3861 0.8643 -0.3275
vt 2.3861 0.1357 -0.3275
vt 2.3219 0.8643 -0.3584
vt 2.3219 0.1357 -0.3584
vt -0.3584 0.1357 -1.3219
vt -0.3584 0.8643 -1.3219
vt -0.4141 0.8643 -1.2775
vt -0.4141 0.1357 -1.2775
vt -0.4835 0.8643 -1.2617
vt -0.4835 0.1357 -1.2617
vt -0.5529 0.8643 -1.2775
vt -0.5529 0.1357 -1.2775
vt -0.6086 0.8643 -1.3219
vt -0.6086 0.1357 -1.3219
vt -1.3219 0.1357 -0.6086
vt -1.3219 0.8643 -0.6086
vt -1.3861 0.8643 -0.6395
vt -1.3861 0.1357 -0.6395
vt -1.4573 0.8643 -0.6395
vt -1.4573 0.1357 -0.6395
vt -1.5215 0.8643 -0.6086
vt -1.5215 0.1357 -0.6086
vt 1.6086 0.1357 -1.5215
vt 1.6086 0.8643 -1.5215
vt 1.5529 0.8643 -1.5659
vt 1.5529 0.1357 -1.5659
vt -1.5659 -0.5529 0.8643
vt -1.5215 -0.6086 0.8643
vt -1.4573 -0.6395 0.8643
vt -1.3861 -0.6395 0.8643
vt -1.3219 -0.6086 0.8643
vt -1.2775 -0.5529 0.8643
vt -1.2617 -0.4835 0.8643
vt -1.2775 -0.4141 0.8643
vt -1.3219 -0.3584 0.8643
vt -1.3861 -0.3275 0.8643
vt -1.4573 -0.3275 0.8643
vt -1.5215 -0.3584 0.8643
vt -1.5659 -0.4141 0.8643
vt -1.5817 -0.4835 0.8643
vt 2.5659 -1.5371 0.1357
vt 2.5817 -1.4677 0.1357
vt 2.5659 -1.3983 0.1357
vt 2.5215 -1.3426 0.1357
vt 2.4573 -1.3117 0.1357
vt 2.3861 -1.3117 0.1357
vt 2.3219 -1.3426 0.1357
vt 2.2775 -1.3983 0.1357
vt 2.2617 -1.4677 0.1357
vt 2.2775 -1.5371 0.1357
vt 2.3219 -1.5928 0.1357
vt 2.3861 -1.6237 0.1357
vt 2.4573 -1.6237 0.1357
vt 2.5215 -1.5928 0.1357
vt 2.4677 0.1357 -1.5817
vt 2.4677 0.8643 -1.5817
vt 2.3983 0.8643 -1.5659
vt 2.3983 0.1357 -1.5659
vt 2.3426 0.8643 -1.5215
vt 2.3426 0.1357 -1.5215
vt 2.5215 0.1357 -1.3426
vt 2.5215 0.8643 -1.3426
vt 2.4573 0.8643 -1.3117
vt 2.4573 0.1357 -1.3117
vt 2.3861 0.8643 -1.3117
vt 2.3861 0.1357 -1.3117
vt 2.3219 0.8643 -1.3426
vt 2.3219 0.1357 -1.3426
vt -1.3426 0.1357 -1.3219
vt -1.3426 0.8643 -1.3219
vt -1.3983 0.8643 -1.2775
vt -1.3983 0.1357 -1.2775
vt -1.4677 0.8643 -1.2617
vt -1.4677 0.1357 -1.2617
vt -1.5371 0.8643 -1.2775
vt -1.5371 0.1357 -1.2775
vt -1.5928 0.8643 -1.3219
vt -1.5928 0.1357 -1.3219
vt -1.3219 0.1357 -1.5928
vt -1.3219 0.8643 -1.5928
vt -1.3861 0.8643 -1.6237
vt -1.3861 0.1357 -1.6237
vt -1.4573 0.8643 -1.6237
vt -1.4573 0.1357 -1.6237
vt -1.5215 0.8643 -1.5928
vt -1.5215 0.1357 -1.5928
vt 2.5928 0.1357 -1.5215
vt 2.5928 0.8643 -1.5215
vt 2.5371 0.8643 -1.5659
vt 2.5371 0.1357 -1.5659
vt -1.5659 -1.5371 0.8643
vt -1.5215 -1.5928 0.8643
vt -1.4573 -1.6237 0.8643
vt -1.3861 -1.6237 0.8643
vt -1.3219 -1.5928 0.8643
vt -1.2775 -1.5371 0.8643
vt -1.2617 -1.4677 0.8643
vt -1.2775 -1.3983 0.8643
vt -1.3219 -1.3426 0.8643
vt -1.3861 -1.3117 0.8643
vt -1.4573 -1.3117 0.8643
vt -1.5215 -1.3426 0.8643
vt -1.5659 -1.3983 0.8643
vt -1.5817 -1.4677 0.8643
vt 1.8448 -2.2323 0.1357
vt 1.8607 -2.1629 0.1357
vt 1.8448 -2.0934 0.1357
vt 1.8004 -2.0378 0.1357
vt 1.7363 -2.0069 0.1357
vt 1.6651 -2.0069 0.1357
vt 1.6009 -2.0378 0.1357
vt 1.5565 -2.0934 0.1357
vt 1.5407 -2.1629 0.1357
vt 1.5565 -2.2323 0.1357
vt 1.6009 -2.2880 0.1357
vt 1.6651 -2.3189 0.1357
vt 1.7363 -2.3189 0.1357
vt 1.8004 -2.2880 0.1357
vt 3.1629 0.1357 -0.8607
vt 3.1629 0.8643 -0.8607
vt 3.0934 0.8643 -0.8448
vt 3.0934 0.1357 -0.8448
vt 3.0378 0.8643 -0.8004
vt 3.0378 0.1357 -0.8004
vt 1.8004 0.1357 -2.0378
vt 1.8004 0.8643 -2.0378
vt 1.7363 0.8643 -2.0069
vt 1.7363 0.1357 -2.0069
vt 1.6651 0.8643 -2.0069
vt 1.6651 0.1357 -2.0069
vt 1.6009 0.8643 -2.0378
vt 1.6009 0.1357 -2.0378
vt -2.0378 0.1357 -0.6009
vt -2.0378 0.8643 -0.6009
vt -2.0934 0.8643 -0.5565
vt -2.0934 0.1357 -0.5565
vt -2.1629 0.8643 -0.5407
vt -2.1629 0.1357 -0.5407
vt -2.2323 0.8643 -0.5565
vt -2.2323 0.1357 -0.5565
vt -2.2880 0.8643 -0.6009
vt -2.2880 0.1357 -0.6009
vt -0.6009 0.1357 -2.2880
vt -0.6009 0.8643 -2.2880
vt -0.6651 0.8643 -2.3189
vt -0.6651 0.1357 -2.3189
vt -0.7363 0.8643 -2.3189
vt -0.7363 0.1357 -2.3189
vt -0.8004 0.8643 -2.2880
vt -0.8004 0.1357 -2.2880
vt 3.2880 0.1357 -0.8004
vt 3.2880 0.8643 -0.8004
vt 3.2323 0.8643 -0.8448
vt 3.2323 0.1357 -0.8448
vt -0.8448 -2.2323 0.8643
vt -0.8004 -2.2880 0.8643
vt -0.7363 -2.3189 0.8643
vt -0.6651 -2.3189 0.8643
vt -0.6009 -2.2880 0.8643
vt -0.5565 -2.2323 0.8643
vt -0.5407 -2.1629 0.8643
vt -0.5565 -2.0934 0.8643
vt -0.6009 -2.0378 0.8643
vt -0.6651 -2.0069 0.8643
vt -0.7363 -2.0069 0.8643
vt -0.8004 -2.0378 0.8643
vt -0.8448 -2.0934 0.8643
vt -0.8607 -2.1629 0.8643
vt 0.8745 -2.2323 0.1357
vt 0.8903 -2.1629 0.1357
vt 0.8745 -2.0934 0.1357
vt 0.8301 -2.0378 0.1357
vt 0.7659 -2.0069 0.1357
vt 0.6947 -2.0069 0.1357
vt 0.6306 -2.0378 0.1357
vt 0.5862 -2.0934 0.1357
vt 0.5703 -2.1629 0.1357
vt 0.5862 -2.2323 0.1357
vt 0.6306 -2.2880 0.1357
vt 0.6947 -2.3189 0.1357
vt 0.7659 -2.3189 0.1357
vt 0.8301 -2.2880 0.1357
vt 3.1629 0.1357 0.1097
vt 3.1629 0.8643 0.1097
vt 3.0934 0.8643 0.1255
vt 3.0934 0.1357 0.1255
vt 3.0378 0.8643 0.1699
vt 3.0378 0.1357 0.1699
vt 0.8301 0.1357 -2.0378
vt 0.8301 0.8643 -2.0378
vt 0.7659 0.8643 -2.0069
vt 0.7659 0.1357 -2.0069
vt 0.6947 0.8643 -2.0069
vt 0.6947 0.1357 -2.0069
vt 0.6306 0.8643 -2.0378
vt 0.6306 0.1357 -2.0378
vt -2.0378 0.1357 0.3694
vt -2.0378 0.8643 0.3694
vt -2.0934 0.8643 0.4138
vt -2.0934 0.1357 0.4138
vt -2.1629 0.8643 0.4297
vt -2.1629 0.1357 0.4297
vt -2.2323 0.8643 0.4138
vt -2.2323 0.1357 0.4138
vt -2.2880 0.8643 0.3694
vt -2.2880 0.1357 0.3694
vt 0.3694 0.1357 -2.2880
vt 0.3694 0.8643 -2.2880
vt 0.3053 0.8643 -2.3189
vt 0.3053 0.1357 -2.3189
vt 0.2341 0.8643 -2.3189
vt 0.2341 0.1357 -2.3189
vt 0.1699 0.8643 -2.2880
vt 0.1699 0.1357 -2.2880
vt 3.2880 0.1357 0.1699
vt 3.2880 0.8643 0.1699
vt 3.2323 0.8643 0.1255
vt 3.2323 0.1357 0.1255
vt 0.1255 -2.2323 0.8643
vt 0.1699 -2.2880 0.8643
vt 0.2341 -2.3189 0.8643
vt 0.3053 -2.3189 0.8643
vt 0.3694 -2.2880 0.8643
vt 0.4138 -2.2323 0.8643
vt 0.4297 -2.1629 0.8643
vt 0.4138 -2.0934 0.8643
vt 0.3694 -2.0378 0.8643
vt 0.3053 -2.0069 0.8643
vt 0.2341 -2.0069 0.8643
vt 0.1699 -2.0378 0.8643
vt 0.1255 -2.0934 0.8643
vt 0.1097 -2.1629 0.8643
vt -0.3450 -2.2323 0.1357
vt -0.3292 -2.1629 0.1357
vt -0.3450 -2.0934 0.1357
vt -0.3894 -2.0378 0.1357
vt -0.4536 -2.0069 0.1357
vt -0.5248 -2.0069 0.1357
vt -0.5889 -2.0378 0.1357
vt -0.6333 -2.0934 0.1357
vt -0.6492 -2.1629 0.1357
vt -0.6333 -2.2323 0.1357
vt -0.5889 -2.2880 0.1357
vt -0.5248 -2.3189 0.1357
vt -0.4536 -2.3189 0.1357
vt -0.3894 -2.2880 0.1357
vt 3.1629 0.1357 1.3292
vt 3.1629 0.8643 1.3292
vt 3.0934 0.8643 1.3450
vt 3.0934 0.1357 1.3450
vt 3.0378 0.8643 1.3894
vt 3.0378 0.1357 1.3894
vt -0.3894 0.1357 -2.0378
vt -0.3894 0.8643 -2.0378
vt -0.4536 0.8643 -2.0069
vt -0.4536 0.1357 -2.0069
vt -0.5248 0.8643 -2.0069
vt -0.5248 0.1357 -2.0069
vt -0.5889 0.8643 -2.0378
vt -0.5889 0.1357 -2.0378
vt -2.0378 0.1357 1.5889
vt -2.0378 0.8643 1.5889
vt -2.0934 0.8643 1.6333
vt -2.0934 0.1357 1.6333
vt -2.1629 0.8643 1.6492
vt -2.1629 0.1357 1.6492
vt -2.2323 0.8643 1.6333
vt -2.2323 0.1357 1.6333
vt -2.2880 0.8643 1.5889
vt -2.2880 0.1357 1.5889
vt 1.5889 0.1357 -2.2880
vt 1.5889 0.8643 -2.2880
vt 1.5248 0.8643 -2.3189
vt 1.5248 0.1357 -2.3189
vt 1.4536 0.8643 -2.3189
vt 1.4536 0.1357 -2.3189
vt 1.3894 0.8643 -2.2880
vt 1.3894 0.1357 -2.2880
vt 3.2880 0.1357 1.3894
vt 3.2880 0.8643 1.3894
vt 3.2323 0.8643 1.3450
vt 3.2323 0.1357 1.3450
vt 1.3450 -2.2323 0.8643
vt 1.3894 -2.2880 0.8643
vt 1.4536 -2.3189 0.8643
vt 1.5248 -2.3189 0.8643
vt 1.5889 -2.2880 0.8643
vt 1.6333 -2.2323 0.8643
vt 1.6492 -2.1629 0.8643
vt 1.6333 -2.0934 0.8643
vt 1.5889 -2.0378 0.8643
vt 1.5248 -2.0069 0.8643
vt 1.4536 -2.0069 0.8643
vt 1.3894 -2.0378 0.8643
vt 1.3450 -2.0934 0.8643
vt 1.3292 -2.1629 0.8643
vt -1.4375 -3.4328 0.1357
vt -1.4217 -3.3633 0.1357
vt -1.4375 -3.2939 0.1357
vt -1.4819 -3.2382 0.1357
vt -1.5461 -3.2074 0.1357
vt -1.5817 -3.2073 0.1357
vt -1.5817 -3.5193 0.1357
vt -1.5461 -3.5193 0.1357
vt -1.4819 -3.4884 0.1357
vt 4.3633 0.1357 2.4217
vt 4.3633 0.8643 2.4217
vt 4.2939 0.8643 2.4375
vt 4.2939 0.1357 2.4375
vt 4.2382 0.8643 2.4819
vt 4.2382 0.1357 2.4819
vt -1.4819 0.1357 -3.2382
vt -1.4819 0.8643 -3.2382
vt -1.5461 0.8643 -3.2074
vt -1.5461 0.1357 -3.2074
vt -1.5817 0.8643 -3.2073
vt -1.5817 0.1357 -3.2073
vt 2.5461 0.1357 -3.5193
vt 2.5461 0.8643 -3.5193
vt 2.4819 0.8643 -3.4884
vt 2.4819 0.1357 -3.4884
vt 4.4884 0.1357 2.4819
vt 4.4884 0.8643 2.4819
vt 4.4328 0.8643 2.4375
vt 4.4328 0.1357 2.4375
vt 2.4375 -3.4328 0.8643
vt 2.4819 -3.4884 0.8643
vt 2.5461 -3.5193 0.8643
vt 2.5817 -3.5193 0.8643
vt 2.5817 -3.2073 0.8643
vt 2.5461 -3.2074 0.8643
vt 2.4819 -3.2382 0.8643
vt 2.4375 -3.2939 0.8643
vt 2.4217 -3.3633 0.8643
vt 2.5817 0.8643 -3.5193
vt 2.5817 0.1357 -3.5193
vt -1.4375 -0.6635 0.1357
vt -1.4217 -0.5941 0.1357
vt -1.4375 -0.5247 0.1357
vt -1.4819 -0.4690 0.1357
vt -1.5461 -0.4381 0.1357
vt -1.5817 -0.4381 0.1357
vt -1.5817 -0.7501 0.1357
vt -1.5461 -0.7501 0.1357
vt -1.4819 -0.7192 0.1357
vt 1.5941 0.1357 2.4217
vt 1.5941 0.8643 2.4217
vt 1.5247 0.8643 2.4375
vt 1.5247 0.1357 2.4375
vt 1.4690 0.8643 2.4819
vt 1.4690 0.1357 2.4819
vt -1.4819 0.1357 -0.4690
vt -1.4819 0.8643 -0.4690
vt -1.5461 0.8643 -0.4381
vt -1.5461 0.1357 -0.4381
vt -1.5817 0.8643 -0.4381
vt -1.5817 0.1357 -0.4381
vt 2.5461 0.1357 -0.7501
vt 2.5461 0.8643 -0.7501
vt 2.4819 0.8643 -0.7192
vt 2.4819 0.1357 -0.7192
vt 1.7192 0.1357 2.4819
vt 1.7192 0.8643 2.4819
vt 1.6635 0.8643 2.4375
vt 1.6635 0.1357 2.4375
vt 2.4375 -0.6635 0.8643
vt 2.4819 -0.7192 0.8643
vt 2.5461 -0.7501 0.8643
vt 2.5817 -0.7501 0.8643
vt 2.5817 -0.4381 0.8643
vt 2.5461 -0.4381 0.8643
vt 2.4819 -0.4690 0.8643
vt 2.4375 -0.5247 0.8643
vt 2.4217 -0.5941 0.8643
vt 2.5817 0.8643 -0.7501
vt 2.5817 0.1357 -0.7501
vt -1.4375 -6.3625 0.1357
vt -1.4217 -6.2931 0.1357
vt -1.4375 -6.2236 0.1357
vt -1.4819 -6.1680 0.1357
vt -1.5461 -6.1371 0.1357
vt -1.5817 -6.1371 0.1357
vt -1.5817 -6.4490 0.1357
vt -1.5461 -6.4490 0.1357
vt -1.4819 -6.4181 0.1357
vt 7.2931 0.1357 2.4217
vt 7.2931 0.8643 2.4217
vt 7.2236 0.8643 2.4375
vt 7.2236 0.1357 2.4375
vt 7.1680 0.8643 2.4819
vt 7.1680 0.1357 2.4819
vt -1.4819 0.1357 -6.1680
vt -1.4819 0.8643 -6.1680
vt -1.5461 0.8643 -6.1371
vt -1.5461 0.1357 -6.1371
vt -1.5817 0.8643 -6.1371
vt -1.5817 0.1357 -6.1371
vt 2.5461 0.1357 -6.4490
vt 2.5461 0.8643 -6.4490
vt 2.4819 0.8643 -6.4181
vt 2.4819 0.1357 -6.4181
vt 7.4181 0.1357 2.4819
vt 7.4181 0.8643 2.4819
vt 7.3625 0.8643 2.4375
vt 7.3625 0.1357 2.4375
vt 2.4375 -6.3625 0.8643
vt 2.4819 -6.4181 0.8643
vt 2.5461 -6.4490 0.8643
vt 2.5817 -6.4490 0.8643
vt 2.5817 -6.1371 0.8643
vt 2.5461 -6.1371 0.8643
vt 2.4819 -6.1680 0.8643
vt 2.4375 -6.2236 0.8643
vt 2.4217 -6.2931 0.8643
vt 2.5817 0.8643 -6.4490
vt 2.5817 0.1357 -6.4490
vt -1.4375 4.4328 0.1357
vt -1.4819 4.4884 0.1357
vt -1.5461 4.5193 0.1357
vt -1.5817 4.5193 0.1357
vt -1.5817 4.2073 0.1357
vt -1.5461 4.2074 0.1357
vt -1.4819 4.2382 0.1357
vt -1.4375 4.2939 0.1357
vt -1.4217 4.3633 0.1357
vt -3.3633 0.1357 2.4217
vt -3.2939 0.1357 2.4375
vt -3.2939 0.8643 2.4375
vt -3.3633 0.8643 2.4217
vt -3.2382 0.1357 2.4819
vt -3.2382 0.8643 2.4819
vt 2.4819 0.1357 4.2382
vt 2.5461 0.1357 4.2074
vt 2.5461 0.8643 4.2074
vt 2.4819 0.8643 4.2382
vt 2.5817 0.1357 4.2073
vt 2.5817 0.8643 4.2073
vt -1.5461 0.1357 4.5193
vt -1.4819 0.1357 4.4884
vt -1.4819 0.8643 4.4884
vt -1.5461 0.8643 4.5193
vt -3.4884 0.1357 2.4819
vt -3.4328 0.1357 2.4375
vt -3.4328 0.8643 2.4375
vt -3.4884 0.8643 2.4819
vt 2.4375 4.4328 0.8643
vt 2.4217 4.3633 0.8643
vt 2.4375 4.2939 0.8643
vt 2.4819 4.2382 0.8643
vt 2.5461 4.2074 0.8643
vt 2.5817 4.2073 0.8643
vt 2.5817 4.5193 0.8643
vt 2.5461 4.5193 0.8643
vt 2.4819 4.4884 0.8643
vt -1.5817 0.8643 4.5193
vt -1.5817 0.1357 4.5193
vt -1.4375 1.6635 0.1357
vt -1.4819 1.7192 0.1357
vt -1.5461 1.7501 0.1357
vt -1.5817 1.7501 0.1357
vt -1.5817 1.4381 0.1357
vt -1.5461 1.4381 0.1357
vt -1.4819 1.4690 0.1357
vt -1.4375 1.5247 0.1357
vt -1.4217 1.5941 0.1357
vt -0.5941 0.1357 2.4217
vt -0.5247 0.1357 2.4375
vt -0.5247 0.8643 2.4375
vt -0.5941 0.8643 2.4217
vt -0.4690 0.1357 2.4819
vt -0.4690 0.8643 2.4819
vt 2.4819 0.1357 1.4690
vt 2.5461 0.1357 1.4381
vt 2.5461 0.8643 1.4381
vt 2.4819 0.8643 1.4690
vt 2.5817 0.1357 1.4381
vt 2.5817 0.8643 1.4381
vt -1.5461 0.1357 1.7501
vt -1.4819 0.1357 1.7192
vt -1.4819 0.8643 1.7192
vt -1.5461 0.8643 1.7501
vt -0.7192 0.1357 2.4819
vt -0.6635 0.1357 2.4375
vt -0.6635 0.8643 2.4375
vt -0.7192 0.8643 2.4819
vt 2.4375 1.6635 0.8643
vt 2.4217 1.5941 0.8643
vt 2.4375 1.5247 0.8643
vt 2.4819 1.4690 0.8643
vt 2.5461 1.4381 0.8643
vt 2.5817 1.4381 0.8643
vt 2.5817 1.7501 0.8643
vt 2.5461 1.7501 0.8643
vt 2.4819 1.7192 0.8643
vt -1.5817 0.8643 1.7501
vt -1.5817 0.1357 1.7501
vt -1.4375 7.3625 0.1357
vt -1.4819 7.4181 0.1357
vt -1.5461 7.4490 0.1357
vt -1.5817 7.4490 0.1357
vt -1.5817 7.1371 0.1357
vt -1.5461 7.1371 0.1357
vt -1.4819 7.1680 0.1357
vt -1.4375 7.2236 0.1357
vt -1.4217 7.2931 0.1357
vt -6.2931 0.1357 2.4217
vt -6.2236 0.1357 2.4375
vt -6.2236 0.8643 2.4375
vt -6.2931 0.8643 2.4217
vt -6.1680 0.1357 2.4819
vt -6.1680 0.8643 2.4819
vt 2.4819 0.1357 7.1680
vt 2.5461 0.1357 7.1371
vt 2.5461 0.8643 7.1371
vt 2.4819 0.8643 7.1680
vt 2.5817 0.1357 7.1371
vt 2.5817 0.8643 7.1371
vt -1.5461 0.1357 7.4490
vt -1.4819 0.1357 7.4181
vt -1.4819 0.8643 7.4181
vt -1.5461 0.8643 7.4490
vt -6.4181 0.1357 2.4819
vt -6.3625 0.1357 2.4375
vt -6.3625 0.8643 2.4375
vt -6.4181 0.8643 2.4819
vt 2.4375 7.3625 0.8643
vt 2.4217 7.2931 0.8643
vt 2.4375 7.2236 0.8643
vt 2.4819 7.1680 0.8643
vt 2.5461 7.1371 0.8643
vt 2.5817 7.1371 0.8643
vt 2.5817 7.4490 0.8643
vt 2.5461 7.4490 0.8643
vt 2.4819 7.4181 0.8643
vt -1.5817 0.8643 7.4490
vt -1.5817 0.1357 7.4490
vt -0.3450 -0.6135 0.1357
vt -0.3292 -0.5441 0.1357
vt -0.3450 -0.4747 0.1357
vt -0.3894 -0.4190 0.1357
vt -0.4536 -0.3881 0.1357
vt -0.5248 -0.3881 0.1357
vt -0.5889 -0.4190 0.1357
vt -0.6333 -0.4747 0.1357
vt -0.6492 -0.5441 0.1357
vt -0.6333 -0.6135 0.1357
vt -0.5889 -0.6692 0.1357
vt -0.5248 -0.7001 0.1357
vt -0.4536 -0.7001 0.1357
vt -0.3894 -0.6692 0.1357
vt 1.5441 0.1357 1.3292
vt 1.5441 0.8643 1.3292
vt 1.4747 0.8643 1.3450
vt 1.4747 0.1357 1.3450
vt 1.4190 0.8643 1.3894
vt 1.4190 0.1357 1.3894
vt -0.3894 0.1357 -0.4190
vt -0.3894 0.8643 -0.4190
vt -0.4536 0.8643 -0.3881
vt -0.4536 0.1357 -0.3881
vt -0.5248 0.8643 -0.3881
vt -0.5248 0.1357 -0.3881
vt -0.5889 0.8643 -0.4190
vt -0.5889 0.1357 -0.4190
vt -0.4190 0.1357 1.5889
vt -0.4190 0.8643 1.5889
vt -0.4747 0.8643 1.6333
vt -0.4747 0.1357 1.6333
vt -0.5441 0.8643 1.6492
vt -0.5441 0.1357 1.6492
vt -0.6135 0.8643 1.6333
vt -0.6135 0.1357 1.6333
vt -0.6692 0.8643 1.5889
vt -0.6692 0.1357 1.5889
vt 1.5889 0.1357 -0.6692
vt 1.5889 0.8643 -0.6692
vt 1.5248 0.8643 -0.7001
vt 1.5248 0.1357 -0.7001
vt 1.4536 0.8643 -0.7001
vt 1.4536 0.1357 -0.7001
vt 1.3894 0.8643 -0.6692
vt 1.3894 0.1357 -0.6692
vt 1.6692 0.1357 1.3894
vt 1.6692 0.8643 1.3894
vt 1.6135 0.8643 1.3450
vt 1.6135 0.1357 1.3450
vt 1.3450 -0.6135 0.8643
vt 1.3894 -0.6692 0.8643
vt 1.4536 -0.7001 0.8643
vt 1.5248 -0.7001 0.8643
vt 1.5889 -0.6692 0.8643
vt 1.6333 -0.6135 0.8643
vt 1.6492 -0.5441 0.8643
vt 1.6333 -0.4747 0.8643
vt 1.5889 -0.4190 0.8643
vt 1.5248 -0.3881 0.8643
vt 1.4536 -0.3881 0.8643
vt 1.3894 -0.4190 0.8643
vt 1.3450 -0.4747 0.8643
vt 1.3292 -0.5441 0.8643
vt -0.6470 -1.4388 0.1357
vt -0.6311 -1.3694 0.1357
vt -0.6470 -1.3000 0.1357
vt -0.6914 -1.2443 0.1357
vt -0.7555 -1.2134 0.1357
vt -0.8267 -1.2134 0.1357
vt -0.8909 -1.2443 0.1357
vt -0.9353 -1.3000 0.1357
vt -0.9511 -1.3694 0.1357
vt -0.9353 -1.4388 0.1357
vt -0.8909 -1.4945 0.1357
vt -0.8267 -1.5254 0.1357
vt -0.7555 -1.5254 0.1357
vt -0.6914 -1.4945 0.1357
vt 2.3694 0.1357 1.6311
vt 2.3694 0.8643 1.6311
vt 2.3000 0.8643 1.6470
vt 2.3000 0.1357 1.6470
vt 2.2443 0.8643 1.6914
vt 2.2443 0.1357 1.6914
vt -0.6914 0.1357 -1.2443
vt -0.6914 0.8643 -1.2443
vt -0.7555 0.8643 -1.2134
vt -0.7555 0.1357 -1.2134
vt -0.8267 0.8643 -1.2134
vt -0.8267 0.1357 -1.2134
vt -0.8909 0.8643 -1.2443
vt -0.8909 0.1357 -1.2443
vt -1.2443 0.1357 1.8909
vt -1.2443 0.8643 1.8909
vt -1.3000 0.8643 1.9353
vt -1.3000 0.1357 1.9353
vt -1.3694 0.8643 1.9511
vt -1.3694 0.1357 1.9511
vt -1.4388 0.8643 1.9353
vt -1.4388 0.1357 1.9353
vt -1.4945 0.8643 1.8909
vt -1.4945 0.1357 1.8909
vt 1.8909 0.1357 -1.4945
vt 1.8909 0.8643 -1.4945
vt 1.8267 0.8643 -1.5254
vt 1.8267 0.1357 -1.5254
vt 1.7555 0.8643 -1.5254
vt 1.7555 0.1357 -1.5254
vt 1.6914 0.8643 -1.4945
vt 1.6914 0.1357 -1.4945
vt 2.4945 0.1357 1.6914
vt 2.4945 0.8643 1.6914
vt 2.4388 0.8643 1.6470
vt 2.4388 0.1357 1.6470
vt 1.6470 -1.4388 0.8643
vt 1.6914 -1.4945 0.8643
vt 1.7555 -1.5254 0.8643
vt 1.8267 -1.5254 0.8643
vt 1.8909 -1.4945 0.8643
vt 1.9353 -1.4388 0.8643
vt 1.9511 -1.3694 0.8643
vt 1.9353 -1.3000 0.8643
vt 1.8909 -1.2443 0.8643
vt 1.8267 -1.2134 0.8643
vt 1.7555 -1.2134 0.8643
vt 1.6914 -1.2443 0.8643
vt 1.6470 -1.3000 0.8643
vt 1.6311 -1.3694 0.8643
vt -0.3450 1.6135 0.1357
vt -0.3894 1.6692 0.1357
vt -0.4536 1.7001 0.1357
vt -0.5248 1.7001 0.1357
vt -0.5889 1.6692 0.1357
vt -0.6333 1.6135 0.1357
vt -0.6492 1.5441 0.1357
vt -0.6333 1.4747 0.1357
vt -0.5889 1.4190 0.1357
vt -0.5248 1.3881 0.1357
vt -0.4536 1.3881 0.1357
vt -0.3894 1.4190 0.1357
vt -0.3450 1.4747 0.1357
vt -0.3292 1.5441 0.1357
vt -0.5441 0.1357 1.3292
vt -0.4747 0.1357 1.3450
vt -0.4747 0.8643 1.3450
vt -0.5441 0.8643 1.3292
vt -0.4190 0.1357 1.3894
vt -0.4190 0.8643 1.3894
vt 1.3894 0.1357 1.4190
vt 1.4536 0.1357 1.3881
vt 1.4536 0.8643 1.3881
vt 1.3894 0.8643 1.4190
vt 1.5248 0.1357 1.3881
vt 1.5248 0.8643 1.3881
vt 1.5889 0.1357 1.4190
vt 1.5889 0.8643 1.4190
vt 1.4190 0.1357 1.5889
vt 1.4747 0.1357 1.6333
vt 1.4747 0.8643 1.6333
vt 1.4190 0.8643 1.5889
vt 1.5441 0.1357 1.6492
vt 1.5441 0.8643 1.6492
vt 1.6135 0.1357 1.6333
vt 1.6135 0.8643 1.6333
vt 1.6692 0.1357 1.5889
vt 1.6692 0.8643 1.5889
vt -0.5889 0.1357 1.6692
vt -0.5248 0.1357 1.7001
vt -0.5248 0.8643 1.7001
vt -0.5889 0.8643 1.6692
vt -0.4536 0.1357 1.7001
vt -0.4536 0.8643 1.7001
vt -0.3894 0.1357 1.6692
vt -0.3894 0.8643 1.6692
vt -0.6692 0.1357 1.3894
vt -0.6135 0.1357 1.3450
vt -0.6135 0.8643 1.3450
vt -0.6692 0.8643 1.3894
vt 1.3450 1.6135 0.8643
vt 1.3292 1.5441 0.8643
vt 1.3450 1.4747 0.8643
vt 1.3894 1.4190 0.8643
vt 1.4536 1.3881 0.8643
vt 1.5248 1.3881 0.8643
vt 1.5889 1.4190 0.8643
vt 1.6333 1.4747 0.8643
vt 1.6492 1.5441 0.8643
vt 1.6333 1.6135 0.8643
vt 1.5889 1.6692 0.8643
vt 1.5248 1.7001 0.8643
vt 1.4536 1.7001 0.8643
vt 1.3894 1.6692 0.8643
vt -0.6470 2.4388 0.1357
vt -0.6914 2.4945 0.1357
vt -0.7555 2.5254 0.1357
vt -0.8267 2.5254 0.1357
vt -0.8909 2.4945 0.1357
vt -0.9353 2.4388 0.1357
vt -0.9511 2.3694 0.1357
vt -0.9353 2.3000 0.1357
vt -0.8909 2.2443 0.1357
vt -0.8267 2.2134 0.1357
vt -0.7555 2.2134 0.1357
vt -0.6914 2.2443 0.1357
vt -0.6470 2.3000 0.1357
vt -0.6311 2.3694 0.1357
vt -1.3694 0.1357 1.6311
vt -1.3000 0.1357 1.6470
vt -1.3000 0.8643 1.6470
vt -1.3694 0.8643 1.6311
vt -1.2443 0.1357 1.6914
vt -1.2443 0.8643 1.6914
vt 1.6914 0.1357 2.2443
vt 1.7555 0.1357 2.2134
vt 1.7555 0.8643 2.2134
vt 1.6914 0.8643 2.2443
vt 1.8267 0.1357 2.2134
vt 1.8267 0.8643 2.2134
vt 1.8909 0.1357 2.2443
vt 1.8909 0.8643 2.2443
vt 2.2443 0.1357 1.8909
vt 2.3000 0.1357 1.9353
vt 2.3000 0.8643 1.9353
vt 2.2443 0.8643 1.8909
vt 2.3694 0.1357 1.9511
vt 2.3694 0.8643 1.9511
vt 2.4388 0.1357 1.9353
vt 2.4388 0.8643 1.9353
vt 2.4945 0.1357 1.8909
vt 2.4945 0.8643 1.8909
vt -0.8909 0.1357 2.4945
vt -0.8267 0.1357 2.5254
vt -0.8267 0.8643 2.5254
vt -0.8909 0.8643 2.4945
vt -0.7555 0.1357 2.5254
vt -0.7555 0.8643 2.5254
vt -0.6914 0.1357 2.4945
vt -0.6914 0.8643 2.4945
vt -1.4945 0.1357 1.6914
vt -1.4388 0.1357 1.6470
vt -1.4388 0.8643 1.6470
vt -1.4945 0.8643 1.6914
vt 1.6470 2.4388 0.8643
vt 1.6311 2.3694 0.8643
vt 1.6470 2.3000 0.8643
vt 1.6914 2.2443 0.8643
vt 1.7555 2.2134 0.8643
vt 1.8267 2.2134 0.8643
vt 1.8909 2.2443 0.8643
vt 1.9353 2.3000 0.8643
vt 1.9511 2.3694 0.8643
vt 1.9353 2.4388 0.8643
vt 1.8909 2.4945 0.8643
vt 1.8267 2.5254 0.8643
vt 1.7555 2.5254 0.8643
vt 1.6914 2.4945 0.8643
# 1136 texture coords

o hqwall_a_boltz
g hqwall_a_boltz
usemtl boltz
s 1
f 2507/2217/52 2508/2218/53 2509/2219/54 2510/2220/55 2511/2221/56 2512/2222/57 2513/2223/58 2514/2224/59 2515/2225/60 2516/2226/61 2517/2227/62 2518/2228/63 2519/2229/64 2520/2230/65 
s 8
f 2520/2231/65 2519/2232/64 2521/2233/66 2522/2234/67 
f 2519/2232/64 2518/2235/63 2523/2236/68 2521/2233/66 
f 2518/2237/63 2517/2238/62 2524/2239/69 2523/2240/68 
f 2517/2238/62 2516/2241/61 2525/2242/70 2524/2239/69 
f 2516/2241/61 2515/2243/60 2526/2244/71 2525/2242/70 
f 2515/2245/60 2514/2246/59 2527/2247/72 2526/2248/71 
f 2514/2246/59 2513/2249/58 2528/2250/73 2527/2247/72 
f 2513/2249/58 2512/2251/57 2529/2252/74 2528/2250/73 
f 2512/2251/57 2511/2253/56 2530/2254/75 2529/2252/74 
f 2511/2255/56 2510/2256/55 2531/2257/76 2530/2258/75 
f 2510/2256/55 2509/2259/54 2532/2260/77 2531/2257/76 
f 2509/2259/54 2508/2261/53 2533/2262/78 2532/2260/77 
f 2508/2263/53 2507/2264/52 2534/2265/79 2533/2266/78 
f 2507/2264/52 2520/2231/65 2522/2234/67 2534/2265/79 
s 1
f 2534/2267/79 2522/2268/67 2521/2269/66 2523/2270/68 2524/2271/69 2525/2272/70 2526/2273/71 2527/2274/72 2528/2275/73 2529/2276/74 2530/2277/75 2531/2278/76 2532/2279/77 2533/2280/78 
f 2535/2281/52 2536/2282/80 2537/2283/54 2538/2284/55 2539/2285/81 2540/2286/57 2541/2287/58 2542/2288/59 2543/2289/60 2544/2290/61 2545/2291/62 2546/2292/63 2547/2293/64 2548/2294/65 
s 8
f 2548/2295/65 2547/2296/64 2549/2297/66 2550/2298/67 
f 2547/2296/64 2546/2299/63 2551/2300/68 2549/2297/66 
f 2546/2301/63 2545/2302/62 2552/2303/69 2551/2304/68 
f 2545/2302/62 2544/2305/61 2553/2306/70 2552/2303/69 
f 2544/2305/61 2543/2307/60 2554/2308/71 2553/2306/70 
f 2543/2309/60 2542/2310/59 2555/2311/72 2554/2312/71 
f 2542/2310/59 2541/2313/58 2556/2314/73 2555/2311/72 
f 2541/2313/58 2540/2315/57 2557/2316/74 2556/2314/73 
f 2540/2315/57 2539/2317/81 2558/2318/82 2557/2316/74 
f 2539/2319/81 2538/2320/55 2559/2321/76 2558/2322/82 
f 2538/2320/55 2537/2323/54 2560/2324/77 2559/2321/76 
f 2537/2323/54 2536/2325/80 2561/2326/83 2560/2324/77 
f 2536/2327/80 2535/2328/52 2562/2329/79 2561/2330/83 
f 2535/2328/52 2548/2295/65 2550/2298/67 2562/2329/79 
s 1
f 2562/2331/79 2550/2332/67 2549/2333/66 2551/2334/68 2552/2335/69 2553/2336/70 2554/2337/71 2555/2338/72 2556/2339/73 2557/2340/74 2558/2341/82 2559/2342/76 2560/2343/77 2561/2344/83 
f 2563/2345/52 2564/2346/53 2565/2347/54 2566/2348/55 2567/2349/81 2568/2350/57 2569/2351/84 2570/2352/59 2571/2353/85 2572/2354/61 2573/2355/62 2574/2356/86 2575/2357/64 2576/2358/87 
s 8
f 2576/2359/87 2575/2360/64 2577/2361/66 2578/2362/88 
f 2575/2360/64 2574/2363/86 2579/2364/89 2577/2361/66 
f 2574/2365/86 2573/2366/62 2580/2367/69 2579/2368/89 
f 2573/2366/62 2572/2369/61 2581/2370/70 2580/2367/69 
f 2572/2369/61 2571/2371/85 2582/2372/90 2581/2370/70 
f 2571/2373/85 2570/2374/59 2583/2375/72 2582/2376/90 
f 2570/2374/59 2569/2377/84 2584/2378/91 2583/2375/72 
f 2569/2377/84 2568/2379/57 2585/2380/74 2584/2378/91 
f 2568/2379/57 2567/2381/81 2586/2382/82 2585/2380/74 
f 2567/2383/81 2566/2384/55 2587/2385/76 2586/2386/82 
f 2566/2384/55 2565/2387/54 2588/2388/77 2587/2385/76 
f 2565/2387/54 2564/2389/53 2589/2390/78 2588/2388/77 
f 2564/2391/53 2563/2392/52 2590/2393/79 2589/2394/78 
f 2563/2392/52 2576/2359/87 2578/2362/88 2590/2393/79 
s 1
f 2590/2395/79 2578/2396/88 2577/2397/66 2579/2398/89 2580/2399/69 2581/2400/70 2582/2401/90 2583/2402/72 2584/2403/91 2585/2404/74 2586/2405/82 2587/2406/76 2588/2407/77 2589/2408/78 
f 2591/2409/52 2592/2410/53 2593/2411/54 2594/2412/55 2595/2413/56 2596/2414/57 2597/2415/84 2598/2416/59 2599/2417/60 2600/2418/61 2601/2419/62 2602/2420/63 2603/2421/64 2604/2422/87 
s 8
f 2604/2423/87 2603/2424/64 2605/2425/66 2606/2426/88 
f 2603/2424/64 2602/2427/63 2607/2428/68 2605/2425/66 
f 2602/2429/63 2601/2430/62 2608/2431/69 2607/2432/68 
f 2601/2430/62 2600/2433/61 2609/2434/70 2608/2431/69 
f 2600/2433/61 2599/2435/60 2610/2436/71 2609/2434/70 
f 2599/2437/60 2598/2438/59 2611/2439/72 2610/2440/71 
f 2598/2438/59 2597/2441/84 2612/2442/91 2611/2439/72 
f 2597/2441/84 2596/2443/57 2613/2444/74 2612/2442/91 
f 2596/2443/57 2595/2445/56 2614/2446/75 2613/2444/74 
f 2595/2447/56 2594/2448/55 2615/2449/76 2614/2450/75 
f 2594/2448/55 2593/2451/54 2616/2452/77 2615/2449/76 
f 2593/2451/54 2592/2453/53 2617/2454/78 2616/2452/77 
f 2592/2455/53 2591/2456/52 2618/2457/79 2617/2458/78 
f 2591/2456/52 2604/2423/87 2606/2426/88 2618/2457/79 
s 1
f 2618/2459/79 2606/2460/88 2605/2461/66 2607/2462/68 2608/2463/69 2609/2464/70 2610/2465/71 2611/2466/72 2612/2467/91 2613/2468/74 2614/2469/75 2615/2470/76 2616/2471/77 2617/2472/78 
f 2619/2473/52 2620/2474/53 2621/2475/54 2622/2476/55 2623/2477/56 2624/2478/57 2625/2479/58 2626/2480/59 2627/2481/85 2628/2482/61 2629/2483/62 2630/2484/63 2631/2485/64 2632/2486/87 
s 8
f 2632/2487/87 2631/2488/64 2633/2489/66 2634/2490/88 
f 2631/2488/64 2630/2491/63 2635/2492/68 2633/2489/66 
f 2630/2493/63 2629/2494/62 2636/2495/69 2635/2496/68 
f 2629/2494/62 2628/2497/61 2637/2498/70 2636/2495/69 
f 2628/2497/61 2627/2499/85 2638/2500/90 2637/2498/70 
f 2627/2501/85 2626/2502/59 2639/2503/72 2638/2504/90 
f 2626/2502/59 2625/2505/58 2640/2506/73 2639/2503/72 
f 2625/2505/58 2624/2507/57 2641/2508/74 2640/2506/73 
f 2624/2507/57 2623/2509/56 2642/2510/75 2641/2508/74 
f 2623/2511/56 2622/2512/55 2643/2513/76 2642/2514/75 
f 2622/2512/55 2621/2515/54 2644/2516/77 2643/2513/76 
f 2621/2515/54 2620/2517/53 2645/2518/78 2644/2516/77 
f 2620/2519/53 2619/2520/52 2646/2521/79 2645/2522/78 
f 2619/2520/52 2632/2487/87 2634/2490/88 2646/2521/79 
s 1
f 2646/2523/79 2634/2524/88 2633/2525/66 2635/2526/68 2636/2527/69 2637/2528/70 2638/2529/90 2639/2530/72 2640/2531/73 2641/2532/74 2642/2533/75 2643/2534/76 2644/2535/77 2645/2536/78 
f 2647/2537/64 2648/2538/65 2649/2539/52 2650/2540/53 2651/2541/54 2652/2542/55 2653/2543/56 2654/2544/57 2655/2545/58 2656/2546/59 2657/2547/85 2658/2548/61 2659/2549/62 2660/2550/63 
s 8
f 2648/2551/65 2661/2552/67 2662/2553/79 2649/2554/52 
f 2649/2554/52 2662/2553/79 2663/2555/78 2650/2556/53 
f 2650/2557/53 2663/2558/78 2664/2559/77 2651/2560/54 
f 2651/2560/54 2664/2559/77 2665/2561/76 2652/2562/55 
f 2652/2562/55 2665/2561/76 2666/2563/75 2653/2564/56 
f 2653/2565/56 2666/2566/75 2667/2567/74 2654/2568/57 
f 2654/2568/57 2667/2567/74 2668/2569/73 2655/2570/58 
f 2655/2570/58 2668/2569/73 2669/2571/72 2656/2572/59 
f 2656/2572/59 2669/2571/72 2670/2573/90 2657/2574/85 
f 2657/2575/85 2670/2576/90 2671/2577/70 2658/2578/61 
f 2658/2578/61 2671/2577/70 2672/2579/69 2659/2580/62 
f 2659/2580/62 2672/2579/69 2673/2581/68 2660/2582/63 
f 2660/2583/63 2673/2584/68 2674/2585/66 2647/2586/64 
f 2647/2586/64 2674/2585/66 2661/2552/67 2648/2551/65 
s 1
f 2674/2587/66 2673/2588/68 2672/2589/69 2671/2590/70 2670/2591/90 2669/2592/72 2668/2593/73 2667/2594/74 2666/2595/75 2665/2596/76 2664/2597/77 2663/2598/78 2662/2599/79 2661/2600/67 
f 2675/2601/64 2676/2602/65 2677/2603/52 2678/2604/53 2679/2605/54 2680/2606/55 2681/2607/56 2682/2608/57 2683/2609/58 2684/2610/59 2685/2611/85 2686/2612/61 2687/2613/62 2688/2614/63 
s 8
f 2676/2615/65 2689/2616/67 2690/2617/79 2677/2618/52 
f 2677/2618/52 2690/2617/79 2691/2619/78 2678/2620/53 
f 2678/2621/53 2691/2622/78 2692/2623/77 2679/2624/54 
f 2679/2624/54 2692/2623/77 2693/2625/76 2680/2626/55 
f 2680/2626/55 2693/2625/76 2694/2627/75 2681/2628/56 
f 2681/2629/56 2694/2630/75 2695/2631/74 2682/2632/57 
f 2682/2632/57 2695/2631/74 2696/2633/73 2683/2634/58 
f 2683/2634/58 2696/2633/73 2697/2635/72 2684/2636/59 
f 2684/2636/59 2697/2635/72 2698/2637/90 2685/2638/85 
f 2685/2639/85 2698/2640/90 2699/2641/70 2686/2642/61 
f 2686/2642/61 2699/2641/70 2700/2643/69 2687/2644/62 
f 2687/2644/62 2700/2643/69 2701/2645/68 2688/2646/63 
f 2688/2647/63 2701/2648/68 2702/2649/66 2675/2650/64 
f 2675/2650/64 2702/2649/66 2689/2616/67 2676/2615/65 
s 1
f 2702/2651/66 2701/2652/68 2700/2653/69 2699/2654/70 2698/2655/90 2697/2656/72 2696/2657/73 2695/2658/74 2694/2659/75 2693/2660/76 2692/2661/77 2691/2662/78 2690/2663/79 2689/2664/67 
f 2703/2665/64 2704/2666/87 2705/2667/52 2706/2668/80 2707/2669/54 2708/2670/55 2709/2671/81 2710/2672/57 2711/2673/84 2712/2674/59 2713/2675/85 2714/2676/61 2715/2677/62 2716/2678/63 
s 8
f 2704/2679/87 2717/2680/88 2718/2681/79 2705/2682/52 
f 2705/2682/52 2718/2681/79 2719/2683/83 2706/2684/80 
f 2706/2685/80 2719/2686/83 2720/2687/77 2707/2688/54 
f 2707/2688/54 2720/2687/77 2721/2689/76 2708/2690/55 
f 2708/2690/55 2721/2689/76 2722/2691/82 2709/2692/81 
f 2709/2693/81 2722/2694/82 2723/2695/74 2710/2696/57 
f 2710/2696/57 2723/2695/74 2724/2697/91 2711/2698/84 
f 2711/2698/84 2724/2697/91 2725/2699/72 2712/2700/59 
f 2712/2700/59 2725/2699/72 2726/2701/90 2713/2702/85 
f 2713/2703/85 2726/2704/90 2727/2705/70 2714/2706/61 
f 2714/2706/61 2727/2705/70 2728/2707/69 2715/2708/62 
f 2715/2708/62 2728/2707/69 2729/2709/68 2716/2710/63 
f 2716/2711/63 2729/2712/68 2730/2713/66 2703/2714/64 
f 2703/2714/64 2730/2713/66 2717/2680/88 2704/2679/87 
s 1
f 2730/2715/66 2729/2716/68 2728/2717/69 2727/2718/70 2726/2719/90 2725/2720/72 2724/2721/91 2723/2722/74 2722/2723/82 2721/2724/76 2720/2725/77 2719/2726/83 2718/2727/79 2717/2728/88 
f 2731/2729/64 2732/2730/92 2733/2731/52 2734/2732/53 2735/2733/54 2736/2734/55 2737/2735/56 2738/2736/57 2739/2737/84 2740/2738/59 2741/2739/60 2742/2740/61 2743/2741/62 2744/2742/63 
s 8
f 2732/2743/92 2745/2744/93 2746/2745/79 2733/2746/52 
f 2733/2746/52 2746/2745/79 2747/2747/78 2734/2748/53 
f 2734/2749/53 2747/2750/78 2748/2751/77 2735/2752/54 
f 2735/2752/54 2748/2751/77 2749/2753/76 2736/2754/55 
f 2736/2754/55 2749/2753/76 2750/2755/75 2737/2756/56 
f 2737/2757/56 2750/2758/75 2751/2759/74 2738/2760/57 
f 2738/2760/57 2751/2759/74 2752/2761/91 2739/2762/84 
f 2739/2762/84 2752/2761/91 2753/2763/72 2740/2764/59 
f 2740/2764/59 2753/2763/72 2754/2765/71 2741/2766/60 
f 2741/2767/60 2754/2768/71 2755/2769/70 2742/2770/61 
f 2742/2770/61 2755/2769/70 2756/2771/69 2743/2772/62 
f 2743/2772/62 2756/2771/69 2757/2773/68 2744/2774/63 
f 2744/2775/63 2757/2776/68 2758/2777/66 2731/2778/64 
f 2731/2778/64 2758/2777/66 2745/2744/93 2732/2743/92 
s 1
f 2758/2779/66 2757/2780/68 2756/2781/69 2755/2782/70 2754/2783/71 2753/2784/72 2752/2785/91 2751/2786/74 2750/2787/75 2749/2788/76 2748/2789/77 2747/2790/78 2746/2791/79 2745/2792/93 
f 2759/2793/64 2760/2794/65 2761/2795/52 2762/2796/53 2763/2797/54 2764/2798/55 2765/2799/56 2766/2800/57 2767/2801/58 2768/2802/59 2769/2803/60 2770/2804/61 2771/2805/62 2772/2806/63 
s 8
f 2760/2807/65 2773/2808/67 2774/2809/79 2761/2810/52 
f 2761/2810/52 2774/2809/79 2775/2811/78 2762/2812/53 
f 2762/2813/53 2775/2814/78 2776/2815/77 2763/2816/54 
f 2763/2816/54 2776/2815/77 2777/2817/76 2764/2818/55 
f 2764/2818/55 2777/2817/76 2778/2819/75 2765/2820/56 
f 2765/2821/56 2778/2822/75 2779/2823/74 2766/2824/57 
f 2766/2824/57 2779/2823/74 2780/2825/73 2767/2826/58 
f 2767/2826/58 2780/2825/73 2781/2827/72 2768/2828/59 
f 2768/2828/59 2781/2827/72 2782/2829/71 2769/2830/60 
f 2769/2831/60 2782/2832/71 2783/2833/70 2770/2834/61 
f 2770/2834/61 2783/2833/70 2784/2835/69 2771/2836/62 
f 2771/2836/62 2784/2835/69 2785/2837/68 2772/2838/63 
f 2772/2839/63 2785/2840/68 2786/2841/66 2759/2842/64 
f 2759/2842/64 2786/2841/66 2773/2808/67 2760/2807/65 
s 1
f 2786/2843/66 2785/2844/68 2784/2845/69 2783/2846/70 2782/2847/71 2781/2848/72 2780/2849/73 2779/2850/74 2778/2851/75 2777/2852/76 2776/2853/77 2775/2854/78 2774/2855/79 2773/2856/67 
f 2787/2857/64 2788/2858/65 2789/2859/52 2790/2860/53 2791/2861/54 2792/2862/94 2793/2863/95 2794/2864/62 2795/2865/63 
s 8
f 2788/2866/65 2796/2867/67 2797/2868/79 2789/2869/52 
f 2789/2869/52 2797/2868/79 2798/2870/78 2790/2871/53 
f 2790/2872/53 2798/2873/78 2799/2874/77 2791/2875/54 
f 2791/2875/54 2799/2874/77 2800/2876/96 2792/2877/94 
f 2794/2878/62 2801/2879/69 2802/2880/68 2795/2881/63 
f 2795/2882/63 2802/2883/68 2803/2884/66 2787/2885/64 
f 2787/2885/64 2803/2884/66 2796/2867/67 2788/2866/65 
s 1
f 2803/2886/66 2802/2887/68 2801/2888/69 2804/2889/97 2800/2890/96 2799/2891/77 2798/2892/78 2797/2893/79 2796/2894/67 
s 8
f 2804/2895/97 2801/2879/69 2794/2878/62 2793/2896/95 
s 1
f 2805/2897/64 2806/2898/65 2807/2899/52 2808/2900/53 2809/2901/54 2810/2902/94 2811/2903/95 2812/2904/62 2813/2905/63 
s 8
f 2806/2906/65 2814/2907/67 2815/2908/79 2807/2909/52 
f 2807/2909/52 2815/2908/79 2816/2910/78 2808/2911/53 
f 2808/2912/53 2816/2913/78 2817/2914/77 2809/2915/54 
f 2809/2915/54 2817/2914/77 2818/2916/96 2810/2917/94 
f 2812/2918/62 2819/2919/69 2820/2920/68 2813/2921/63 
f 2813/2922/63 2820/2923/68 2821/2924/66 2805/2925/64 
f 2805/2925/64 2821/2924/66 2814/2907/67 2806/2906/65 
s 1
f 2821/2926/66 2820/2927/68 2819/2928/69 2822/2929/97 2818/2930/96 2817/2931/77 2816/2932/78 2815/2933/79 2814/2934/67 
s 8
f 2822/2935/97 2819/2919/69 2812/2918/62 2811/2936/95 
s 1
f 2823/2937/98 2824/2938/65 2825/2939/99 2826/2940/100 2827/2941/54 2828/2942/94 2829/2943/95 2830/2944/62 2831/2945/101 
s 8
f 2824/2946/65 2832/2947/67 2833/2948/102 2825/2949/99 
f 2825/2949/99 2833/2948/102 2834/2950/103 2826/2951/100 
f 2826/2952/100 2834/2953/103 2835/2954/77 2827/2955/54 
f 2827/2955/54 2835/2954/77 2836/2956/96 2828/2957/94 
f 2830/2958/62 2837/2959/69 2838/2960/104 2831/2961/101 
f 2831/2962/101 2838/2963/104 2839/2964/105 2823/2965/98 
f 2823/2965/98 2839/2964/105 2832/2947/67 2824/2946/65 
s 1
f 2839/2966/105 2838/2967/104 2837/2968/69 2840/2969/97 2836/2970/96 2835/2971/77 2834/2972/103 2833/2973/102 2832/2974/67 
s 8
f 2840/2975/97 2837/2959/69 2830/2958/62 2829/2976/95 
s 1
f 2841/2977/52 2842/2978/53 2843/2979/54 2844/2980/106 2845/2981/107 2846/2982/62 2847/2983/63 2848/2984/64 2849/2985/65 
s 8
f 2849/2986/65 2848/2987/64 2850/2988/66 2851/2989/67 
f 2848/2987/64 2847/2990/63 2852/2991/68 2850/2988/66 
f 2847/2992/63 2846/2993/62 2853/2994/69 2852/2995/68 
f 2846/2993/62 2845/2996/107 2854/2997/108 2853/2994/69 
f 2843/2998/54 2842/2999/53 2855/3000/78 2856/3001/77 
f 2842/3002/53 2841/3003/52 2857/3004/79 2855/3005/78 
f 2841/3003/52 2849/2986/65 2851/2989/67 2857/3004/79 
s 1
f 2857/3006/79 2851/3007/67 2850/3008/66 2852/3009/68 2853/3010/69 2854/3011/108 2858/3012/109 2856/3013/77 2855/3014/78 
s 8
f 2858/3015/109 2844/3016/106 2843/2998/54 2856/3001/77 
s 1
f 2859/3017/52 2860/3018/53 2861/3019/54 2862/3020/106 2863/3021/107 2864/3022/62 2865/3023/63 2866/3024/64 2867/3025/65 
s 8
f 2867/3026/65 2866/3027/64 2868/3028/66 2869/3029/67 
f 2866/3027/64 2865/3030/63 2870/3031/68 2868/3028/66 
f 2865/3032/63 2864/3033/62 2871/3034/69 2870/3035/68 
f 2864/3033/62 2863/3036/107 2872/3037/108 2871/3034/69 
f 2861/3038/54 2860/3039/53 2873/3040/78 2874/3041/77 
f 2860/3042/53 2859/3043/52 2875/3044/79 2873/3045/78 
f 2859/3043/52 2867/3026/65 2869/3029/67 2875/3044/79 
s 1
f 2875/3046/79 2869/3047/67 2868/3048/66 2870/3049/68 2871/3050/69 2872/3051/108 2876/3052/109 2874/3053/77 2873/3054/78 
s 8
f 2876/3055/109 2862/3056/106 2861/3038/54 2874/3041/77 
s 1
f 2877/3057/99 2878/3058/100 2879/3059/54 2880/3060/94 2881/3061/95 2882/3062/62 2883/3063/101 2884/3064/98 2885/3065/65 
s 8
f 2885/3066/65 2884/3067/98 2886/3068/105 2887/3069/67 
f 2884/3067/98 2883/3070/101 2888/3071/104 2886/3068/105 
f 2883/3072/101 2882/3073/62 2889/3074/69 2888/3075/104 
f 2882/3073/62 2881/3076/95 2890/3077/97 2889/3074/69 
f 2879/3078/54 2878/3079/100 2891/3080/103 2892/3081/77 
f 2878/3082/100 2877/3083/99 2893/3084/102 2891/3085/103 
f 2877/3083/99 2885/3066/65 2887/3069/67 2893/3084/102 
s 1
f 2893/3086/102 2887/3087/67 2886/3088/105 2888/3089/104 2889/3090/69 2890/3091/97 2894/3092/96 2892/3093/77 2891/3094/103 
s 8
f 2894/3095/96 2880/3096/94 2879/3078/54 2892/3081/77 
s 1
f 2895/3097/64 2896/3098/87 2897/3099/52 2898/3100/53 2899/3101/54 2900/3102/55 2901/3103/56 2902/3104/57 2903/3105/58 2904/3106/59 2905/3107/85 2906/3108/61 2907/3109/62 2908/3110/101 
s 8
f 2896/3111/87 2909/3112/88 2910/3113/79 2897/3114/52 
f 2897/3114/52 2910/3113/79 2911/3115/78 2898/3116/53 
f 2898/3117/53 2911/3118/78 2912/3119/77 2899/3120/54 
f 2899/3120/54 2912/3119/77 2913/3121/76 2900/3122/55 
f 2900/3122/55 2913/3121/76 2914/3123/75 2901/3124/56 
f 2901/3125/56 2914/3126/75 2915/3127/74 2902/3128/57 
f 2902/3128/57 2915/3127/74 2916/3129/73 2903/3130/58 
f 2903/3130/58 2916/3129/73 2917/3131/72 2904/3132/59 
f 2904/3132/59 2917/3131/72 2918/3133/90 2905/3134/85 
f 2905/3135/85 2918/3136/90 2919/3137/70 2906/3138/61 
f 2906/3138/61 2919/3137/70 2920/3139/69 2907/3140/62 
f 2907/3140/62 2920/3139/69 2921/3141/104 2908/3142/101 
f 2908/3143/101 2921/3144/104 2922/3145/66 2895/3146/64 
f 2895/3146/64 2922/3145/66 2909/3112/88 2896/3111/87 
s 1
f 2922/3147/66 2921/3148/104 2920/3149/69 2919/3150/70 2918/3151/90 2917/3152/72 2916/3153/73 2915/3154/74 2914/3155/75 2913/3156/76 2912/3157/77 2911/3158/78 2910/3159/79 2909/3160/88 
f 2923/3161/64 2924/3162/65 2925/3163/52 2926/3164/53 2927/3165/54 2928/3166/55 2929/3167/56 2930/3168/57 2931/3169/58 2932/3170/59 2933/3171/60 2934/3172/61 2935/3173/62 2936/3174/101 
s 8
f 2924/3175/65 2937/3176/67 2938/3177/79 2925/3178/52 
f 2925/3178/52 2938/3177/79 2939/3179/78 2926/3180/53 
f 2926/3181/53 2939/3182/78 2940/3183/77 2927/3184/54 
f 2927/3184/54 2940/3183/77 2941/3185/76 2928/3186/55 
f 2928/3186/55 2941/3185/76 2942/3187/75 2929/3188/56 
f 2929/3189/56 2942/3190/75 2943/3191/74 2930/3192/57 
f 2930/3192/57 2943/3191/74 2944/3193/73 2931/3194/58 
f 2931/3194/58 2944/3193/73 2945/3195/72 2932/3196/59 
f 2932/3196/59 2945/3195/72 2946/3197/71 2933/3198/60 
f 2933/3199/60 2946/3200/71 2947/3201/70 2934/3202/61 
f 2934/3202/61 2947/3201/70 2948/3203/69 2935/3204/62 
f 2935/3204/62 2948/3203/69 2949/3205/104 2936/3206/101 
f 2936/3207/101 2949/3208/104 2950/3209/66 2923/3210/64 
f 2923/3210/64 2950/3209/66 2937/3176/67 2924/3175/65 
s 1
f 2950/3211/66 2949/3212/104 2948/3213/69 2947/3214/70 2946/3215/71 2945/3216/72 2944/3217/73 2943/3218/74 2942/3219/75 2941/3220/76 2940/3221/77 2939/3222/78 2938/3223/79 2937/3224/67 
f 2951/3225/52 2952/3226/100 2953/3227/54 2954/3228/55 2955/3229/81 2956/3230/57 2957/3231/58 2958/3232/59 2959/3233/60 2960/3234/61 2961/3235/62 2962/3236/63 2963/3237/64 2964/3238/87 
s 8
f 2964/3239/87 2963/3240/64 2965/3241/66 2966/3242/88 
f 2963/3240/64 2962/3243/63 2967/3244/68 2965/3241/66 
f 2962/3245/63 2961/3246/62 2968/3247/69 2967/3248/68 
f 2961/3246/62 2960/3249/61 2969/3250/70 2968/3247/69 
f 2960/3249/61 2959/3251/60 2970/3252/71 2969/3250/70 
f 2959/3253/60 2958/3254/59 2971/3255/72 2970/3256/71 
f 2958/3254/59 2957/3257/58 2972/3258/73 2971/3255/72 
f 2957/3257/58 2956/3259/57 2973/3260/74 2972/3258/73 
f 2956/3259/57 2955/3261/81 2974/3262/82 2973/3260/74 
f 2955/3263/81 2954/3264/55 2975/3265/76 2974/3266/82 
f 2954/3264/55 2953/3267/54 2976/3268/77 2975/3265/76 
f 2953/3267/54 2952/3269/100 2977/3270/103 2976/3268/77 
f 2952/3271/100 2951/3272/52 2978/3273/79 2977/3274/103 
f 2951/3272/52 2964/3239/87 2966/3242/88 2978/3273/79 
s 1
f 2978/3275/79 2966/3276/88 2965/3277/66 2967/3278/68 2968/3279/69 2969/3280/70 2970/3281/71 2971/3282/72 2972/3283/73 2973/3284/74 2974/3285/82 2975/3286/76 2976/3287/77 2977/3288/103 
f 2979/3289/52 2980/3290/100 2981/3291/54 2982/3292/55 2983/3293/81 2984/3294/57 2985/3295/58 2986/3296/59 2987/3297/60 2988/3298/61 2989/3299/62 2990/3300/63 2991/3301/64 2992/3302/110 
s 8
f 2992/3303/110 2991/3304/64 2993/3305/66 2994/3306/111 
f 2991/3304/64 2990/3307/63 2995/3308/68 2993/3305/66 
f 2990/3309/63 2989/3310/62 2996/3311/69 2995/3312/68 
f 2989/3310/62 2988/3313/61 2997/3314/70 2996/3311/69 
f 2988/3313/61 2987/3315/60 2998/3316/71 2997/3314/70 
f 2987/3317/60 2986/3318/59 2999/3319/72 2998/3320/71 
f 2986/3318/59 2985/3321/58 3000/3322/73 2999/3319/72 
f 2985/3321/58 2984/3323/57 3001/3324/74 3000/3322/73 
f 2984/3323/57 2983/3325/81 3002/3326/82 3001/3324/74 
f 2983/3327/81 2982/3328/55 3003/3329/76 3002/3330/82 
f 2982/3328/55 2981/3331/54 3004/3332/77 3003/3329/76 
f 2981/3331/54 2980/3333/100 3005/3334/103 3004/3332/77 
f 2980/3335/100 2979/3336/52 3006/3337/79 3005/3338/103 
f 2979/3336/52 2992/3303/110 2994/3306/111 3006/3337/79 
s 1
f 3006/3339/79 2994/3340/111 2993/3341/66 2995/3342/68 2996/3343/69 2997/3344/70 2998/3345/71 2999/3346/72 3000/3347/73 3001/3348/74 3002/3349/82 3003/3350/76 3004/3351/77 3005/3352/103 
# 284 polygons

#
# object hqwall_a_color
#

v  -196.2644 94.0551 -1.7174
v  -196.2644 1.0556 -1.7174
v  -203.7356 1.0556 -1.7174
v  -203.7356 94.0551 -1.7174
v  -196.2644 94.0551 1.7174
v  -203.7356 94.0551 1.7174
v  -203.7356 1.0556 1.7174
v  -196.2644 1.0556 1.7174
v  -162.2472 130.2184 -1.7173
v  -196.2468 96.2187 -1.7173
v  -201.5298 101.5016 -1.7173
v  -167.5301 135.5013 -1.7173
v  -162.2472 130.2184 1.7174
v  -167.5301 135.5013 1.7174
v  -201.5298 101.5016 1.7174
v  -196.2468 96.2187 1.7174
v  -163.5000 136.8636 -1.7173
v  -117.9903 136.8636 -1.7173
v  -117.9903 129.3924 -1.7173
v  -163.5000 129.3924 -1.7173
v  -163.5000 136.8636 1.7173
v  -163.5000 129.3924 1.7173
v  -117.9903 129.3924 1.7173
v  -117.9903 136.8636 1.7173
v  -194.7626 5.0637 46.4997
v  -194.7626 5.0637 -46.4997
v  -205.2374 5.0637 -46.4997
v  -205.2374 5.0637 46.4997
v  -194.7626 -5.0639 46.4997
v  -205.2374 -5.0639 46.4997
v  -205.2374 -5.0639 -46.4997
v  -194.7626 -5.0639 -46.4997
v  -196.2644 -94.0551 -1.7173
v  -203.7356 -94.0551 -1.7173
v  -203.7356 -1.0556 -1.7173
v  -196.2644 -1.0556 -1.7173
v  -196.2644 -94.0551 1.7174
v  -196.2644 -1.0556 1.7174
v  -203.7356 -1.0556 1.7174
v  -203.7356 -94.0551 1.7174
v  -162.2472 -130.2184 -1.7173
v  -167.5301 -135.5013 -1.7173
v  -201.5298 -101.5016 -1.7173
v  -196.2468 -96.2187 -1.7173
v  -162.2472 -130.2184 1.7174
v  -196.2468 -96.2187 1.7173
v  -201.5298 -101.5016 1.7173
v  -167.5301 -135.5013 1.7174
v  -163.4999 -136.8636 -1.7173
v  -163.4999 -129.3924 -1.7173
v  -117.9903 -129.3924 -1.7173
v  -117.9903 -136.8636 -1.7173
v  -163.4999 -136.8636 1.7173
v  -117.9903 -136.8636 1.7173
v  -117.9903 -129.3924 1.7173
v  -163.4999 -129.3924 1.7173
v  -3.3815 -165.0368 46.4997
v  -3.3815 -165.0368 -46.4997
v  -3.3815 -171.5756 -46.4997
v  -3.3815 -171.5756 46.4997
v  -0.0000 -165.0367 -46.4997
v  -0.0000 -171.5755 -46.4997
v  -0.0000 -165.0367 46.4997
v  -0.0000 -171.5755 46.4997
v  -2.4799 -218.2576 -1.8042
v  -2.4799 -218.2576 1.6198
v  -2.4799 -170.0009 1.6198
v  -2.4799 -170.0009 -1.8042
v  -1.7801 -218.2576 1.6198
v  -1.7800 -170.0009 1.6198
v  -1.7800 -170.0009 -1.8042
v  -1.7801 -218.2576 -1.8042
v  -3.3815 -216.9752 46.4997
v  -3.3815 -216.9753 -46.4997
v  -3.3815 -223.5140 -46.4997
v  -3.3815 -223.5140 46.4997
v  -0.0000 -216.9751 -46.4997
v  -0.0000 -223.5139 -46.4997
v  -0.0000 -216.9751 46.4997
v  -0.0000 -223.5139 46.4997
v  -3.3815 -26.5756 46.4997
v  -3.3815 -26.5756 -46.4997
v  -3.3815 -33.1144 -46.4997
v  -3.3815 -33.1144 46.4997
v  -0.0000 -26.5756 -46.4997
v  -0.0000 -33.1143 -46.4997
v  -0.0000 -26.5756 46.4997
v  -0.0000 -33.1143 46.4997
v  -2.4799 -69.7474 -1.8042
v  -2.4799 -69.7474 1.6198
v  -2.4799 -31.5397 1.6198
v  -2.4799 -31.5397 -1.8042
v  -1.7801 -69.7474 1.6198
v  -1.7800 -31.5397 1.6198
v  -1.7800 -31.5397 -1.8042
v  -1.7801 -69.7474 -1.8042
v  -3.3815 -68.4650 46.4997
v  -3.3815 -68.4650 -46.4997
v  -3.3815 -75.0038 -46.4997
v  -3.3815 -75.0038 46.4997
v  -0.0000 -68.4650 -46.4997
v  -0.0000 -75.0037 -46.4997
v  -0.0000 -68.4650 46.4997
v  -0.0000 -75.0037 46.4997
v  -3.3815 -297.8120 46.4997
v  -3.3815 -297.8120 -46.4997
v  -3.3815 -304.3508 -46.4997
v  -3.3815 -304.3508 46.4997
v  0.0000 -297.8120 -46.4997
v  0.0000 -304.3508 -46.4997
v  0.0000 -297.8120 46.4997
v  0.0000 -304.3508 46.4997
v  -2.4797 -334.1253 -1.8042
v  -2.4797 -334.1253 1.6198
v  -2.4798 -302.7761 1.6198
v  -2.4798 -302.7761 -1.8042
v  -1.7800 -334.1253 1.6198
v  -1.7800 -302.7761 1.6198
v  -1.7800 -302.7761 -1.8042
v  -1.7800 -334.1253 -1.8042
v  -3.3816 165.0369 46.4997
v  -3.3816 171.5757 46.4997
v  -3.3816 171.5757 -46.4997
v  -3.3816 165.0369 -46.4997
v  -0.0001 171.5756 -46.4997
v  -0.0001 165.0369 -46.4997
v  -0.0001 165.0369 46.4997
v  -0.0001 171.5756 46.4997
v  -2.4800 218.2577 -1.8042
v  -2.4800 170.0010 -1.8042
v  -2.4800 170.0010 1.6198
v  -2.4800 218.2577 1.6198
v  -1.7802 170.0010 1.6198
v  -1.7802 218.2577 1.6198
v  -1.7802 218.2577 -1.8042
v  -1.7802 170.0010 -1.8042
v  -3.3816 216.9753 46.4997
v  -3.3816 223.5141 46.4997
v  -3.3816 223.5141 -46.4997
v  -3.3816 216.9754 -46.4997
v  -0.0001 223.5140 -46.4997
v  -0.0001 216.9753 -46.4997
v  -0.0001 216.9753 46.4997
v  -0.0001 223.5140 46.4997
v  -3.3815 26.5758 46.4997
v  -3.3815 33.1145 46.4997
v  -3.3815 33.1145 -46.4997
v  -3.3815 26.5758 -46.4997
v  -0.0000 33.1145 -46.4997
v  -0.0000 26.5757 -46.4997
v  -0.0000 26.5757 46.4997
v  -0.0000 33.1145 46.4997
v  -2.4799 69.7475 -1.8042
v  -2.4799 31.5398 -1.8042
v  -2.4799 31.5398 1.6198
v  -2.4799 69.7475 1.6198
v  -1.7800 31.5398 1.6198
v  -1.7801 69.7475 1.6198
v  -1.7801 69.7475 -1.8042
v  -1.7800 31.5398 -1.8042
v  -3.3815 68.4651 46.4997
v  -3.3815 75.0039 46.4997
v  -3.3815 75.0039 -46.4997
v  -3.3815 68.4652 -46.4997
v  -0.0000 75.0039 -46.4997
v  -0.0000 68.4651 -46.4997
v  -0.0000 68.4651 46.4997
v  -0.0000 75.0038 46.4997
v  -3.3816 297.8121 46.4997
v  -3.3816 304.3509 46.4997
v  -3.3816 304.3509 -46.4997
v  -3.3816 297.8121 -46.4997
v  -0.0002 304.3509 -46.4997
v  -0.0002 297.8121 -46.4997
v  -0.0002 297.8121 46.4997
v  -0.0002 304.3509 46.4997
v  -2.4799 334.1254 -1.8042
v  -2.4799 302.7762 -1.8042
v  -2.4799 302.7762 1.6198
v  -2.4799 334.1254 1.6198
v  -1.7802 302.7762 1.6198
v  -1.7802 334.1254 1.6198
v  -1.7802 334.1254 -1.8042
v  -1.7802 302.7762 -1.8042
v  -57.1054 -129.3605 -1.8042
v  -57.1054 -129.3605 1.6198
v  -39.6260 -93.4710 1.6198
v  -39.6260 -93.4710 -1.8042
v  -57.1054 -57.5815 1.6198
v  -38.9262 -93.4710 1.6198
v  -56.4056 -57.5815 1.6198
v  -38.9262 -93.4710 -1.8042
v  -56.4056 -129.3605 -1.8042
v  -57.1054 -57.5815 -1.8042
v  -56.4056 -129.3605 1.6198
v  -56.4056 -57.5815 -1.8042
v  -57.1055 129.3606 -1.8042
v  -39.6260 93.4711 -1.8042
v  -39.6260 93.4711 1.6198
v  -57.1055 129.3606 1.6198
v  -57.1054 57.5816 1.6198
v  -56.4056 57.5816 1.6198
v  -38.9262 93.4711 1.6198
v  -56.4057 129.3606 -1.8042
v  -38.9262 93.4711 -1.8042
v  -57.1054 57.5816 -1.8042
v  -56.4057 129.3606 1.6198
v  -56.4056 57.5816 -1.8042
v  -52.1453 -129.3605 -1.8042
v  -34.6659 -93.4710 -1.8042
v  -34.6659 -93.4710 1.6198
v  -52.1453 -129.3605 1.6198
v  -52.1453 -57.5815 1.6198
v  -52.8451 -57.5815 1.6198
v  -35.3657 -93.4710 1.6198
v  -52.8450 -129.3605 -1.8042
v  -35.3657 -93.4710 -1.8042
v  -52.1453 -57.5815 -1.8042
v  -52.8450 -129.3605 1.6198
v  -52.8451 -57.5815 -1.8042
v  -52.1454 129.3606 -1.8042
v  -52.1454 129.3606 1.6198
v  -34.6659 93.4711 1.6198
v  -34.6660 93.4711 -1.8042
v  -52.1453 57.5816 1.6198
v  -35.3657 93.4711 1.6198
v  -52.8452 57.5816 1.6198
v  -35.3657 93.4711 -1.8042
v  -52.8451 129.3606 -1.8042
v  -52.1453 57.5816 -1.8042
v  -52.8451 129.3606 1.6198
v  -52.8452 57.5816 -1.8042
v  -3.3815 -369.2074 46.4997
v  -3.3815 -369.2074 -46.4997
v  -3.3815 -374.0000 -46.4997
v  -3.3815 -374.0000 46.4997
v  0.0000 -369.2074 -46.4997
v  0.0000 -374.0000 -46.4997
v  0.0000 -369.2074 46.4997
v  0.0000 -374.0000 46.4997
v  -2.4797 -375.0001 -1.8042
v  -2.4797 -375.0001 1.6198
v  -2.4798 -374.0000 1.6198
v  -2.4798 -374.0000 -1.8042
v  -1.7800 -375.0001 1.6198
v  -1.7800 -374.0000 1.6198
v  -1.7800 -374.0000 -1.8042
v  -1.7800 -375.0001 -1.8042
v  -3.3817 369.2075 46.4997
v  -3.3817 374.0001 46.4997
v  -3.3817 374.0001 -46.4997
v  -3.3817 369.2075 -46.4997
v  -0.0002 374.0001 -46.4997
v  -0.0002 369.2075 -46.4997
v  -0.0002 369.2075 46.4997
v  -0.0002 374.0001 46.4997
v  -2.4800 375.0002 -1.8042
v  -2.4800 374.0001 -1.8042
v  -2.4800 374.0001 1.6198
v  -2.4800 375.0002 1.6198
v  -1.7802 374.0001 1.6198
v  -1.7802 375.0002 1.6198
v  -1.7802 375.0002 -1.8042
v  -1.7802 374.0001 -1.8042
# 264 vertices

vn -0.5774 -0.5774 -0.5774
vn -0.5774 0.5774 -0.5774
vn 0.5774 0.5774 -0.5774
vn 0.5774 -0.5774 -0.5774
vn -0.5774 -0.5774 0.5774
vn 0.5774 -0.5774 0.5774
vn 0.5774 0.5774 0.5774
vn -0.5774 0.5774 0.5774
vn -0.8005 -0.0000 -0.5994
vn -0.0000 0.8283 -0.5603
vn 0.8005 -0.0001 -0.5993
vn -0.0001 -0.8282 -0.5604
vn -0.8005 -0.0000 0.5994
vn -0.0001 -0.8282 0.5604
vn 0.8005 -0.0001 0.5993
vn -0.0000 0.8283 0.5603
vn -0.8005 0.0000 -0.5994
vn 0.0000 0.8283 -0.5603
vn 0.8005 0.0000 -0.5994
vn 0.0000 -0.8283 -0.5603
vn -0.8005 0.0000 0.5994
vn 0.0000 -0.8283 0.5603
vn 0.8005 0.0000 0.5994
vn 0.0000 0.8283 0.5603
vn 0.5774 -0.5773 0.5773
vn 0.5774 -0.5773 -0.5773
vn 0.5773 0.5774 -0.5774
vn 0.5773 0.5774 0.5774
vn 0.0000 -0.7071 -0.7071
vn -0.0000 0.7071 -0.7071
vn 0.0000 -0.7071 0.7071
vn -0.0000 0.7071 0.7071
vn 0.7071 0.0000 -0.7071
vn 0.7071 0.0000 0.7071
vn 0.0000 0.0000 1.0000
vn 0.0000 0.0000 -1.0000
vn 0.7071 -0.0000 -0.7071
vn 0.7071 -0.0000 0.7071
vn -0.0000 0.0000 1.0000
vn 0.5774 0.5773 -0.5773
vn 0.0000 0.7071 -0.7071
vn 0.5774 0.5773 0.5773
vn 0.5773 -0.5774 0.5774
vn 0.5773 -0.5774 -0.5774
vn -0.0000 -0.7071 -0.7071
vn 0.0000 0.7071 0.7071
vn -0.0000 -0.7071 0.7071
vn 0.0000 -0.0000 1.0000
vn 0.7425 -0.2475 -0.6224
vn 0.7425 -0.2475 0.6224
vn 0.6186 0.0000 0.7857
vn 0.6186 0.0000 -0.7857
vn 0.7425 0.2475 0.6224
vn -0.0000 0.0000 -1.0000
vn 0.0000 -0.0000 -1.0000
vn 0.7425 0.2475 -0.6224
vn -0.6059 0.2020 -0.7695
vn -0.7664 -0.0000 -0.6424
vn -0.7664 -0.0000 0.6424
vn -0.6059 0.2020 0.7695
vn -0.6059 -0.2020 0.7695
vn -0.6059 -0.2020 -0.7695
vn -0.6058 0.2019 0.7696
# 63 vertex normals

vt 2.3436 2.3811 0.4828
vt 2.3436 0.5211 0.4828
vt 2.4930 0.5211 0.4828
vt 2.4930 2.3811 0.4828
vt -1.3436 2.3811 0.5172
vt -1.4930 2.3811 0.5172
vt -1.4930 0.5211 0.5172
vt -1.3436 0.5211 0.5172
vt 2.3436 0.4828 2.3811
vt 2.4930 0.4828 2.3811
vt 2.4930 0.5172 2.3811
vt 2.3436 0.5172 2.3811
vt -1.3811 0.4828 -1.4930
vt 0.4789 0.4828 -1.4930
vt 0.4789 0.5172 -1.4930
vt -1.3811 0.5172 -1.4930
vt -1.4930 0.4828 0.5211
vt -1.3436 0.4828 0.5211
vt -1.3436 0.5172 0.5211
vt -1.4930 0.5172 0.5211
vt 0.5211 0.4828 -1.3436
vt 2.3811 0.4828 -1.3436
vt 2.3811 0.5172 -1.3436
vt 0.5211 0.5172 -1.3436
vt 1.6632 3.1044 0.4828
vt 2.3432 2.4244 0.4828
vt 2.4489 2.5300 0.4828
vt 1.7689 3.2100 0.4828
vt -0.6632 3.1044 0.5172
vt -0.7689 3.2100 0.5172
vt -1.4489 2.5300 0.5172
vt -1.3432 2.4244 0.5172
vt 3.1044 0.4828 -0.6632
vt 3.2100 0.4828 -0.7689
vt 3.2100 0.5172 -0.7689
vt 3.1044 0.5172 -0.6632
vt -2.2100 0.4828 -0.7689
vt -1.5300 0.4828 -1.4489
vt -1.5300 0.5172 -1.4489
vt -2.2100 0.5172 -0.7689
vt -1.4244 0.4828 -1.3432
vt -1.4244 0.5172 -1.3432
vt 2.4244 0.4828 -1.3432
vt 2.4244 0.5172 -1.3432
vt 1.6883 3.2373 0.4828
vt 0.7781 3.2373 0.4828
vt 0.7781 3.0878 0.4828
vt 1.6883 3.0878 0.4828
vt -0.6883 3.2373 0.5172
vt -0.6883 3.0878 0.5172
vt 0.2219 3.0878 0.5172
vt 0.2219 3.2373 0.5172
vt -2.2373 0.4828 -0.6883
vt -2.0878 0.4828 -0.6883
vt -2.0878 0.5172 -0.6883
vt -2.2373 0.5172 -0.6883
vt -0.6883 0.4828 3.0878
vt 0.2219 0.4828 3.0878
vt 0.2219 0.5172 3.0878
vt -0.6883 0.5172 3.0878
vt 3.0878 0.4828 0.2219
vt 3.2373 0.4828 0.2219
vt 3.2373 0.5172 0.2219
vt 3.0878 0.5172 0.2219
vt 0.7781 0.4828 3.2373
vt 1.6883 0.4828 3.2373
vt 1.6883 0.5172 3.2373
vt 0.7781 0.5172 3.2373
vt 2.3136 0.9650 0.6013
vt 2.3136 0.0350 0.6013
vt 2.5230 0.0350 0.6013
vt 2.5230 0.9650 0.6013
vt -1.3136 0.9650 0.3987
vt -1.5230 0.9650 0.3987
vt -1.5230 0.0350 0.3987
vt -1.3136 0.0350 0.3987
vt -1.3136 0.6013 0.9650
vt -1.5230 0.6013 0.9650
vt -1.5230 0.3987 0.9650
vt -1.3136 0.3987 0.9650
vt 0.3987 0.9650 -1.5230
vt 0.3987 0.0350 -1.5230
vt 0.6013 0.0350 -1.5230
vt 0.6013 0.9650 -1.5230
vt 2.5230 0.6013 0.0350
vt 2.3136 0.6013 0.0350
vt 2.3136 0.3987 0.0350
vt 2.5230 0.3987 0.0350
vt 0.6013 0.0350 -1.3136
vt 0.6013 0.9650 -1.3136
vt 0.3987 0.9650 -1.3136
vt 0.3987 0.0350 -1.3136
vt 2.3436 -1.3811 0.4828
vt 2.4930 -1.3811 0.4828
vt 2.4930 0.4789 0.4828
vt 2.3436 0.4789 0.4828
vt -1.3436 -1.3811 0.5172
vt -1.3436 0.4789 0.5172
vt -1.4930 0.4789 0.5172
vt -1.4930 -1.3811 0.5172
vt -1.3436 0.4828 -1.3811
vt -1.3436 0.5172 -1.3811
vt -1.4930 0.5172 -1.3811
vt -1.4930 0.4828 -1.3811
vt 2.3811 0.4828 -1.4930
vt 2.3811 0.5172 -1.4930
vt 0.5211 0.5172 -1.4930
vt 0.5211 0.4828 -1.4930
vt 2.4930 0.4828 0.4789
vt 2.4930 0.5172 0.4789
vt 2.3436 0.5172 0.4789
vt 2.3436 0.4828 0.4789
vt 0.4789 0.4828 -1.3436
vt 0.4789 0.5172 -1.3436
vt -1.3811 0.5172 -1.3436
vt -1.3811 0.4828 -1.3436
vt 1.6632 -2.1044 0.4828
vt 1.7689 -2.2100 0.4828
vt 2.4489 -1.5300 0.4828
vt 2.3432 -1.4244 0.4828
vt -0.6632 -2.1044 0.5172
vt -1.3432 -1.4244 0.5172
vt -1.4489 -1.5300 0.5172
vt -0.7689 -2.2100 0.5172
vt -2.1044 0.4828 -0.6632
vt -2.1044 0.5172 -0.6632
vt 2.5300 0.5172 -1.4489
vt 2.5300 0.4828 -1.4489
vt 1.6883 -2.2373 0.4828
vt 1.6883 -2.0878 0.4828
vt 0.7781 -2.0878 0.4828
vt 0.7781 -2.2373 0.4828
vt -0.6883 -2.2373 0.5172
vt 0.2219 -2.2373 0.5172
vt 0.2219 -2.0878 0.5172
vt -0.6883 -2.0878 0.5172
vt 3.2373 0.4828 -0.6883
vt 3.2373 0.5172 -0.6883
vt 3.0878 0.5172 -0.6883
vt 3.0878 0.4828 -0.6883
vt 1.6883 0.4828 -2.0878
vt 1.6883 0.5172 -2.0878
vt 0.7781 0.5172 -2.0878
vt 0.7781 0.4828 -2.0878
vt -2.0878 0.4828 0.2219
vt -2.0878 0.5172 0.2219
vt -2.2373 0.5172 0.2219
vt -2.2373 0.4828 0.2219
vt 0.2219 0.4828 -2.2373
vt 0.2219 0.5172 -2.2373
vt -0.6883 0.5172 -2.2373
vt -0.6883 0.4828 -2.2373
vt 3.8007 0.9650 2.5141
vt 3.8007 0.0350 2.5141
vt 3.9315 0.0350 2.5141
vt 3.9315 0.9650 2.5141
vt -1.5141 -2.8007 0.0350
vt -1.5817 -2.8007 0.0350
vt -1.5817 -2.9315 0.0350
vt -1.5141 -2.9315 0.0350
vt -1.5817 0.0350 -2.8007
vt -1.5141 0.0350 -2.8007
vt -1.5141 0.9650 -2.8007
vt -1.5817 0.9650 -2.8007
vt 2.5817 0.9650 -2.9315
vt 2.5141 0.9650 -2.9315
vt 2.5141 0.0350 -2.9315
vt 2.5817 0.0350 -2.9315
vt 2.5817 -2.8007 0.9650
vt 2.5141 -2.8007 0.9650
vt 2.5141 -2.9315 0.9650
vt 2.5817 -2.9315 0.9650
vt 4.8652 0.4820 2.5321
vt 4.8652 0.5162 2.5321
vt 3.9000 0.5162 2.5321
vt 3.9000 0.4820 2.5321
vt 2.5321 -2.9000 0.5162
vt 2.5321 -3.8652 0.5162
vt 2.5461 -3.8652 0.5162
vt 2.5461 -2.9000 0.5162
vt -1.5321 -3.8652 0.4820
vt -1.5321 -2.9000 0.4820
vt -1.5461 -2.9000 0.4820
vt -1.5461 -3.8652 0.4820
vt 4.8395 0.9650 2.5141
vt 4.8395 0.0350 2.5141
vt 4.9703 0.0350 2.5141
vt 4.9703 0.9650 2.5141
vt -1.5141 -3.8395 0.0350
vt -1.5817 -3.8395 0.0350
vt -1.5817 -3.9703 0.0350
vt -1.5141 -3.9703 0.0350
vt -1.5817 0.0350 -3.8395
vt -1.5141 0.0350 -3.8395
vt -1.5141 0.9650 -3.8395
vt -1.5817 0.9650 -3.8395
vt 2.5817 0.9650 -3.9703
vt 2.5141 0.9650 -3.9703
vt 2.5141 0.0350 -3.9703
vt 2.5817 0.0350 -3.9703
vt 2.5817 -3.8395 0.9650
vt 2.5141 -3.8395 0.9650
vt 2.5141 -3.9703 0.9650
vt 2.5817 -3.9703 0.9650
vt 1.0315 0.9650 2.5141
vt 1.0315 0.0350 2.5141
vt 1.1623 0.0350 2.5141
vt 1.1623 0.9650 2.5141
vt -1.5141 -0.0315 0.0350
vt -1.5817 -0.0315 0.0350
vt -1.5817 -0.1623 0.0350
vt -1.5141 -0.1623 0.0350
vt -1.5817 0.0350 -0.0315
vt -1.5141 0.0350 -0.0315
vt -1.5141 0.9650 -0.0315
vt -1.5817 0.9650 -0.0315
vt 2.5817 0.9650 -0.1623
vt 2.5141 0.9650 -0.1623
vt 2.5141 0.0350 -0.1623
vt 2.5817 0.0350 -0.1623
vt 2.5817 -0.0315 0.9650
vt 2.5141 -0.0315 0.9650
vt 2.5141 -0.1623 0.9650
vt 2.5817 -0.1623 0.9650
vt 1.8949 0.4820 2.5321
vt 1.8949 0.5162 2.5321
vt 1.1308 0.5162 2.5321
vt 1.1308 0.4820 2.5321
vt 2.5321 -0.1308 0.5162
vt 2.5321 -0.8949 0.5162
vt 2.5461 -0.8949 0.5162
vt 2.5461 -0.1308 0.5162
vt -1.5321 -0.8949 0.4820
vt -1.5321 -0.1308 0.4820
vt -1.5461 -0.1308 0.4820
vt -1.5461 -0.8949 0.4820
vt 1.8693 0.9650 2.5141
vt 1.8693 0.0350 2.5141
vt 2.0001 0.0350 2.5141
vt 2.0001 0.9650 2.5141
vt -1.5141 -0.8693 0.0350
vt -1.5817 -0.8693 0.0350
vt -1.5817 -1.0001 0.0350
vt -1.5141 -1.0001 0.0350
vt -1.5817 0.0350 -0.8693
vt -1.5141 0.0350 -0.8693
vt -1.5141 0.9650 -0.8693
vt -1.5817 0.9650 -0.8693
vt 2.5817 0.9650 -1.0001
vt 2.5141 0.9650 -1.0001
vt 2.5141 0.0350 -1.0001
vt 2.5817 0.0350 -1.0001
vt 2.5817 -0.8693 0.9650
vt 2.5141 -0.8693 0.9650
vt 2.5141 -1.0001 0.9650
vt 2.5817 -1.0001 0.9650
vt 6.4562 0.9650 2.5141
vt 6.4562 0.0350 2.5141
vt 6.5870 0.0350 2.5141
vt 6.5870 0.9650 2.5141
vt -1.5141 -5.4562 0.0350
vt -1.5817 -5.4562 0.0350
vt -1.5817 -5.5870 0.0350
vt -1.5141 -5.5870 0.0350
vt -1.5817 0.0350 -5.4562
vt -1.5141 0.0350 -5.4562
vt -1.5141 0.9650 -5.4562
vt -1.5817 0.9650 -5.4562
vt 2.5817 0.9650 -5.5870
vt 2.5141 0.9650 -5.5870
vt 2.5141 0.0350 -5.5870
vt 2.5817 0.0350 -5.5870
vt 2.5817 -5.4562 0.9650
vt 2.5141 -5.4562 0.9650
vt 2.5141 -5.5870 0.9650
vt 2.5817 -5.5870 0.9650
vt 7.1825 0.4820 2.5321
vt 7.1825 0.5162 2.5321
vt 6.5555 0.5162 2.5321
vt 6.5555 0.4820 2.5321
vt 2.5321 -5.5555 0.5162
vt 2.5321 -6.1825 0.5162
vt 2.5461 -6.1825 0.5162
vt 2.5461 -5.5555 0.5162
vt -1.5321 -6.1825 0.4820
vt -1.5321 -5.5555 0.4820
vt -1.5461 -5.5555 0.4820
vt -1.5461 -6.1825 0.4820
vt -2.8007 0.9650 2.5141
vt -2.9315 0.9650 2.5141
vt -2.9315 0.0350 2.5141
vt -2.8007 0.0350 2.5141
vt -1.5141 3.8007 0.0350
vt -1.5141 3.9315 0.0350
vt -1.5817 3.9315 0.0350
vt -1.5817 3.8007 0.0350
vt 2.5817 0.0350 3.8007
vt 2.5817 0.9650 3.8007
vt 2.5141 0.9650 3.8007
vt 2.5141 0.0350 3.8007
vt -1.5817 0.9650 3.9315
vt -1.5817 0.0350 3.9315
vt -1.5141 0.0350 3.9315
vt -1.5141 0.9650 3.9315
vt 2.5817 3.8007 0.9650
vt 2.5817 3.9315 0.9650
vt 2.5141 3.9315 0.9650
vt 2.5141 3.8007 0.9650
vt -3.8652 0.4820 2.5321
vt -2.9000 0.4820 2.5321
vt -2.9000 0.5162 2.5321
vt -3.8652 0.5162 2.5321
vt 2.5321 3.9000 0.5162
vt 2.5461 3.9000 0.5162
vt 2.5461 4.8652 0.5162
vt 2.5321 4.8652 0.5162
vt -1.5321 4.8652 0.4820
vt -1.5461 4.8652 0.4820
vt -1.5461 3.9000 0.4820
vt -1.5321 3.9000 0.4820
vt -3.8395 0.9650 2.5141
vt -3.9703 0.9650 2.5141
vt -3.9703 0.0350 2.5141
vt -3.8395 0.0350 2.5141
vt -1.5141 4.8395 0.0350
vt -1.5141 4.9703 0.0350
vt -1.5817 4.9703 0.0350
vt -1.5817 4.8395 0.0350
vt 2.5817 0.0350 4.8395
vt 2.5817 0.9650 4.8395
vt 2.5141 0.9650 4.8395
vt 2.5141 0.0350 4.8395
vt -1.5817 0.9650 4.9703
vt -1.5817 0.0350 4.9703
vt -1.5141 0.0350 4.9703
vt -1.5141 0.9650 4.9703
vt 2.5817 4.8395 0.9650
vt 2.5817 4.9703 0.9650
vt 2.5141 4.9703 0.9650
vt 2.5141 4.8395 0.9650
vt -0.0315 0.9650 2.5141
vt -0.1623 0.9650 2.5141
vt -0.1623 0.0350 2.5141
vt -0.0315 0.0350 2.5141
vt -1.5141 1.0315 0.0350
vt -1.5141 1.1623 0.0350
vt -1.5817 1.1623 0.0350
vt -1.5817 1.0315 0.0350
vt 2.5817 0.0350 1.0315
vt 2.5817 0.9650 1.0315
vt 2.5141 0.9650 1.0315
vt 2.5141 0.0350 1.0315
vt -1.5817 0.9650 1.1623
vt -1.5817 0.0350 1.1623
vt -1.5141 0.0350 1.1623
vt -1.5141 0.9650 1.1623
vt 2.5817 1.0315 0.9650
vt 2.5817 1.1623 0.9650
vt 2.5141 1.1623 0.9650
vt 2.5141 1.0315 0.9650
vt -0.8949 0.4820 2.5321
vt -0.1308 0.4820 2.5321
vt -0.1308 0.5162 2.5321
vt -0.8949 0.5162 2.5321
vt 2.5321 1.1308 0.5162
vt 2.5461 1.1308 0.5162
vt 2.5461 1.8949 0.5162
vt 2.5321 1.8949 0.5162
vt -1.5321 1.8949 0.4820
vt -1.5461 1.8949 0.4820
vt -1.5461 1.1308 0.4820
vt -1.5321 1.1308 0.4820
vt -0.8693 0.9650 2.5141
vt -1.0001 0.9650 2.5141
vt -1.0001 0.0350 2.5141
vt -0.8693 0.0350 2.5141
vt -1.5141 1.8693 0.0350
vt -1.5141 2.0001 0.0350
vt -1.5817 2.0001 0.0350
vt -1.5817 1.8693 0.0350
vt 2.5817 0.0350 1.8693
vt 2.5817 0.9650 1.8693
vt 2.5141 0.9650 1.8693
vt 2.5141 0.0350 1.8693
vt -1.5817 0.9650 2.0001
vt -1.5817 0.0350 2.0001
vt -1.5141 0.0350 2.0001
vt -1.5141 0.9650 2.0001
vt 2.5817 1.8693 0.9650
vt 2.5817 2.0001 0.9650
vt 2.5141 2.0001 0.9650
vt 2.5141 1.8693 0.9650
vt -5.4562 0.9650 2.5141
vt -5.5870 0.9650 2.5141
vt -5.5870 0.0350 2.5141
vt -5.4562 0.0350 2.5141
vt -1.5141 6.4562 0.0350
vt -1.5141 6.5870 0.0350
vt -1.5817 6.5870 0.0350
vt -1.5817 6.4562 0.0350
vt 2.5817 0.0350 6.4562
vt 2.5817 0.9650 6.4562
vt 2.5141 0.9650 6.4562
vt 2.5141 0.0350 6.4562
vt -1.5817 0.9650 6.5870
vt -1.5817 0.0350 6.5870
vt -1.5141 0.0350 6.5870
vt -1.5141 0.9650 6.5870
vt 2.5817 6.4562 0.9650
vt 2.5817 6.5870 0.9650
vt 2.5141 6.5870 0.9650
vt 2.5141 6.4562 0.9650
vt -6.1825 0.4820 2.5321
vt -5.5555 0.4820 2.5321
vt -5.5555 0.5162 2.5321
vt -6.1825 0.5162 2.5321
vt 2.5321 6.5555 0.5162
vt 2.5461 6.5555 0.5162
vt 2.5461 7.1825 0.5162
vt 2.5321 7.1825 0.5162
vt -1.5321 7.1825 0.4820
vt -1.5461 7.1825 0.4820
vt -1.5461 6.5555 0.4820
vt -1.5321 6.5555 0.4820
vt 3.0872 0.4820 1.4396
vt 3.0872 0.5162 1.4396
vt 2.3694 0.5162 1.7892
vt 2.3694 0.4820 1.7892
vt 1.4396 -0.6516 0.5162
vt 1.7892 -1.3694 0.5162
vt 1.8032 -1.3694 0.5162
vt 1.4536 -0.6516 0.5162
vt -0.4396 -2.0872 0.4820
vt -0.7892 -1.3694 0.4820
vt -0.8032 -1.3694 0.4820
vt -0.4536 -2.0872 0.4820
vt 1.6516 0.5162 1.4396
vt 1.6516 0.4820 1.4396
vt 1.4396 -2.0872 0.5162
vt 1.4536 -2.0872 0.5162
vt -0.4396 -0.6516 0.4820
vt -0.4536 -0.6516 0.4820
vt -2.0872 0.4820 1.4396
vt -1.3694 0.4820 1.7892
vt -1.3694 0.5162 1.7892
vt -2.0872 0.5162 1.4396
vt 1.4396 1.6516 0.5162
vt 1.4536 1.6516 0.5162
vt 1.8032 2.3694 0.5162
vt 1.7892 2.3694 0.5162
vt -0.4396 3.0872 0.4820
vt -0.4536 3.0872 0.4820
vt -0.8032 2.3694 0.4820
vt -0.7892 2.3694 0.4820
vt -0.6516 0.4820 1.4396
vt -0.6516 0.5162 1.4396
vt 1.4536 3.0872 0.5162
vt 1.4396 3.0872 0.5162
vt -0.4536 1.6516 0.4820
vt -0.4396 1.6516 0.4820
vt -2.0872 0.4820 1.5388
vt -1.3694 0.4820 1.8884
vt -1.3694 0.5162 1.8884
vt -2.0872 0.5162 1.5388
vt 1.5388 -0.6516 0.5162
vt 1.5248 -0.6516 0.5162
vt 1.8744 -1.3694 0.5162
vt 1.8884 -1.3694 0.5162
vt -0.5388 -2.0872 0.4820
vt -0.5248 -2.0872 0.4820
vt -0.8744 -1.3694 0.4820
vt -0.8884 -1.3694 0.4820
vt -0.6516 0.4820 1.5388
vt -0.6516 0.5162 1.5388
vt 1.5248 -2.0872 0.5162
vt 1.5388 -2.0872 0.5162
vt -0.5248 -0.6516 0.4820
vt -0.5388 -0.6516 0.4820
vt 3.0872 0.4820 1.5388
vt 3.0872 0.5162 1.5388
vt 2.3694 0.5162 1.8884
vt 2.3694 0.4820 1.8884
vt 1.5388 1.6516 0.5162
vt 1.8884 2.3694 0.5162
vt 1.8744 2.3694 0.5162
vt 1.5248 1.6516 0.5162
vt -0.5388 3.0872 0.4820
vt -0.8884 2.3694 0.4820
vt -0.8744 2.3694 0.4820
vt -0.5248 3.0872 0.4820
vt 1.6516 0.5162 1.5388
vt 1.6516 0.4820 1.5388
vt 1.5388 3.0872 0.5162
vt 1.5248 3.0872 0.5162
vt -0.5388 1.6516 0.4820
vt -0.5248 1.6516 0.4820
# 496 texture coords

o hqwall_a_color
g hqwall_a_color
usemtl color
s 2
f 3007/3353/112 3008/3354/113 3009/3355/114 3010/3356/115 
s 4
f 3011/3357/116 3012/3358/117 3013/3359/118 3014/3360/119 
s 8
f 3007/3361/112 3010/3362/115 3012/3363/117 3011/3364/116 
s 16
f 3010/3365/115 3009/3366/114 3013/3367/118 3012/3368/117 
s 32
f 3009/3369/114 3008/3370/113 3014/3371/119 3013/3372/118 
s 64
f 3008/3373/113 3007/3374/112 3011/3375/116 3014/3376/119 
s 2
f 3015/3377/120 3016/3378/121 3017/3379/122 3018/3380/123 
s 4
f 3019/3381/124 3020/3382/125 3021/3383/126 3022/3384/127 
s 8
f 3015/3385/120 3018/3386/123 3020/3387/125 3019/3388/124 
s 16
f 3018/3389/123 3017/3390/122 3021/3391/126 3020/3392/125 
s 32
f 3017/3390/122 3016/3393/121 3022/3394/127 3021/3391/126 
s 64
f 3016/3395/121 3015/3385/120 3019/3388/124 3022/3396/127 
s 2
f 3023/3397/115 3024/3398/112 3025/3399/113 3026/3400/114 
s 4
f 3027/3401/117 3028/3402/118 3029/3403/119 3030/3404/116 
s 8
f 3023/3405/115 3026/3406/114 3028/3407/118 3027/3408/117 
s 16
f 3026/3409/114 3025/3410/113 3029/3411/119 3028/3412/118 
s 32
f 3025/3413/113 3024/3414/112 3030/3415/116 3029/3416/119 
s 64
f 3024/3417/112 3023/3418/115 3027/3419/117 3030/3420/116 
s 2
f 3031/3421/116 3032/3422/112 3033/3423/115 3034/3424/117 
s 4
f 3035/3425/119 3036/3426/118 3037/3427/114 3038/3428/113 
s 8
f 3031/3429/116 3034/3430/117 3036/3431/118 3035/3432/119 
s 16
f 3034/3433/117 3033/3434/115 3037/3435/114 3036/3436/118 
s 32
f 3033/3437/115 3032/3438/112 3038/3439/113 3037/3440/114 
s 64
f 3032/3441/112 3031/3442/116 3035/3443/119 3038/3444/113 
s 2
f 3039/3445/113 3040/3446/114 3041/3447/115 3042/3448/112 
s 4
f 3043/3449/119 3044/3450/116 3045/3451/117 3046/3452/118 
s 8
f 3039/3453/113 3043/3454/119 3046/3455/118 3040/3456/114 
s 16
f 3040/3457/114 3046/3458/118 3045/3459/117 3041/3460/115 
s 32
f 3041/3461/115 3045/3462/117 3044/3463/116 3042/3464/112 
s 64
f 3042/3465/112 3044/3466/116 3043/3467/119 3039/3468/113 
s 2
f 3047/3469/128 3048/3470/129 3049/3471/130 3050/3472/131 
s 4
f 3051/3473/132 3052/3474/133 3053/3475/134 3054/3476/135 
s 8
f 3047/3477/128 3051/3478/132 3054/3392/135 3048/3389/129 
s 16
f 3048/3386/129 3054/3387/135 3053/3479/134 3049/3480/130 
s 32
f 3049/3480/130 3053/3479/134 3052/3396/133 3050/3395/131 
s 64
f 3050/3393/131 3052/3394/133 3051/3478/132 3047/3477/128 
s 2
f 3055/3481/114 3056/3482/115 3057/3483/112 3058/3484/113 
s 4
f 3059/3485/118 3060/3486/119 3061/3487/116 3062/3488/117 
s 8
f 3055/3489/114 3059/3490/118 3062/3491/117 3056/3492/115 
s 16
f 3056/3493/115 3062/3494/117 3061/3495/116 3057/3496/112 
s 32
f 3057/3497/112 3061/3498/116 3060/3499/119 3058/3500/113 
s 64
f 3058/3501/113 3060/3502/119 3059/3503/118 3055/3504/114 
s 16
f 3063/3505/136 3064/3506/137 3065/3507/138 3066/3508/139 
s 32
f 3064/3509/137 3067/3510/140 3068/3511/141 3065/3512/138 
s 2
f 3067/3513/140 3064/3514/137 3063/3515/136 3069/3516/142 
s 4
f 3070/3517/143 3066/3518/139 3065/3519/138 3068/3520/141 
s 8
f 3069/3521/142 3063/3522/136 3066/3523/139 3070/3524/143 
s off
f 3071/3525/144 3072/3526/145 3073/3527/145 3074/3528/144 
f 3073/3529/145 3072/3530/145 3075/3531/146 3076/3532/146 
f 3071/3533/144 3074/3534/144 3077/3535/147 3078/3536/147 
s 16
f 3079/3537/136 3080/3538/137 3081/3539/138 3082/3540/139 
s 32
f 3080/3541/137 3083/3542/140 3084/3543/141 3081/3544/138 
s 2
f 3083/3545/140 3080/3546/137 3079/3547/136 3085/3548/142 
s 4
f 3086/3549/143 3082/3550/139 3081/3551/138 3084/3552/141 
s 8
f 3085/3553/142 3079/3554/136 3082/3555/139 3086/3556/143 
s 16
f 3087/3557/136 3088/3558/137 3089/3559/138 3090/3560/139 
s 32
f 3088/3561/137 3091/3562/140 3092/3563/141 3089/3564/138 
s 2
f 3091/3565/140 3088/3566/137 3087/3567/136 3093/3568/142 
s 4
f 3094/3569/143 3090/3570/139 3089/3571/138 3092/3572/141 
s 8
f 3093/3573/142 3087/3574/136 3090/3575/139 3094/3576/143 
s off
f 3095/3577/148 3096/3578/149 3097/3579/149 3098/3580/148 
f 3097/3581/149 3096/3582/149 3099/3583/150 3100/3584/150 
f 3095/3585/148 3098/3586/148 3101/3587/147 3102/3588/147 
s 16
f 3103/3589/136 3104/3590/137 3105/3591/138 3106/3592/139 
s 32
f 3104/3593/137 3107/3594/140 3108/3595/141 3105/3596/138 
s 2
f 3107/3597/140 3104/3598/137 3103/3599/136 3109/3600/142 
s 4
f 3110/3601/143 3106/3602/139 3105/3603/138 3108/3604/141 
s 8
f 3109/3605/142 3103/3606/136 3106/3607/139 3110/3608/143 
s 16
f 3111/3609/117 3112/3610/137 3113/3611/151 3114/3612/118 
s 32
f 3112/3613/137 3115/3614/140 3116/3615/152 3113/3616/151 
s 2
f 3115/3617/140 3112/3618/137 3111/3619/117 3117/3620/142 
s 4
f 3118/3621/143 3114/3622/118 3113/3623/151 3116/3624/152 
s 8
f 3117/3625/142 3111/3626/117 3114/3627/118 3118/3628/143 
s off
f 3119/3629/144 3120/3630/145 3121/3631/145 3122/3632/144 
f 3121/3633/145 3120/3634/145 3123/3635/146 3124/3636/146 
f 3119/3637/144 3122/3638/144 3125/3639/147 3126/3640/147 
s 16
f 3127/3641/153 3128/3642/154 3129/3643/155 3130/3644/151 
s 32
f 3130/3645/151 3129/3646/155 3131/3647/156 3132/3648/152 
s 2
f 3132/3649/152 3133/3650/157 3127/3651/153 3130/3652/151 
s 4
f 3134/3653/158 3131/3654/156 3129/3655/155 3128/3656/154 
s 8
f 3133/3657/157 3134/3658/158 3128/3659/154 3127/3660/153 
s off
f 3135/3661/144 3136/3662/144 3137/3663/145 3138/3664/145 
f 3137/3665/145 3139/3666/146 3140/3667/146 3138/3668/145 
f 3135/3669/144 3141/3670/147 3142/3671/147 3136/3672/144 
s 16
f 3143/3673/153 3144/3674/154 3145/3675/155 3146/3676/151 
s 32
f 3146/3677/151 3145/3678/155 3147/3679/156 3148/3680/152 
s 2
f 3148/3681/152 3149/3682/157 3143/3683/153 3146/3684/151 
s 4
f 3150/3685/158 3147/3686/156 3145/3687/155 3144/3688/154 
s 8
f 3149/3689/157 3150/3690/158 3144/3691/154 3143/3692/153 
s 16
f 3151/3693/153 3152/3694/154 3153/3695/155 3154/3696/151 
s 32
f 3154/3697/151 3153/3698/155 3155/3699/156 3156/3700/152 
s 2
f 3156/3701/152 3157/3702/157 3151/3703/153 3154/3704/151 
s 4
f 3158/3705/158 3155/3706/156 3153/3707/155 3152/3708/154 
s 8
f 3157/3709/157 3158/3710/158 3152/3711/154 3151/3712/153 
s off
f 3159/3713/144 3160/3714/144 3161/3715/145 3162/3716/145 
f 3161/3717/145 3163/3718/159 3164/3719/159 3162/3720/145 
f 3159/3721/144 3165/3722/147 3166/3723/147 3160/3724/144 
s 16
f 3167/3725/153 3168/3726/154 3169/3727/155 3170/3728/151 
s 32
f 3170/3729/151 3169/3730/155 3171/3731/156 3172/3732/152 
s 2
f 3172/3733/152 3173/3734/157 3167/3735/153 3170/3736/151 
s 4
f 3174/3737/158 3171/3738/156 3169/3739/155 3168/3740/154 
s 8
f 3173/3741/157 3174/3742/158 3168/3743/154 3167/3744/153 
s 16
f 3175/3745/118 3176/3746/117 3177/3747/137 3178/3748/151 
s 32
f 3178/3749/151 3177/3750/137 3179/3751/140 3180/3752/152 
s 2
f 3180/3753/152 3181/3754/143 3175/3755/118 3178/3756/151 
s 4
f 3182/3757/142 3179/3758/140 3177/3759/137 3176/3760/117 
s 8
f 3181/3761/143 3182/3762/142 3176/3763/117 3175/3764/118 
s off
f 3183/3765/144 3184/3766/144 3185/3767/145 3186/3768/145 
f 3185/3769/145 3187/3770/146 3188/3771/146 3186/3772/145 
f 3183/3773/144 3189/3774/147 3190/3775/147 3184/3776/144 
f 3191/3777/160 3192/3778/161 3193/3779/162 3194/3780/163 
f 3195/3781/164 3193/3782/162 3196/3783/150 3197/3784/150 
f 3191/3785/160 3194/3786/163 3198/3787/165 3199/3788/166 
f 3193/3779/162 3195/3789/164 3200/3790/167 3194/3780/163 
f 3193/3782/162 3192/3791/161 3201/3792/146 3196/3783/150 
f 3194/3786/163 3200/3793/167 3202/3794/165 3198/3787/165 
f 3203/3795/167 3204/3796/163 3205/3797/162 3206/3798/164 
f 3207/3799/161 3208/3800/159 3209/3801/159 3205/3802/162 
f 3203/3803/167 3210/3804/165 3211/3805/166 3204/3806/163 
f 3205/3797/162 3204/3796/163 3212/3807/160 3207/3808/161 
f 3205/3802/162 3209/3801/159 3213/3809/146 3206/3810/164 
f 3204/3806/163 3211/3805/166 3214/3811/166 3212/3812/160 
f 3215/3813/168 3216/3814/169 3217/3815/170 3218/3816/171 
f 3219/3817/172 3220/3818/150 3221/3819/159 3217/3820/170 
f 3215/3821/168 3222/3822/166 3223/3823/165 3216/3824/169 
f 3216/3814/169 3224/3825/173 3219/3826/172 3217/3815/170 
f 3221/3819/159 3225/3827/159 3218/3828/171 3217/3820/170 
f 3223/3823/165 3226/3829/165 3224/3830/173 3216/3824/169 
f 3227/3831/173 3228/3832/172 3229/3833/170 3230/3834/169 
f 3231/3835/174 3229/3836/170 3232/3837/150 3233/3838/159 
f 3227/3839/173 3230/3840/169 3234/3841/166 3235/3842/165 
f 3230/3834/169 3229/3833/170 3231/3843/174 3236/3844/168 
f 3232/3837/150 3229/3836/170 3228/3845/172 3237/3846/150 
f 3234/3841/166 3230/3840/169 3236/3847/168 3238/3848/166 
s 16
f 3239/3609/117 3240/3610/115 3241/3611/114 3242/3612/118 
s 32
f 3240/3613/115 3243/3614/140 3244/3615/141 3241/3616/114 
s 2
f 3243/3617/140 3240/3618/115 3239/3619/117 3245/3620/142 
s 4
f 3246/3621/143 3242/3622/118 3241/3623/114 3244/3624/141 
s 8
f 3245/3625/142 3239/3626/117 3242/3627/118 3246/3628/143 
s off
f 3247/3629/144 3248/3630/145 3249/3631/145 3250/3632/144 
f 3249/3633/145 3248/3634/145 3251/3635/159 3252/3636/159 
f 3247/3637/144 3250/3638/144 3253/3639/166 3254/3640/166 
s 16
f 3255/3609/118 3256/3612/117 3257/3611/115 3258/3610/114 
s 32
f 3258/3613/114 3257/3616/115 3259/3615/140 3260/3614/141 
s 2
f 3260/3617/141 3261/3620/143 3255/3619/118 3258/3618/114 
s 4
f 3262/3621/142 3259/3624/140 3257/3623/115 3256/3622/117 
s 8
f 3261/3625/143 3262/3628/142 3256/3627/117 3255/3626/118 
s off
f 3263/3629/148 3264/3632/148 3265/3631/149 3266/3630/149 
f 3265/3633/149 3267/3636/150 3268/3635/150 3266/3634/149 
f 3263/3637/148 3269/3640/165 3270/3639/165 3264/3638/148 
# 150 polygons

#
# object hqwall_a_emissive
#

v  -197.4432 97.0400 -31.8050
v  -202.5568 97.0400 -31.8050
v  -202.5568 97.0400 -30.0972
v  -197.4432 97.0400 -30.0972
v  -202.5568 1.4916 -31.8050
v  -202.5568 1.4916 -30.0972
v  -197.4432 1.4916 -31.8050
v  -197.4432 1.4916 -30.0972
v  -163.2347 130.8982 -31.8050
v  -166.8506 134.5140 -31.8050
v  -166.8506 134.5140 -30.0972
v  -163.2347 130.8982 -30.0972
v  -200.5419 100.8227 -31.8050
v  -200.5419 100.8227 -30.0972
v  -196.9261 97.2068 -31.8050
v  -196.9261 97.2068 -30.0972
v  -163.4950 135.6846 -31.8050
v  -163.4950 130.5710 -31.8050
v  -163.4950 130.5710 -30.0972
v  -163.4950 135.6846 -30.0972
v  -60.7610 130.5710 -31.8050
v  -60.7610 130.5710 -30.0972
v  -60.7610 135.6846 -31.8050
v  -60.7610 135.6846 -30.0972
v  -202.5568 97.0400 29.9059
v  -202.5568 97.0400 31.8047
v  -197.4432 97.0400 31.8047
v  -197.4432 97.0400 29.9059
v  -202.5568 1.4916 29.9059
v  -202.5568 1.4916 31.8047
v  -197.4432 1.4916 29.9059
v  -197.4432 1.4916 31.8047
v  -166.8506 134.5140 29.9059
v  -166.8506 134.5140 31.8047
v  -163.2347 130.8982 31.8047
v  -163.2347 130.8982 29.9059
v  -200.5419 100.8227 29.9059
v  -200.5419 100.8227 31.8047
v  -196.9261 97.2068 29.9059
v  -196.9261 97.2068 31.8047
v  -163.4950 130.5710 29.9059
v  -163.4950 130.5710 31.8047
v  -163.4950 135.6846 31.8047
v  -163.4950 135.6845 29.9059
v  -60.7610 130.5710 29.9059
v  -60.7610 130.5710 31.8047
v  -60.7610 135.6846 29.9059
v  -60.7610 135.6846 31.8047
v  -197.4432 -97.0400 -31.8050
v  -197.4432 -97.0400 -30.0972
v  -202.5568 -97.0400 -30.0972
v  -202.5568 -97.0400 -31.8050
v  -202.5568 -1.4916 -30.0972
v  -202.5568 -1.4916 -31.8050
v  -197.4432 -1.4916 -30.0972
v  -197.4432 -1.4916 -31.8050
v  -163.2347 -130.8981 -31.8050
v  -163.2347 -130.8981 -30.0972
v  -166.8505 -134.5140 -30.0972
v  -166.8505 -134.5140 -31.8050
v  -200.5419 -100.8226 -30.0972
v  -200.5419 -100.8226 -31.8050
v  -196.9260 -97.2068 -30.0972
v  -196.9260 -97.2068 -31.8050
v  -163.4949 -135.6845 -31.8050
v  -163.4949 -135.6845 -30.0972
v  -163.4949 -130.5710 -30.0972
v  -163.4949 -130.5710 -31.8050
v  -60.7610 -130.5710 -30.0972
v  -60.7610 -130.5710 -31.8050
v  -60.7610 -135.6845 -30.0972
v  -60.7610 -135.6845 -31.8050
v  -202.5568 -97.0400 29.9059
v  -197.4432 -97.0400 29.9059
v  -197.4432 -97.0400 31.8047
v  -202.5568 -97.0400 31.8047
v  -202.5568 -1.4916 29.9059
v  -202.5568 -1.4916 31.8047
v  -197.4432 -1.4916 29.9059
v  -197.4432 -1.4916 31.8047
v  -166.8505 -134.5140 29.9059
v  -163.2347 -130.8981 29.9059
v  -163.2347 -130.8981 31.8047
v  -166.8505 -134.5140 31.8047
v  -200.5419 -100.8226 29.9059
v  -200.5419 -100.8226 31.8047
v  -196.9260 -97.2068 29.9059
v  -196.9260 -97.2068 31.8047
v  -163.4949 -130.5710 29.9059
v  -163.4949 -135.6845 29.9059
v  -163.4949 -135.6845 31.8047
v  -163.4949 -130.5710 31.8047
v  -60.7610 -130.5710 29.9059
v  -60.7610 -130.5710 31.8047
v  -60.7610 -135.6845 29.9059
v  -60.7610 -135.6845 31.8047
v  -1.7803 -218.2576 -31.8112
v  -1.7803 -218.2576 -30.1145
v  -1.7802 -170.0008 -30.1145
v  -1.7802 -170.0008 -31.8112
v  -1.7803 -218.2576 29.9302
v  -1.7803 -218.2576 31.8163
v  -1.7802 -170.0008 31.8163
v  -1.7802 -170.0008 29.9302
v  -1.7803 -69.7474 -31.8112
v  -1.7803 -69.7474 -30.1145
v  -1.7802 -31.5397 -30.1145
v  -1.7802 -31.5397 -31.8112
v  -1.7803 -69.7474 29.9302
v  -1.7803 -69.7474 31.8163
v  -1.7802 -31.5397 31.8163
v  -1.7802 -31.5397 29.9302
v  -1.7802 -334.1253 -31.8113
v  -1.7802 -334.1253 -30.1145
v  -1.7802 -302.7761 -30.1145
v  -1.7802 -302.7761 -31.8113
v  -1.7802 -334.1253 29.9302
v  -1.7802 -334.1253 31.8163
v  -1.7802 -302.7761 31.8163
v  -1.7802 -302.7761 29.9302
v  -1.7804 218.2578 -31.8112
v  -1.7803 170.0010 -31.8112
v  -1.7803 170.0010 -30.1145
v  -1.7804 218.2578 -30.1145
v  -1.7804 218.2578 29.9302
v  -1.7803 170.0010 29.9302
v  -1.7803 170.0010 31.8163
v  -1.7804 218.2578 31.8163
v  -1.7803 69.7475 -31.8112
v  -1.7802 31.5398 -31.8112
v  -1.7802 31.5398 -30.1145
v  -1.7803 69.7475 -30.1145
v  -1.7803 69.7475 29.9302
v  -1.7802 31.5398 29.9302
v  -1.7802 31.5398 31.8163
v  -1.7803 69.7475 31.8163
v  -1.7804 334.1254 -31.8113
v  -1.7803 302.7762 -31.8113
v  -1.7803 302.7762 -30.1145
v  -1.7804 334.1254 -30.1145
v  -1.7804 334.1254 29.9302
v  -1.7803 302.7762 29.9302
v  -1.7803 302.7762 31.8163
v  -1.7804 334.1254 31.8163
v  -56.4057 -129.3605 -31.8112
v  -56.4057 -129.3605 -30.1145
v  -38.9263 -93.4710 -30.1145
v  -38.9263 -93.4710 -31.8112
v  -56.4057 -129.3605 29.9302
v  -56.4057 -129.3605 31.8163
v  -38.9263 -93.4710 31.8163
v  -38.9263 -93.4710 29.9302
v  -56.4057 -57.5815 -30.1145
v  -56.4057 -57.5815 -31.8112
v  -56.4057 -57.5815 31.8163
v  -56.4057 -57.5815 29.9302
v  -56.4058 129.3606 -31.8112
v  -38.9263 93.4711 -31.8112
v  -38.9263 93.4711 -30.1145
v  -56.4058 129.3606 -30.1145
v  -56.4058 129.3606 29.9302
v  -38.9263 93.4711 29.9302
v  -38.9263 93.4711 31.8163
v  -56.4058 129.3606 31.8163
v  -56.4057 57.5816 -31.8112
v  -56.4057 57.5816 -30.1145
v  -56.4057 57.5816 29.9302
v  -56.4057 57.5816 31.8163
# 168 vertices

vn -0.7071 -0.7071 0.0000
vn 0.7071 -0.7071 0.0000
vn 0.7071 0.7071 0.0000
vn -0.7071 0.7071 0.0000
vn -1.0000 -0.0000 0.0000
vn 0.0000 -1.0000 0.0000
vn -1.0000 -0.0001 0.0000
vn 1.0000 0.0000 0.0000
vn 1.0000 -0.0001 0.0000
vn -0.0000 1.0000 0.0000
vn 0.7071 -0.7071 -0.0000
vn 1.0000 -0.0000 0.0000
vn 0.8990 -0.4379 0.0000
vn 0.8990 0.4379 0.0000
# 14 vertex normals

vt 2.3672 0.1820 2.4408
vt 2.4694 0.1820 2.4408
vt 2.4694 0.1990 2.4408
vt 2.3672 0.1990 2.4408
vt -1.4408 0.1820 -1.4694
vt 0.4702 0.1820 -1.4694
vt 0.4702 0.1990 -1.4694
vt -1.4408 0.1990 -1.4694
vt -1.4694 0.1820 0.5298
vt -1.3672 0.1820 0.5298
vt -1.3672 0.1990 0.5298
vt -1.4694 0.1990 0.5298
vt 0.5298 0.1820 -1.3672
vt 2.4408 0.1820 -1.3672
vt 2.4408 0.1990 -1.3672
vt 0.5298 0.1990 -1.3672
vt 1.6830 0.1820 3.1180
vt 1.7553 0.1820 3.1903
vt 1.7553 0.1990 3.1903
vt 1.6830 0.1990 3.1180
vt 2.4291 0.1820 2.5165
vt 2.4291 0.1990 2.5165
vt -1.5165 0.1820 -1.4291
vt -1.4441 0.1820 -1.3568
vt -1.4441 0.1990 -1.3568
vt -1.5165 0.1990 -1.4291
vt -1.3568 0.1820 2.4441
vt -0.6830 0.1820 3.1180
vt -0.6830 0.1990 3.1180
vt -1.3568 0.1990 2.4441
vt -2.2137 0.1820 -0.6882
vt -2.1114 0.1820 -0.6882
vt -2.1114 0.1990 -0.6882
vt -2.2137 0.1990 -0.6882
vt -0.6882 0.1820 3.1114
vt 1.3665 0.1820 3.1114
vt 1.3665 0.1990 3.1114
vt -0.6882 0.1990 3.1114
vt 3.1114 0.1820 1.3665
vt 3.2137 0.1820 1.3665
vt 3.2137 0.1990 1.3665
vt 3.1114 0.1990 1.3665
vt -0.3665 0.1820 3.2137
vt 1.6882 0.1820 3.2137
vt 1.6882 0.1990 3.2137
vt -0.3665 0.1990 3.2137
vt 2.4694 0.7991 2.4408
vt 2.4694 0.8180 2.4408
vt 2.3672 0.8180 2.4408
vt 2.3672 0.7991 2.4408
vt 0.4702 0.7991 -1.4694
vt 0.4702 0.8180 -1.4694
vt -1.4408 0.8180 -1.4694
vt -1.4408 0.7991 -1.4694
vt -1.3672 0.7991 0.5298
vt -1.3672 0.8180 0.5298
vt -1.4694 0.8180 0.5298
vt -1.4694 0.7991 0.5298
vt 2.4408 0.7991 -1.3672
vt 2.4408 0.8180 -1.3672
vt 0.5298 0.8180 -1.3672
vt 0.5298 0.7991 -1.3672
vt 3.1903 0.7991 -0.7553
vt 3.1903 0.8180 -0.7553
vt 3.1180 0.8180 -0.6830
vt 3.1180 0.7991 -0.6830
vt 2.4291 0.7991 2.5165
vt 2.4291 0.8180 2.5165
vt 1.7553 0.8180 3.1903
vt 1.7553 0.7991 3.1903
vt -1.4441 0.7991 -1.3568
vt -1.4441 0.8180 -1.3568
vt -1.5165 0.8180 -1.4291
vt -1.5165 0.7991 -1.4291
vt -0.6830 0.7991 3.1180
vt -0.6830 0.8180 3.1180
vt -1.3568 0.8180 2.4441
vt -1.3568 0.7991 2.4441
vt -2.1114 0.7991 -0.6882
vt -2.1114 0.8180 -0.6882
vt -2.2137 0.8180 -0.6882
vt -2.2137 0.7991 -0.6882
vt 1.3665 0.7991 3.1114
vt 1.3665 0.8180 3.1114
vt -0.6882 0.8180 3.1114
vt -0.6882 0.7991 3.1114
vt 3.2137 0.7991 1.3665
vt 3.2137 0.8180 1.3665
vt 3.1114 0.8180 1.3665
vt 3.1114 0.7991 1.3665
vt 1.6882 0.7991 3.2137
vt 1.6882 0.8180 3.2137
vt -0.3665 0.8180 3.2137
vt -0.3665 0.7991 3.2137
vt -1.3672 0.1820 -1.4408
vt -1.3672 0.1990 -1.4408
vt -1.4694 0.1990 -1.4408
vt -1.4694 0.1820 -1.4408
vt 2.4408 0.1820 -1.4694
vt 2.4408 0.1990 -1.4694
vt 0.5298 0.1990 -1.4694
vt 0.5298 0.1820 -1.4694
vt 2.4694 0.1820 0.4702
vt 2.4694 0.1990 0.4702
vt 2.3672 0.1990 0.4702
vt 2.3672 0.1820 0.4702
vt 0.4702 0.1820 -1.3672
vt 0.4702 0.1990 -1.3672
vt -1.4408 0.1990 -1.3672
vt -1.4408 0.1820 -1.3672
vt -0.6830 0.1820 -2.1180
vt -0.6830 0.1990 -2.1180
vt -0.7553 0.1990 -2.1903
vt -0.7553 0.1820 -2.1903
vt 3.1903 0.1820 -0.7553
vt 3.1903 0.1990 -0.7553
vt 2.5165 0.1990 -1.4291
vt 2.5165 0.1820 -1.4291
vt 2.4291 0.1820 -1.5165
vt 2.4291 0.1990 -1.5165
vt 2.3568 0.1990 -1.4441
vt 2.3568 0.1820 -1.4441
vt -2.1180 0.1990 -0.6830
vt -2.1180 0.1820 -0.6830
vt 3.2137 0.1820 -0.6882
vt 3.2137 0.1990 -0.6882
vt 3.1114 0.1990 -0.6882
vt 3.1114 0.1820 -0.6882
vt 1.6882 0.1820 -2.1114
vt 1.6882 0.1990 -2.1114
vt -0.3665 0.1990 -2.1114
vt -0.3665 0.1820 -2.1114
vt -2.1114 0.1820 1.3665
vt -2.1114 0.1990 1.3665
vt -2.2137 0.1990 1.3665
vt -2.2137 0.1820 1.3665
vt 1.3665 0.1820 -2.2137
vt 1.3665 0.1990 -2.2137
vt -0.6882 0.1990 -2.2137
vt -0.6882 0.1820 -2.2137
vt -1.4694 0.7991 -1.4408
vt -1.3672 0.7991 -1.4408
vt -1.3672 0.8180 -1.4408
vt -1.4694 0.8180 -1.4408
vt 0.5298 0.7991 -1.4694
vt 2.4408 0.7991 -1.4694
vt 2.4408 0.8180 -1.4694
vt 0.5298 0.8180 -1.4694
vt 2.3672 0.7991 0.4702
vt 2.4694 0.7991 0.4702
vt 2.4694 0.8180 0.4702
vt 2.3672 0.8180 0.4702
vt -1.4408 0.7991 -1.3672
vt 0.4702 0.7991 -1.3672
vt 0.4702 0.8180 -1.3672
vt -1.4408 0.8180 -1.3672
vt -0.7553 0.7991 -2.1903
vt -0.6830 0.7991 -2.1180
vt -0.6830 0.8180 -2.1180
vt -0.7553 0.8180 -2.1903
vt 2.5165 0.7991 -1.4291
vt 2.5165 0.8180 -1.4291
vt 2.3568 0.7991 -1.4441
vt 2.4291 0.7991 -1.5165
vt 2.4291 0.8180 -1.5165
vt 2.3568 0.8180 -1.4441
vt -2.1180 0.7991 -0.6830
vt -2.1180 0.8180 -0.6830
vt 3.1114 0.7991 -0.6882
vt 3.2137 0.7991 -0.6882
vt 3.2137 0.8180 -0.6882
vt 3.1114 0.8180 -0.6882
vt -0.3665 0.7991 -2.1114
vt 1.6882 0.7991 -2.1114
vt 1.6882 0.8180 -2.1114
vt -0.3665 0.8180 -2.1114
vt -2.2137 0.7991 1.3665
vt -2.1114 0.7991 1.3665
vt -2.1114 0.8180 1.3665
vt -2.2137 0.8180 1.3665
vt -0.6882 0.7991 -2.2137
vt 1.3665 0.7991 -2.2137
vt 1.3665 0.8180 -2.2137
vt -0.6882 0.8180 -2.2137
vt 4.8652 0.1819 2.5461
vt 4.8652 0.1989 2.5461
vt 3.9000 0.1989 2.5461
vt 3.9000 0.1819 2.5461
vt 4.8652 0.7993 2.5461
vt 4.8652 0.8182 2.5461
vt 3.9000 0.8182 2.5461
vt 3.9000 0.7993 2.5461
vt 1.8949 0.1819 2.5461
vt 1.8949 0.1989 2.5461
vt 1.1308 0.1989 2.5461
vt 1.1308 0.1819 2.5461
vt 1.8949 0.7993 2.5461
vt 1.8949 0.8182 2.5461
vt 1.1308 0.8182 2.5461
vt 1.1308 0.7993 2.5461
vt 7.1825 0.1819 2.5461
vt 7.1825 0.1989 2.5461
vt 6.5555 0.1989 2.5461
vt 6.5555 0.1819 2.5461
vt 7.1825 0.7993 2.5461
vt 7.1825 0.8182 2.5461
vt 6.5555 0.8182 2.5461
vt 6.5555 0.7993 2.5461
vt -3.8652 0.1819 2.5461
vt -2.9000 0.1819 2.5461
vt -2.9000 0.1989 2.5461
vt -3.8652 0.1989 2.5461
vt -3.8652 0.7993 2.5461
vt -2.9000 0.7993 2.5461
vt -2.9000 0.8182 2.5461
vt -3.8652 0.8182 2.5461
vt -0.8949 0.1819 2.5461
vt -0.1308 0.1819 2.5461
vt -0.1308 0.1989 2.5461
vt -0.8949 0.1989 2.5461
vt -0.8949 0.7993 2.5461
vt -0.1308 0.7993 2.5461
vt -0.1308 0.8182 2.5461
vt -0.8949 0.8182 2.5461
vt -6.1825 0.1819 2.5461
vt -5.5555 0.1819 2.5461
vt -5.5555 0.1989 2.5461
vt -6.1825 0.1989 2.5461
vt -6.1825 0.7993 2.5461
vt -5.5555 0.7993 2.5461
vt -5.5555 0.8182 2.5461
vt -6.1825 0.8182 2.5461
vt 3.0872 0.1819 1.4536
vt 3.0872 0.1989 1.4536
vt 2.3694 0.1989 1.8032
vt 2.3694 0.1819 1.8032
vt 3.0872 0.7993 1.4536
vt 3.0872 0.8182 1.4536
vt 2.3694 0.8182 1.8032
vt 2.3694 0.7993 1.8032
vt 1.6516 0.1989 1.4536
vt 1.6516 0.1819 1.4536
vt 1.6516 0.8182 1.4536
vt 1.6516 0.7993 1.4536
vt -2.0872 0.1819 1.4536
vt -1.3694 0.1819 1.8032
vt -1.3694 0.1989 1.8032
vt -2.0872 0.1989 1.4536
vt -2.0872 0.7993 1.4536
vt -1.3694 0.7993 1.8032
vt -1.3694 0.8182 1.8032
vt -2.0872 0.8182 1.4536
vt -0.6516 0.1819 1.4536
vt -0.6516 0.1989 1.4536
vt -0.6516 0.7993 1.4536
vt -0.6516 0.8182 1.4536
# 256 texture coords

o hqwall_a_emissive
g hqwall_a_emissive
usemtl emissive
s 8
f 3271/3849/175 3272/3850/176 3273/3851/176 3274/3852/175 
s 16
f 3272/3853/176 3275/3854/177 3276/3855/177 3273/3856/176 
s 32
f 3275/3857/177 3277/3858/178 3278/3859/178 3276/3860/177 
s 64
f 3277/3861/178 3271/3862/175 3274/3863/175 3278/3864/178 
s 8
f 3279/3865/179 3280/3866/180 3281/3867/180 3282/3868/181 
s 16
f 3280/3866/180 3283/3869/182 3284/3870/183 3281/3867/180 
s 32
f 3283/3871/182 3285/3872/184 3286/3873/184 3284/3874/183 
s 64
f 3285/3875/184 3279/3876/179 3282/3877/181 3286/3878/184 
s 8
f 3287/3879/176 3288/3880/177 3289/3881/177 3290/3882/176 
s 16
f 3288/3883/177 3291/3884/178 3292/3885/178 3289/3886/177 
s 32
f 3291/3887/178 3293/3888/175 3294/3889/175 3292/3890/178 
s 64
f 3293/3891/175 3287/3892/176 3290/3893/176 3294/3894/175 
s 8
f 3295/3895/176 3296/3896/176 3297/3897/175 3298/3898/175 
s 16
f 3299/3899/177 3300/3900/177 3296/3901/176 3295/3902/176 
s 32
f 3301/3903/178 3302/3904/178 3300/3905/177 3299/3906/177 
s 64
f 3298/3907/175 3297/3908/175 3302/3909/178 3301/3910/178 
s 8
f 3303/3911/180 3304/3912/180 3305/3913/179 3306/3914/179 
s 16
f 3307/3915/182 3308/3916/182 3304/3917/180 3303/3918/180 
s 32
f 3309/3919/184 3310/3920/184 3308/3921/182 3307/3922/182 
s 64
f 3306/3923/179 3305/3924/179 3310/3925/184 3309/3926/184 
s 8
f 3311/3927/177 3312/3928/177 3313/3929/185 3314/3930/185 
s 16
f 3315/3931/178 3316/3932/178 3312/3933/177 3311/3934/177 
s 32
f 3317/3935/175 3318/3936/175 3316/3937/178 3315/3938/178 
s 64
f 3314/3939/185 3313/3940/185 3318/3941/175 3317/3942/175 
s 8
f 3319/3943/178 3320/3944/178 3321/3945/177 3322/3946/177 
s 16
f 3322/3947/177 3321/3948/177 3323/3949/176 3324/3950/176 
s 32
f 3324/3951/176 3323/3952/176 3325/3953/175 3326/3954/175 
s 64
f 3326/3955/175 3325/3956/175 3320/3957/178 3319/3958/178 
s 8
f 3327/3959/179 3328/3960/179 3329/3961/184 3330/3962/184 
s 16
f 3330/3963/184 3329/3964/184 3331/3965/182 3332/3966/182 
s 32
f 3332/3967/182 3331/3968/182 3333/3969/180 3334/3970/180 
s 64
f 3334/3872/180 3333/3873/180 3328/3971/179 3327/3972/179 
s 8
f 3335/3973/177 3336/3974/177 3337/3975/176 3338/3976/176 
s 16
f 3338/3977/176 3337/3978/176 3339/3979/175 3340/3980/175 
s 32
f 3340/3981/175 3339/3982/175 3341/3983/178 3342/3984/178 
s 64
f 3342/3985/178 3341/3986/178 3336/3987/177 3335/3988/177 
s 8
f 3343/3989/177 3344/3990/178 3345/3991/178 3346/3992/177 
s 16
f 3347/3993/176 3343/3994/177 3346/3995/177 3348/3996/176 
s 32
f 3349/3997/175 3347/3998/176 3348/3999/176 3350/4000/175 
s 64
f 3344/4001/178 3349/4002/175 3350/4003/175 3345/4004/178 
s 8
f 3351/4005/184 3352/4006/179 3353/4007/179 3354/4008/184 
s 16
f 3355/4009/182 3351/3911/184 3354/3912/184 3356/4010/182 
s 32
f 3357/4011/180 3355/4012/182 3356/4013/182 3358/4014/180 
s 64
f 3352/4015/179 3357/3919/180 3358/3920/180 3353/4016/179 
s 8
f 3359/4017/176 3360/4018/177 3361/4019/177 3362/4020/176 
s 16
f 3363/4021/175 3359/4022/176 3362/4023/176 3364/4024/175 
s 32
f 3365/4025/178 3363/4026/175 3364/4027/175 3366/4028/178 
s 64
f 3360/4029/177 3365/4030/178 3366/4031/178 3361/4032/177 
s off
f 3367/4033/186 3368/4034/186 3369/4035/186 3370/4036/186 
f 3371/4037/186 3372/4038/186 3373/4039/186 3374/4040/186 
f 3375/4041/186 3376/4042/186 3377/4043/186 3378/4044/186 
f 3379/4045/186 3380/4046/186 3381/4047/186 3382/4048/186 
f 3383/4049/186 3384/4050/186 3385/4051/186 3386/4052/186 
f 3387/4053/186 3388/4054/186 3389/4055/186 3390/4056/186 
f 3391/4057/182 3392/4058/182 3393/4059/182 3394/4060/182 
f 3395/4061/182 3396/4062/182 3397/4063/182 3398/4064/182 
f 3399/4065/182 3400/4066/182 3401/4067/182 3402/4068/182 
f 3403/4069/182 3404/4070/182 3405/4071/182 3406/4072/182 
f 3407/4073/182 3408/4074/182 3409/4075/182 3410/4076/182 
f 3411/4077/182 3412/4078/182 3413/4079/182 3414/4080/182 
f 3415/4081/187 3416/4082/187 3417/4083/186 3418/4084/186 
f 3419/4085/187 3420/4086/187 3421/4087/186 3422/4088/186 
f 3417/4083/186 3423/4089/188 3424/4090/188 3418/4084/186 
f 3421/4087/186 3425/4091/188 3426/4092/188 3422/4088/186 
f 3427/4093/188 3428/4094/182 3429/4095/182 3430/4096/188 
f 3431/4097/188 3432/4098/182 3433/4099/182 3434/4100/188 
f 3429/4095/182 3428/4094/182 3435/4101/187 3436/4102/187 
f 3433/4099/182 3432/4098/182 3437/4103/187 3438/4104/187 
# 68 polygons

