# 3ds Max Wavefront OBJ Exporter v0.97b - (c)2007 guruware
# File Created: 14.08.2026 18:33:11

mtllib stargate_a_building.mtl

#
# object stargate_a_color
#

v  -1.6660 -3.8777 28.1928
v  -1.6660 -3.8716 14.4314
v  1.3812 -3.8716 14.4314
v  1.3812 -3.8777 28.1928
v  -1.9111 -3.6264 14.4314
v  -1.9111 3.6264 14.4314
v  -1.6660 3.8716 14.4314
v  1.3812 3.8716 14.4314
v  1.6263 3.6264 14.4314
v  1.6263 -3.6264 14.4314
v  -1.6660 3.7209 28.1928
v  1.3812 3.7209 28.1928
v  -0.5898 -11.2315 24.8860
v  0.3049 -11.2315 24.8860
v  0.3049 -11.2315 29.9554
v  -0.5898 -11.2315 29.9554
v  0.3049 11.0747 24.8860
v  -0.5898 11.0747 24.8860
v  -0.5898 11.0747 29.9554
v  0.3049 11.0747 29.9554
v  1.3812 -3.8777 33.2623
v  -1.6660 -3.8777 33.2623
v  -1.6660 3.7209 33.2623
v  1.3812 3.7209 33.2623
v  -1.6660 -22.4768 -17.4546
v  -1.6660 -10.5622 -10.5686
v  1.3812 -10.5622 -10.5686
v  1.3812 -22.4768 -17.4546
v  -1.9111 -10.6847 -10.3563
v  -1.9111 -14.3111 -4.0751
v  -1.6660 -14.4337 -3.8628
v  1.3812 -14.4337 -3.8628
v  1.6263 -14.3111 -4.0751
v  1.6263 -10.6847 -10.3563
v  -1.6660 -26.2762 -10.8740
v  1.3812 -26.2762 -10.8740
v  -0.5898 -15.9361 -22.1697
v  0.3049 -15.9361 -22.1697
v  0.3049 -20.3264 -24.7045
v  -0.5898 -20.3264 -24.7045
v  0.3049 -27.0892 -2.8520
v  -0.5898 -27.0892 -2.8520
v  -0.5898 -31.4795 -5.3868
v  0.3049 -31.4795 -5.3868
v  1.3812 -26.8671 -19.9894
v  -1.6660 -26.8671 -19.9894
v  -1.6660 -30.6665 -13.4087
v  1.3812 -30.6665 -13.4087
v  -1.6660 26.3546 -10.7382
v  -1.6660 14.4337 -3.8628
v  1.3812 14.4337 -3.8628
v  1.3812 26.3546 -10.7382
v  -1.9111 14.3111 -4.0751
v  -1.9111 10.6847 -10.3563
v  -1.6660 10.5622 -10.5686
v  1.3812 10.5622 -10.5686
v  1.6263 10.6847 -10.3563
v  1.6263 14.3111 -4.0751
v  -1.6660 22.5552 -17.3188
v  1.3812 22.5552 -17.3188
v  -0.5898 27.1676 -2.7162
v  0.3049 27.1676 -2.7162
v  0.3049 31.5579 -5.2510
v  -0.5898 31.5579 -5.2510
v  0.3049 16.0145 -22.0339
v  -0.5898 16.0145 -22.0339
v  -0.5898 20.4048 -24.5687
v  0.3049 20.4048 -24.5687
v  1.3812 30.7449 -13.2729
v  -1.6660 30.7449 -13.2729
v  -1.6660 26.9455 -19.8536
v  1.3812 26.9455 -19.8536
v  1.5853 15.1394 -4.0566
v  -1.5853 15.1394 -4.0566
v  -1.5853 15.6735 0.0000
v  1.5853 15.6735 0.0000
v  1.5853 13.5736 -7.8367
v  -1.5853 13.5736 -7.8367
v  1.5853 11.0828 -11.0828
v  -1.5853 11.0828 -11.0828
v  1.5853 7.8367 -13.5736
v  -1.5853 7.8367 -13.5736
v  1.5853 4.0566 -15.1394
v  -1.5853 4.0566 -15.1394
v  1.5853 0.0000 -15.6735
v  -1.5853 0.0000 -15.6735
v  1.5853 -15.1394 -4.0566
v  1.5853 -15.6735 0.0000
v  -1.5853 -15.6735 0.0000
v  -1.5853 -15.1394 -4.0566
v  1.5853 -13.5736 -7.8367
v  -1.5853 -13.5736 -7.8367
v  1.5853 -11.0828 -11.0828
v  -1.5853 -11.0828 -11.0828
v  1.5853 -7.8367 -13.5736
v  -1.5853 -7.8367 -13.5736
v  1.5853 -4.0566 -15.1394
v  -1.5853 -4.0566 -15.1394
v  1.5853 15.1394 4.0566
v  1.5853 15.6735 -0.0000
v  -1.5853 15.6735 -0.0000
v  -1.5853 15.1394 4.0566
v  1.5853 13.5736 7.8367
v  -1.5853 13.5736 7.8367
v  1.5853 11.0828 11.0828
v  -1.5853 11.0828 11.0828
v  1.5853 7.8367 13.5736
v  -1.5853 7.8367 13.5736
v  1.5853 4.0566 15.1394
v  -1.5853 4.0566 15.1394
v  1.5853 0.0000 15.6735
v  -1.5853 0.0000 15.6735
v  1.5853 -15.1394 4.0566
v  -1.5853 -15.1394 4.0566
v  -1.5853 -15.6735 -0.0000
v  1.5853 -15.6735 -0.0000
v  1.5853 -13.5736 7.8367
v  -1.5853 -13.5736 7.8367
v  1.5853 -11.0828 11.0828
v  -1.5853 -11.0828 11.0828
v  1.5853 -7.8367 13.5736
v  -1.5853 -7.8367 13.5736
v  1.5853 -4.0566 15.1394
v  -1.5853 -4.0566 15.1394
# 124 vertices

vn -0.0000 -0.5986 -0.8010
vn -0.0000 -0.5545 -0.8322
vn -0.0000 0.0000 -1.0000
vn -0.0000 0.5574 -0.8302
vn -0.0000 0.6038 -0.7971
vn -0.0000 -0.4895 -0.8720
vn 0.0000 -0.8252 0.5649
vn -0.0000 0.4895 -0.8720
vn 0.0000 0.8252 0.5649
vn 0.0000 -0.4101 0.9120
vn 0.0000 0.4101 0.9120
vn -0.0000 0.9930 -0.1181
vn -0.0000 0.9979 -0.0642
vn -0.0000 0.8660 0.5000
vn 0.0000 0.8660 0.5000
vn 0.0000 0.4402 0.8979
vn 0.0000 0.3882 0.9216
vn 0.0000 0.9999 0.0122
vn -0.0000 -0.0767 -0.9971
vn 0.0000 0.5104 0.8599
vn 0.0000 -0.9018 0.4322
vn -0.0000 -0.5848 -0.8112
vn -0.0000 -0.9949 -0.1008
vn 0.0000 -0.3943 0.9190
vn 0.0000 -0.4433 0.8963
vn 0.0000 -0.8660 0.5000
vn -0.0000 -0.8660 0.5000
vn -0.0000 -0.9977 -0.0676
vn -0.0000 -0.9922 -0.1244
vn 0.0000 -0.5104 0.8599
vn 0.0000 0.9018 0.4322
vn 0.0000 -0.9999 0.0122
vn -0.0000 0.0767 -0.9971
vn -0.0000 0.9949 -0.1008
vn -0.0000 0.5848 -0.8112
vn -0.0000 0.9659 -0.2588
vn -0.0000 0.9914 -0.1305
vn -0.0000 0.8660 -0.5000
vn -0.0000 0.7071 -0.7071
vn -0.0000 0.5000 -0.8660
vn -0.0000 0.2588 -0.9659
vn -0.0000 0.1305 -0.9914
vn -0.0000 -0.9659 -0.2588
vn -0.0000 -0.9914 -0.1305
vn -0.0000 -0.8660 -0.5000
vn -0.0000 -0.7071 -0.7071
vn -0.0000 -0.5000 -0.8660
vn -0.0000 -0.2588 -0.9659
vn -0.0000 -0.1305 -0.9914
vn 0.0000 0.9659 0.2588
vn 0.0000 0.9914 0.1305
vn 0.0000 0.7071 0.7071
vn -0.0000 0.5000 0.8660
vn 0.0000 0.2588 0.9659
vn 0.0000 0.1305 0.9914
vn 0.0000 -0.9659 0.2588
vn 0.0000 -0.9914 0.1305
vn 0.0000 -0.7071 0.7071
vn -0.0000 -0.5000 0.8660
vn 0.0000 -0.2588 0.9659
vn 0.0000 -0.1305 0.9914
# 61 vertex normals

vt 0.4833 0.7216 0.4608
vt 0.4833 0.5840 0.4609
vt 0.5138 0.5840 0.4609
vt 0.5138 0.7216 0.4608
vt 0.5167 0.4609 0.5840
vt 0.5191 0.4633 0.5840
vt 0.5191 0.5359 0.5840
vt 0.5167 0.5383 0.5840
vt 0.4862 0.5383 0.5840
vt 0.4837 0.5359 0.5840
vt 0.4837 0.4633 0.5840
vt 0.4862 0.4609 0.5840
vt 0.5167 0.5840 0.5383
vt 0.5167 0.7216 0.5368
vt 0.4862 0.7216 0.5368
vt 0.4862 0.5840 0.5383
vt 0.4941 0.6885 0.3873
vt 0.5030 0.6885 0.3873
vt 0.5030 0.7392 0.3873
vt 0.4941 0.7392 0.3873
vt 0.4970 0.6885 0.6104
vt 0.5059 0.6885 0.6104
vt 0.5059 0.7392 0.6104
vt 0.4970 0.7392 0.6104
vt 0.5167 0.4608 0.7216
vt 0.4862 0.4608 0.7216
vt 0.4970 0.3873 0.6885
vt 0.5059 0.3873 0.6885
vt 0.5138 0.4608 0.7723
vt 0.4833 0.4608 0.7723
vt 0.4941 0.3873 0.7392
vt 0.5030 0.3873 0.7392
vt 0.4862 0.5368 0.7216
vt 0.5167 0.5368 0.7216
vt 0.5059 0.6104 0.6885
vt 0.4970 0.6104 0.6885
vt 0.4833 0.5368 0.7723
vt 0.5138 0.5368 0.7723
vt 0.5030 0.6104 0.7392
vt 0.4941 0.6104 0.7392
vt 0.5167 0.2748 0.2651
vt 0.5167 0.3940 0.3340
vt 0.4862 0.3940 0.3340
vt 0.4862 0.2748 0.2651
vt 0.5167 0.3340 0.3940
vt 0.5191 0.3361 0.3928
vt 0.5191 0.3989 0.3565
vt 0.5167 0.4010 0.3553
vt 0.4862 0.4010 0.3553
vt 0.4837 0.3989 0.3565
vt 0.4837 0.3361 0.3928
vt 0.4862 0.3340 0.3940
vt 0.4833 0.3553 0.4010
vt 0.4833 0.2368 0.3309
vt 0.5138 0.2368 0.3309
vt 0.5138 0.3553 0.4010
vt 0.5059 0.3402 0.2180
vt 0.4970 0.3402 0.2180
vt 0.4970 0.2963 0.1926
vt 0.5059 0.2963 0.1926
vt 0.5030 0.2287 0.4111
vt 0.4941 0.2287 0.4111
vt 0.4941 0.1848 0.3858
vt 0.5030 0.1848 0.3858
vt 0.4833 0.2748 0.2651
vt 0.5138 0.2748 0.2651
vt 0.5030 0.3402 0.2180
vt 0.4941 0.3402 0.2180
vt 0.4862 0.2309 0.2398
vt 0.5167 0.2309 0.2398
vt 0.4862 0.3309 0.2368
vt 0.5167 0.3309 0.2368
vt 0.5059 0.4111 0.2287
vt 0.4970 0.4111 0.2287
vt 0.4833 0.3056 0.1929
vt 0.5138 0.3056 0.1929
vt 0.5030 0.3858 0.1848
vt 0.4941 0.3858 0.1848
vt 0.4833 0.7632 0.3323
vt 0.4833 0.6439 0.4010
vt 0.5138 0.6439 0.4010
vt 0.5138 0.7632 0.3323
vt 0.4833 0.4010 0.6439
vt 0.4809 0.3989 0.6427
vt 0.4809 0.3361 0.6065
vt 0.4833 0.3340 0.6052
vt 0.5138 0.3340 0.6052
vt 0.5163 0.3361 0.6065
vt 0.5163 0.3989 0.6427
vt 0.5138 0.4010 0.6439
vt 0.5167 0.6052 0.3340
vt 0.5167 0.7252 0.2665
vt 0.4862 0.7252 0.2665
vt 0.4862 0.6052 0.3340
vt 0.4941 0.7713 0.4125
vt 0.5030 0.7713 0.4125
vt 0.5030 0.8152 0.3872
vt 0.4941 0.8152 0.3872
vt 0.4970 0.6598 0.2193
vt 0.5059 0.6598 0.2193
vt 0.5059 0.7037 0.1940
vt 0.4970 0.7037 0.1940
vt 0.4833 0.3323 0.7632
vt 0.5138 0.3323 0.7632
vt 0.5030 0.4125 0.7713
vt 0.4941 0.4125 0.7713
vt 0.4862 0.3069 0.8071
vt 0.5167 0.3069 0.8071
vt 0.5059 0.3872 0.8152
vt 0.4970 0.3872 0.8152
vt 0.5138 0.7252 0.2665
vt 0.4833 0.7252 0.2665
vt 0.4941 0.6598 0.2193
vt 0.5030 0.6598 0.2193
vt 0.5167 0.7691 0.2411
vt 0.4862 0.7691 0.2411
vt 0.4841 0.3991 0.6510
vt 0.5159 0.3991 0.6510
vt 0.5159 0.4397 0.6563
vt 0.4841 0.4397 0.6563
vt 0.4841 0.3613 0.6353
vt 0.5159 0.3613 0.6353
vt 0.4841 0.3288 0.6104
vt 0.5159 0.3288 0.6104
vt 0.4841 0.5780 0.3039
vt 0.5159 0.5780 0.3039
vt 0.5159 0.6104 0.3288
vt 0.4841 0.6104 0.3288
vt 0.4841 0.5402 0.2883
vt 0.5159 0.5402 0.2883
vt 0.4841 0.4996 0.2829
vt 0.5159 0.4996 0.2829
vt 0.5159 0.3991 0.3482
vt 0.5159 0.4397 0.3429
vt 0.4841 0.4397 0.3429
vt 0.4841 0.3991 0.3482
vt 0.5159 0.3613 0.3639
vt 0.4841 0.3613 0.3639
vt 0.5159 0.3288 0.3888
vt 0.4841 0.3288 0.3888
vt 0.4841 0.4212 0.3039
vt 0.4841 0.3888 0.3288
vt 0.5159 0.3888 0.3288
vt 0.5159 0.4212 0.3039
vt 0.4841 0.4590 0.2883
vt 0.5159 0.4590 0.2883
vt 0.4841 0.4802 0.6510
vt 0.5159 0.4802 0.6510
vt 0.4841 0.5180 0.6353
vt 0.5159 0.5180 0.6353
vt 0.4841 0.5505 0.6104
vt 0.5159 0.5505 0.6104
vt 0.5159 0.5780 0.5754
vt 0.5159 0.6104 0.5505
vt 0.4841 0.6104 0.5505
vt 0.4841 0.5780 0.5754
vt 0.5159 0.5402 0.5911
vt 0.4841 0.5402 0.5911
vt 0.5159 0.4996 0.5964
vt 0.4841 0.4996 0.5964
vt 0.5159 0.4802 0.3482
vt 0.4841 0.4802 0.3482
vt 0.5159 0.5180 0.3639
vt 0.4841 0.5180 0.3639
vt 0.5159 0.5505 0.3888
vt 0.4841 0.5505 0.3888
vt 0.5159 0.4212 0.5754
vt 0.4841 0.4212 0.5754
vt 0.4841 0.3888 0.5505
vt 0.5159 0.3888 0.5505
vt 0.5159 0.4590 0.5911
vt 0.4841 0.4590 0.5911
# 172 texture coords

o stargate_a_color
g stargate_a_color
usemtl 02___Default
s 2
f 1/1/1 2/2/2 3/3/2 4/4/1 
s 4
f 2/5/2 5/6/3 6/7/3 7/8/4 8/9/4 9/10/3 10/11/3 3/12/2 
s 2
f 7/13/4 11/14/5 12/15/5 8/16/4 
s 1
f 13/17/6 14/18/6 15/19/7 16/20/7 
f 17/21/8 18/22/8 19/23/9 20/24/9 
s 4
f 1/25/1 4/26/1 14/27/6 13/28/6 
s 8
f 21/29/10 22/30/10 16/31/7 15/32/7 
s 4
f 12/33/5 11/34/5 18/35/8 17/36/8 
s 8
f 23/37/11 24/38/11 20/39/9 19/40/9 
s 2
f 25/41/12 26/42/13 27/43/13 28/44/12 
s 4
f 26/45/13 29/46/14 30/47/15 31/48/16 32/49/16 33/50/14 34/51/15 27/52/13 
s 2
f 31/53/16 35/54/17 36/55/17 32/56/16 
s 1
f 37/57/18 38/58/18 39/59/19 40/60/19 
f 41/61/20 42/62/20 43/63/21 44/64/21 
s 4
f 25/65/12 28/66/12 38/67/18 37/68/18 
s 8
f 45/69/22 46/70/22 40/60/19 39/59/19 
s 4
f 36/71/17 35/72/17 42/73/20 41/74/20 
s 8
f 47/75/23 48/76/23 44/77/21 43/78/21 
s 2
f 49/79/24 50/80/25 51/81/25 52/82/24 
s 4
f 50/83/25 53/84/26 54/85/27 55/86/28 56/87/28 57/88/26 58/89/27 51/90/25 
s 2
f 55/91/28 59/92/29 60/93/29 56/94/28 
s 1
f 61/95/30 62/96/30 63/97/31 64/98/31 
f 65/99/32 66/100/32 67/101/33 68/102/33 
s 4
f 49/103/24 52/104/24 62/105/30 61/106/30 
s 8
f 69/107/34 70/108/34 64/109/31 63/110/31 
s 4
f 60/111/29 59/112/29 66/113/32 65/114/32 
s 8
f 71/115/35 72/116/35 68/102/33 67/101/33 
s 1
f 73/117/36 74/118/36 75/119/37 76/120/37 
f 77/121/38 78/122/38 74/118/36 73/117/36 
f 79/123/39 80/124/39 78/122/38 77/121/38 
f 81/125/40 82/126/40 80/127/39 79/128/39 
f 83/129/41 84/130/41 82/126/40 81/125/40 
f 85/131/42 86/132/42 84/130/41 83/129/41 
f 87/133/43 88/134/44 89/135/44 90/136/43 
f 91/137/45 87/133/43 90/136/43 92/138/45 
f 93/139/46 91/137/45 92/138/45 94/140/46 
f 95/141/47 93/142/46 94/143/46 96/144/47 
f 97/145/48 95/141/47 96/144/47 98/146/48 
f 85/131/49 97/145/48 98/146/48 86/132/49 
f 99/147/50 100/120/51 101/119/51 102/148/50 
f 103/149/14 99/147/50 102/148/50 104/150/14 
f 105/151/52 103/149/14 104/150/14 106/152/52 
f 107/153/53 105/154/52 106/155/52 108/156/53 
f 109/157/54 107/153/53 108/156/53 110/158/54 
f 111/159/55 109/157/54 110/158/54 112/160/55 
f 113/161/56 114/162/56 115/135/57 116/134/57 
f 117/163/27 118/164/27 114/162/56 113/161/56 
f 119/165/58 120/166/58 118/164/27 117/163/27 
f 121/167/59 122/168/59 120/169/58 119/170/58 
f 123/171/60 124/172/60 122/168/59 121/167/59 
f 111/159/61 112/160/61 124/172/60 123/171/60 
# 51 polygons

#
# object stargate_a_boltz
#

v  -0.9731 3.7209 36.7718
v  -0.9731 -3.8777 36.7718
v  0.6883 -3.8777 36.7718
v  0.6883 3.7209 36.7718
v  -4.3624 3.7209 29.8534
v  -4.3624 -3.8777 29.8534
v  -4.3624 -3.8777 31.6017
v  -4.3624 3.7209 31.6017
v  4.0776 -3.8777 29.8534
v  4.0776 3.7209 29.8534
v  4.0776 3.7209 31.6017
v  4.0776 -3.8777 31.6017
v  -1.6660 3.7209 33.2623
v  -1.6660 -3.8777 33.2623
v  1.3812 -3.8777 33.2623
v  1.6263 -3.8777 33.0172
v  1.6263 3.7209 33.0172
v  1.3812 3.7209 33.2623
v  2.7154 1.7374 14.7738
v  -2.9303 1.7374 14.7738
v  -3.0422 1.7374 20.3434
v  2.7108 1.7374 20.3434
v  2.7154 -1.8001 14.7738
v  2.7108 -1.8001 20.3434
v  -3.0422 -1.8001 20.3434
v  -2.9303 -1.8001 14.7738
v  -1.9111 3.7209 28.4380
v  -1.9111 -3.8777 28.4380
v  -1.9111 -3.8777 33.0172
v  -1.9111 3.7209 33.0172
v  1.8293 -3.8777 28.3303
v  1.6263 -3.6326 28.1928
v  1.6263 3.7209 28.4380
v  1.6263 -3.8777 28.4380
v  -0.9731 29.9849 -21.6083
v  -0.9731 33.7842 -15.0277
v  0.6883 33.7842 -15.0277
v  0.6883 29.9849 -21.6083
v  -4.3624 23.9934 -18.1491
v  -4.3624 27.7927 -11.5685
v  -4.3624 29.3067 -12.4426
v  -4.3624 25.5074 -19.0233
v  4.0776 27.7927 -11.5685
v  4.0776 23.9934 -18.1491
v  4.0776 25.5074 -19.0233
v  4.0776 29.3067 -12.4426
v  -1.6660 26.9455 -19.8536
v  -1.6660 30.7449 -13.2729
v  1.3812 30.7449 -13.2729
v  1.6263 30.5326 -13.1504
v  1.6263 26.7332 -19.7310
v  1.3812 26.9455 -19.8536
v  2.7154 11.9258 -8.8915
v  -2.9303 11.9258 -8.8915
v  -3.0422 16.7492 -11.6763
v  2.7108 16.7492 -11.6763
v  2.7154 13.6945 -5.8279
v  2.7108 18.5179 -8.6128
v  -3.0422 18.5179 -8.6128
v  -2.9303 13.6945 -5.8279
v  -1.9111 22.7675 -17.4414
v  -1.9111 26.5669 -10.8608
v  -1.9111 30.5326 -13.1504
v  -1.9111 26.7332 -19.7310
v  1.8293 26.4736 -10.8069
v  1.6263 26.2320 -10.9505
v  1.6263 22.7675 -17.4414
v  1.6263 26.5669 -10.8608
v  -0.9731 -33.7058 -15.1635
v  -0.9731 -29.9065 -21.7441
v  0.6883 -29.9065 -21.7441
v  0.6883 -33.7058 -15.1635
v  -4.3624 -27.7143 -11.7043
v  -4.3624 -23.9150 -18.2849
v  -4.3624 -25.4290 -19.1591
v  -4.3624 -29.2283 -12.5784
v  4.0776 -23.9150 -18.2849
v  4.0776 -27.7143 -11.7043
v  4.0776 -29.2283 -12.5784
v  4.0776 -25.4290 -19.1591
v  -1.6660 -30.6665 -13.4087
v  -1.6660 -26.8671 -19.9894
v  1.3812 -26.8671 -19.9894
v  1.6263 -26.6548 -19.8668
v  1.6263 -30.4542 -13.2862
v  1.3812 -30.6665 -13.4087
v  2.7154 -13.6631 -5.8823
v  -2.9303 -13.6631 -5.8823
v  -3.0422 -18.4866 -8.6671
v  2.7108 -18.4866 -8.6671
v  2.7154 -11.8944 -8.9458
v  2.7108 -16.7178 -11.7306
v  -3.0422 -16.7178 -11.7306
v  -2.9303 -11.8944 -8.9458
v  -1.9111 -26.4885 -10.9966
v  -1.9111 -22.6891 -17.5772
v  -1.9111 -26.6548 -19.8668
v  -1.9111 -30.4542 -13.2862
v  1.8293 -22.5959 -17.5234
v  1.6263 -22.5994 -17.2423
v  1.6263 -26.4885 -10.9966
v  1.6263 -22.6891 -17.5772
# 102 vertices

vn -0.5134 0.5883 0.6247
vn -0.5134 -0.5883 0.6247
vn 0.5134 -0.5883 0.6247
vn 0.5134 0.5883 0.6247
vn -0.6863 0.6100 -0.3961
vn -0.6863 -0.6100 -0.3961
vn -0.6863 -0.6100 0.3961
vn -0.6863 0.6100 0.3961
vn 0.6964 -0.6153 -0.3693
vn 0.6863 0.6100 -0.3961
vn 0.6863 0.6100 0.3961
vn 0.6863 -0.6100 0.3961
vn -0.7380 0.6589 0.1457
vn -0.7380 -0.6589 0.1457
vn 0.0000 -1.0000 0.0000
vn 0.5770 -0.3187 0.7520
vn 0.5770 0.3187 0.7520
vn 0.0000 1.0000 0.0000
vn 0.7072 0.7070 0.0006
vn -0.7025 0.7116 -0.0141
vn -0.5836 0.5763 0.5720
vn 0.5772 0.5774 0.5775
vn 0.7074 -0.7068 0.0006
vn 0.5770 -0.5774 0.5776
vn -0.5836 -0.5763 0.5720
vn -0.7025 -0.7116 -0.0141
vn -0.4161 0.5548 -0.7205
vn -0.4161 -0.5548 -0.7205
vn -0.4161 -0.5548 0.7205
vn -0.4161 0.5548 0.7205
vn 0.4224 -0.6579 -0.6235
vn 0.5829 0.0271 -0.8121
vn 0.4118 0.5672 -0.7132
vn -0.5135 0.2469 -0.8218
vn -0.5134 0.8352 0.1971
vn 0.5134 0.8352 0.1971
vn 0.5135 0.2469 -0.8218
vn -0.6863 -0.6481 -0.3302
vn -0.6863 -0.0381 0.7264
vn -0.6863 0.6481 0.3302
vn -0.6863 0.0381 -0.7264
vn 0.6964 -0.0123 0.7175
vn 0.6863 -0.6481 -0.3302
vn 0.6863 0.0381 -0.7264
vn 0.6863 0.6481 0.3302
vn -0.7379 -0.2033 -0.6435
vn -0.7380 0.4556 0.4978
vn 0.0000 0.5000 0.8660
vn 0.5771 0.8106 -0.1000
vn 0.5771 0.4919 -0.6520
vn -0.0000 -0.5000 -0.8660
vn 0.7072 -0.3530 -0.6126
vn -0.7025 -0.3680 -0.6092
vn -0.5836 0.2073 -0.7851
vn 0.5772 0.2115 -0.7888
vn 0.7074 0.3539 0.6118
vn 0.5770 0.7889 0.2113
vn -0.5836 0.7836 0.2131
vn -0.7025 0.3436 0.6233
vn -0.4161 -0.9014 -0.1201
vn -0.4161 -0.3467 0.8406
vn -0.4161 0.9014 0.1201
vn -0.4161 0.3467 -0.8406
vn 0.4224 -0.2110 0.8815
vn 0.5829 -0.7168 0.3826
vn 0.4118 -0.9013 -0.1346
vn -0.5135 -0.8351 0.1972
vn -0.5135 -0.2468 -0.8218
vn 0.5135 -0.2468 -0.8218
vn 0.5135 -0.8351 0.1972
vn -0.6863 0.0381 0.7264
vn -0.6863 0.6481 -0.3302
vn -0.6863 -0.0381 -0.7264
vn -0.6863 -0.6481 0.3302
vn 0.6964 0.6275 -0.3482
vn 0.6863 0.0381 0.7264
vn 0.6863 -0.6481 0.3302
vn 0.6863 -0.0381 -0.7264
vn -0.7380 -0.4556 0.4978
vn -0.7380 0.2033 -0.6435
vn 0.0000 0.5000 -0.8660
vn 0.5771 -0.4919 -0.6520
vn 0.5771 -0.8106 -0.1000
vn -0.0000 -0.5000 0.8660
vn 0.7072 -0.3540 0.6120
vn -0.7024 -0.3436 0.6234
vn -0.5837 -0.7835 0.2131
vn 0.5771 -0.7889 0.2113
vn 0.7074 0.3529 -0.6124
vn 0.5771 -0.2115 -0.7888
vn -0.5836 -0.2073 -0.7851
vn -0.7025 0.3680 -0.6091
vn -0.4161 0.3467 0.8406
vn -0.4161 0.9014 -0.1201
vn -0.4161 -0.3467 -0.8406
vn -0.4161 -0.9014 0.1202
vn 0.4224 0.8689 -0.2580
vn 0.5829 0.6898 0.4295
vn 0.4118 0.3340 0.8478
vn -0.0000 0.5000 -0.8660
# 100 vertex normals

vt 0.4903 0.5368 0.8074
vt 0.4903 0.4608 0.8074
vt 0.5069 0.4608 0.8074
vt 0.5069 0.5368 0.8074
vt 0.4632 0.7382 0.4564
vt 0.5392 0.7382 0.4564
vt 0.5392 0.7557 0.4564
vt 0.4632 0.7557 0.4564
vt 0.4608 0.7382 0.5408
vt 0.5368 0.7382 0.5408
vt 0.5368 0.7557 0.5408
vt 0.4608 0.7557 0.5408
vt 0.4632 0.7723 0.4833
vt 0.5392 0.7723 0.4833
vt 0.5392 0.8074 0.4903
vt 0.4632 0.8074 0.4903
vt 0.4833 0.7723 0.4608
vt 0.5138 0.7723 0.4608
vt 0.5069 0.8074 0.4608
vt 0.4903 0.8074 0.4608
vt 0.4608 0.7723 0.5138
vt 0.4608 0.7698 0.5163
vt 0.5368 0.7698 0.5163
vt 0.5368 0.7723 0.5138
vt 0.5368 0.8074 0.5069
vt 0.4608 0.8074 0.5069
vt 0.4862 0.7723 0.5368
vt 0.5167 0.7723 0.5368
vt 0.5097 0.8074 0.5368
vt 0.4931 0.8074 0.5368
vt 0.4728 0.5874 0.5170
vt 0.5293 0.5874 0.5170
vt 0.5304 0.6431 0.5170
vt 0.4729 0.6431 0.5170
vt 0.5272 0.5874 0.4816
vt 0.5271 0.6431 0.4816
vt 0.4696 0.6431 0.4816
vt 0.4707 0.5874 0.4816
vt 0.5170 0.5874 0.5272
vt 0.5170 0.6431 0.5271
vt 0.4816 0.6431 0.5271
vt 0.4816 0.5874 0.5272
vt 0.5271 0.5170 0.6431
vt 0.4696 0.5170 0.6431
vt 0.4696 0.4816 0.6431
vt 0.5271 0.4816 0.6431
vt 0.4830 0.6431 0.4696
vt 0.4830 0.5874 0.4707
vt 0.5184 0.5874 0.4707
vt 0.5184 0.6431 0.4696
vt 0.5191 0.5368 0.7240
vt 0.5191 0.4608 0.7240
vt 0.5436 0.4608 0.7382
vt 0.5436 0.5368 0.7382
vt 0.4809 0.7240 0.4608
vt 0.4809 0.7698 0.4608
vt 0.4564 0.7557 0.4608
vt 0.4564 0.7382 0.4608
vt 0.4809 0.4608 0.7698
vt 0.4809 0.5368 0.7698
vt 0.4564 0.5368 0.7557
vt 0.4564 0.4608 0.7557
vt 0.5191 0.7698 0.5368
vt 0.5191 0.7240 0.5368
vt 0.5436 0.7382 0.5368
vt 0.5436 0.7557 0.5368
vt 0.4817 0.4608 0.7230
vt 0.4837 0.4633 0.7216
vt 0.4837 0.5368 0.7240
vt 0.4592 0.5368 0.7382
vt 0.4592 0.4608 0.7382
vt 0.4837 0.7240 0.5368
vt 0.4837 0.7698 0.5368
vt 0.4592 0.7557 0.5368
vt 0.4592 0.7382 0.5368
vt 0.5163 0.5368 0.7698
vt 0.5163 0.4608 0.7698
vt 0.5408 0.4608 0.7557
vt 0.5408 0.5368 0.7557
vt 0.5163 0.7698 0.4608
vt 0.5163 0.7240 0.4608
vt 0.5183 0.7230 0.4608
vt 0.5408 0.7382 0.4608
vt 0.5408 0.7557 0.4608
vt 0.5097 0.2236 0.7995
vt 0.5097 0.2894 0.8375
vt 0.4931 0.2894 0.8375
vt 0.4931 0.2236 0.7995
vt 0.2605 0.2582 0.4564
vt 0.2225 0.3240 0.4564
vt 0.2073 0.3152 0.4564
vt 0.2453 0.2494 0.4564
vt 0.7775 0.3240 0.5408
vt 0.7395 0.2582 0.5408
vt 0.7547 0.2494 0.5408
vt 0.7927 0.3152 0.5408
vt 0.2309 0.2411 0.4833
vt 0.1929 0.3069 0.4833
vt 0.1625 0.2894 0.4903
vt 0.2005 0.2236 0.4903
vt 0.4833 0.8071 0.3069
vt 0.5138 0.8071 0.3069
vt 0.5069 0.8375 0.2894
vt 0.4903 0.8375 0.2894
vt 0.8071 0.3069 0.5138
vt 0.8049 0.3082 0.5163
vt 0.7669 0.2424 0.5163
vt 0.7691 0.2411 0.5138
vt 0.7995 0.2236 0.5069
vt 0.8375 0.2894 0.5069
vt 0.4862 0.7691 0.2411
vt 0.5167 0.7691 0.2411
vt 0.5097 0.7995 0.2236
vt 0.4931 0.7995 0.2236
vt 0.4728 0.6189 0.3507
vt 0.5293 0.6189 0.3507
vt 0.5304 0.6671 0.3229
vt 0.4729 0.6671 0.3229
vt 0.5272 0.6366 0.3814
vt 0.5271 0.6848 0.3535
vt 0.4696 0.6848 0.3535
vt 0.4707 0.6366 0.3814
vt 0.6189 0.3507 0.5272
vt 0.6671 0.3229 0.5271
vt 0.6848 0.3535 0.5271
vt 0.6366 0.3814 0.5272
vt 0.4729 0.3229 0.6671
vt 0.5304 0.3229 0.6671
vt 0.5304 0.3535 0.6848
vt 0.4729 0.3535 0.6848
vt 0.3329 0.3229 0.4696
vt 0.3811 0.3507 0.4707
vt 0.3634 0.3814 0.4707
vt 0.3152 0.3535 0.4696
vt 0.4809 0.2652 0.7273
vt 0.4809 0.3311 0.7653
vt 0.4564 0.3240 0.7775
vt 0.4564 0.2582 0.7395
vt 0.4809 0.7653 0.3311
vt 0.4809 0.8049 0.3082
vt 0.4564 0.7927 0.3152
vt 0.4564 0.7775 0.3240
vt 0.5191 0.3082 0.8049
vt 0.5191 0.2424 0.7669
vt 0.5436 0.2494 0.7547
vt 0.5436 0.3152 0.7927
vt 0.5191 0.7669 0.2424
vt 0.5191 0.7273 0.2652
vt 0.5436 0.7395 0.2582
vt 0.5436 0.7547 0.2494
vt 0.5183 0.3316 0.7643
vt 0.5163 0.3302 0.7619
vt 0.5163 0.2652 0.7273
vt 0.5408 0.2582 0.7395
vt 0.5408 0.3240 0.7775
vt 0.4837 0.7273 0.2652
vt 0.4837 0.7669 0.2424
vt 0.4592 0.7547 0.2494
vt 0.4592 0.7395 0.2582
vt 0.4837 0.2424 0.7669
vt 0.4837 0.3082 0.8049
vt 0.4592 0.3152 0.7927
vt 0.4592 0.2494 0.7547
vt 0.5163 0.8049 0.3082
vt 0.5163 0.7653 0.3311
vt 0.5183 0.7643 0.3316
vt 0.5408 0.7775 0.3240
vt 0.5408 0.7927 0.3152
vt 0.4903 0.2880 0.1625
vt 0.4903 0.2222 0.2005
vt 0.5069 0.2222 0.2005
vt 0.5069 0.2880 0.1625
vt 0.7775 0.3226 0.4564
vt 0.7395 0.2568 0.4564
vt 0.7547 0.2481 0.4564
vt 0.7927 0.3139 0.4564
vt 0.2605 0.2568 0.5408
vt 0.2225 0.3226 0.5408
vt 0.2073 0.3139 0.5408
vt 0.2453 0.2481 0.5408
vt 0.8071 0.3056 0.4833
vt 0.7691 0.2398 0.4833
vt 0.7995 0.2222 0.4903
vt 0.8375 0.2880 0.4903
vt 0.5167 0.2309 0.2398
vt 0.4862 0.2309 0.2398
vt 0.4931 0.2005 0.2222
vt 0.5097 0.2005 0.2222
vt 0.2309 0.2398 0.5138
vt 0.2331 0.2410 0.5163
vt 0.1951 0.3068 0.5163
vt 0.1929 0.3056 0.5138
vt 0.1625 0.2880 0.5069
vt 0.2005 0.2222 0.5069
vt 0.5138 0.1929 0.3056
vt 0.4833 0.1929 0.3056
vt 0.4903 0.1625 0.2880
vt 0.5069 0.1625 0.2880
vt 0.5272 0.3630 0.3808
vt 0.4707 0.3630 0.3808
vt 0.4696 0.3147 0.3530
vt 0.5271 0.3147 0.3530
vt 0.4728 0.3807 0.3502
vt 0.4729 0.3324 0.3224
vt 0.5304 0.3324 0.3224
vt 0.5293 0.3807 0.3502
vt 0.3630 0.3808 0.5272
vt 0.3147 0.3530 0.5271
vt 0.3324 0.3224 0.5271
vt 0.3807 0.3502 0.5272
vt 0.5271 0.3530 0.3147
vt 0.4696 0.3530 0.3147
vt 0.4696 0.3224 0.3324
vt 0.5271 0.3224 0.3324
vt 0.6853 0.3530 0.4696
vt 0.6370 0.3808 0.4707
vt 0.6193 0.3502 0.4707
vt 0.6676 0.3224 0.4696
vt 0.5191 0.3297 0.2347
vt 0.5191 0.2639 0.2727
vt 0.5436 0.2568 0.2605
vt 0.5436 0.3226 0.2225
vt 0.5191 0.2727 0.2639
vt 0.5191 0.2331 0.2410
vt 0.5436 0.2453 0.2481
vt 0.5436 0.2605 0.2568
vt 0.4809 0.2410 0.2331
vt 0.4809 0.3068 0.1951
vt 0.4564 0.3139 0.2073
vt 0.4564 0.2481 0.2453
vt 0.4809 0.1951 0.3068
vt 0.4809 0.2347 0.3297
vt 0.4564 0.2225 0.3226
vt 0.4564 0.2073 0.3139
vt 0.4817 0.2644 0.2736
vt 0.4837 0.2672 0.2736
vt 0.4837 0.3297 0.2347
vt 0.4592 0.3226 0.2225
vt 0.4592 0.2568 0.2605
vt 0.5163 0.2347 0.3297
vt 0.5163 0.1951 0.3068
vt 0.5408 0.2073 0.3139
vt 0.5408 0.2225 0.3226
vt 0.5163 0.3068 0.1951
vt 0.5163 0.2410 0.2331
vt 0.5408 0.2481 0.2453
vt 0.5408 0.3139 0.2073
vt 0.4837 0.2331 0.2410
vt 0.4837 0.2727 0.2639
vt 0.4817 0.2736 0.2644
vt 0.4592 0.2605 0.2568
vt 0.4592 0.2453 0.2481
# 252 texture coords

o stargate_a_boltz
g stargate_a_boltz
usemtl 04___Default
s 1
f 125/173/62 126/174/63 127/175/64 128/176/65 
f 129/177/66 130/178/67 131/179/68 132/180/69 
f 133/181/70 134/182/71 135/183/72 136/184/73 
s 2
f 137/185/74 138/186/75 126/187/63 125/188/62 
s 4
f 138/189/75 139/190/76 127/191/64 126/192/63 
s 2
f 139/193/76 140/194/77 141/195/78 142/196/79 128/197/65 127/198/64 
s 4
f 142/199/79 137/200/74 125/201/62 128/202/65 
s 1
f 143/203/80 144/204/81 145/205/82 146/206/83 
f 147/207/84 148/208/85 149/209/86 150/210/87 
s 2
f 143/211/80 146/212/83 148/213/85 147/214/84 
s 4
f 146/215/83 145/216/82 149/217/86 148/218/85 
s 2
f 145/219/82 144/220/81 150/221/87 149/222/86 
s 8
f 151/223/88 152/224/89 130/225/67 129/226/66 
s 16
f 152/227/89 153/228/90 131/229/68 130/230/67 
s 32
f 153/231/90 154/232/91 132/233/69 131/234/68 
s 16
f 154/235/91 151/236/88 129/237/66 132/238/69 
s 8
f 155/239/92 156/240/93 157/241/94 134/242/71 133/243/70 
s 16
f 157/244/94 141/245/78 135/246/72 134/247/71 
s 8
f 141/248/78 140/249/77 136/250/73 135/251/72 
s 4
f 140/252/77 158/253/76 155/254/92 133/255/70 136/256/73 
s 1
f 159/257/95 160/258/96 161/259/97 162/260/98 
f 163/261/99 164/262/100 165/263/101 166/264/102 
f 167/265/103 168/266/104 169/267/105 170/268/106 
s 2
f 171/269/107 172/270/108 160/271/96 159/272/95 
s 4
f 172/273/108 173/274/109 161/275/97 160/276/96 
s 2
f 173/277/109 174/278/110 175/279/111 176/280/112 162/281/98 161/282/97 
s 4
f 176/283/112 171/284/107 159/285/95 162/286/98 
s 1
f 177/287/113 178/288/114 179/289/115 180/290/116 
f 181/291/117 182/292/118 183/293/119 184/294/120 
s 2
f 177/295/113 180/296/116 182/297/118 181/298/117 
s 4
f 180/299/116 179/300/115 183/301/119 182/302/118 
s 2
f 179/303/115 178/304/114 184/305/120 183/306/119 
s 8
f 185/307/121 186/308/122 164/309/100 163/310/99 
s 16
f 186/311/122 187/312/123 165/313/101 164/314/100 
s 32
f 187/315/123 188/316/124 166/317/102 165/318/101 
s 16
f 188/319/124 185/320/121 163/321/99 166/322/102 
s 8
f 189/323/125 190/324/126 191/325/127 168/326/104 167/327/103 
s 16
f 191/328/127 175/329/111 169/330/105 168/331/104 
s 8
f 175/332/111 174/333/110 170/334/106 169/335/105 
s 4
f 174/336/110 192/337/109 189/338/125 167/339/103 170/340/106 
s 1
f 193/341/128 194/342/129 195/343/130 196/344/131 
f 197/345/132 198/346/133 199/347/134 200/348/135 
f 201/349/136 202/350/137 203/351/138 204/352/139 
s 2
f 205/353/140 206/354/141 194/355/129 193/356/128 
s 4
f 206/357/141 207/358/142 195/359/130 194/360/129 
s 2
f 207/361/142 208/362/143 209/363/144 210/364/145 196/365/131 195/366/130 
s 4
f 210/367/145 205/368/140 193/369/128 196/370/131 
s 1
f 211/371/146 212/372/147 213/373/148 214/374/149 
f 215/375/150 216/376/151 217/377/152 218/378/153 
s 2
f 211/379/146 214/380/149 216/381/151 215/382/150 
s 4
f 214/383/149 213/384/148 217/385/152 216/386/151 
s 2
f 213/387/148 212/388/147 218/389/153 217/390/152 
s 8
f 219/391/154 220/392/155 198/393/133 197/394/132 
s 16
f 220/395/155 221/396/156 199/397/134 198/398/133 
s 32
f 221/399/156 222/400/157 200/401/135 199/402/134 
s 16
f 222/403/157 219/404/154 197/405/132 200/406/135 
s 8
f 223/407/158 224/408/159 225/409/160 202/410/137 201/411/136 
s 16
f 225/412/160 209/413/144 203/414/138 202/415/137 
s 8
f 209/416/144 208/417/143 204/418/139 203/419/138 
s 4
f 208/420/143 226/421/161 223/422/158 201/423/136 204/424/139 
# 60 polygons

#
# object stargate_a_emissive
#

v  1.3812 -3.8777 28.1928
v  1.6263 -3.6326 28.1928
v  1.8293 -3.8777 28.3303
v  1.6263 -3.8777 28.4380
v  -1.9111 3.7209 28.4380
v  -1.6660 3.7209 28.1928
v  -1.6660 3.8716 14.4314
v  -1.9111 3.6264 14.4314
v  -1.9111 -3.6264 14.4314
v  -1.6660 -3.8716 14.4314
v  -1.6660 -3.8777 28.1928
v  -1.9111 -3.8777 28.4380
v  1.3812 -3.8716 14.4314
v  1.6263 -3.6264 14.4314
v  1.6263 3.6264 14.4314
v  1.3812 3.8716 14.4314
v  1.3812 3.7209 28.1928
v  1.6263 3.7209 28.4380
v  -1.6660 3.7209 33.2623
v  -1.9111 3.7209 33.0172
v  -1.9111 -3.8777 33.0172
v  -1.6660 -3.8777 33.2623
v  -0.5898 -11.2315 24.8860
v  -0.8704 -10.9889 25.2633
v  0.5856 -10.9889 25.2633
v  0.3049 -11.2315 24.8860
v  1.6263 -3.8777 33.0172
v  1.3812 -3.8777 33.2623
v  0.3049 -11.2315 29.9554
v  0.5856 -10.9889 29.7962
v  -0.8704 -10.9889 29.7962
v  -0.5898 -11.2315 29.9554
v  0.3049 11.0747 24.8860
v  0.5856 10.8321 25.2633
v  -0.8704 10.8321 25.2633
v  -0.5898 11.0747 24.8860
v  -0.5898 11.0747 29.9554
v  -0.8704 10.8321 29.7962
v  1.3812 3.7209 33.2623
v  1.6263 3.7209 33.0172
v  0.5856 10.8321 29.7962
v  0.3049 11.0747 29.9554
v  1.3812 -22.4768 -17.4546
v  1.6263 -22.5994 -17.2423
v  1.8293 -22.5959 -17.5234
v  1.6263 -22.6891 -17.5772
v  -1.9111 -26.4885 -10.9966
v  -1.6660 -26.2762 -10.8740
v  -1.6660 -14.4337 -3.8628
v  -1.9111 -14.3111 -4.0751
v  -1.9111 -10.6847 -10.3563
v  -1.6660 -10.5622 -10.5686
v  -1.6660 -22.4768 -17.4546
v  -1.9111 -22.6891 -17.5772
v  1.3812 -10.5622 -10.5686
v  1.6263 -10.6847 -10.3563
v  1.6263 -14.3111 -4.0751
v  1.3812 -14.4337 -3.8628
v  1.3812 -26.2762 -10.8740
v  1.6263 -26.4885 -10.9966
v  -1.6660 -30.6665 -13.4087
v  -1.9111 -30.4542 -13.2862
v  -1.9111 -26.6548 -19.8668
v  -1.6660 -26.8671 -19.9894
v  -0.5898 -15.9361 -22.1697
v  -0.8704 -16.3842 -22.1484
v  0.5856 -16.3842 -22.1484
v  0.3049 -15.9361 -22.1697
v  1.6263 -26.6548 -19.8668
v  1.3812 -26.8671 -19.9894
v  0.3049 -20.3264 -24.7045
v  0.5856 -20.3098 -24.4148
v  -0.8704 -20.3098 -24.4148
v  -0.5898 -20.3264 -24.7045
v  0.3049 -27.0892 -2.8520
v  0.5856 -27.2947 -3.2507
v  -0.8704 -27.2947 -3.2507
v  -0.5898 -27.0892 -2.8520
v  -0.5898 -31.4795 -5.3868
v  -0.8704 -31.2203 -5.5172
v  1.3812 -30.6665 -13.4087
v  1.6263 -30.4542 -13.2862
v  0.5856 -31.2203 -5.5172
v  0.3049 -31.4795 -5.3868
v  1.3812 26.3546 -10.7382
v  1.6263 26.2320 -10.9505
v  1.8293 26.4736 -10.8069
v  1.6263 26.5669 -10.8608
v  -1.9111 22.7675 -17.4414
v  -1.6660 22.5552 -17.3188
v  -1.6660 10.5622 -10.5686
v  -1.9111 10.6847 -10.3563
v  -1.9111 14.3111 -4.0751
v  -1.6660 14.4337 -3.8628
v  -1.6660 26.3546 -10.7382
v  -1.9111 26.5669 -10.8608
v  1.3812 14.4337 -3.8628
v  1.6263 14.3111 -4.0751
v  1.6263 10.6847 -10.3563
v  1.3812 10.5622 -10.5686
v  1.3812 22.5552 -17.3188
v  1.6263 22.7675 -17.4414
v  -1.6660 26.9455 -19.8536
v  -1.9111 26.7332 -19.7310
v  -1.9111 30.5326 -13.1504
v  -1.6660 30.7449 -13.2729
v  -0.5898 27.1676 -2.7162
v  -0.8704 27.3731 -3.1150
v  0.5856 27.3731 -3.1150
v  0.3049 27.1676 -2.7162
v  1.6263 30.5326 -13.1504
v  1.3812 30.7449 -13.2729
v  0.3049 31.5579 -5.2510
v  0.5856 31.2987 -5.3814
v  -0.8704 31.2987 -5.3814
v  -0.5898 31.5579 -5.2510
v  0.3049 16.0145 -22.0339
v  0.5856 16.4626 -22.0126
v  -0.8704 16.4626 -22.0126
v  -0.5898 16.0145 -22.0339
v  -0.5898 20.4048 -24.5687
v  -0.8704 20.3882 -24.2790
v  1.3812 26.9455 -19.8536
v  1.6263 26.7332 -19.7310
v  0.5856 20.3882 -24.2790
v  0.3049 20.4048 -24.5687
v  2.5247 13.9051 -0.4280
v  3.5826 11.3510 -0.4280
v  3.5826 11.0750 -2.5245
v  2.5247 13.5420 -3.1855
v  3.5826 11.3753 -0.5513
v  2.5247 8.8213 -0.5513
v  2.5247 8.6634 -1.7506
v  3.5826 11.1304 -2.4116
v  -2.5247 8.8213 -0.5513
v  -3.5826 11.3753 -0.5513
v  -3.5826 11.1304 -2.4116
v  -2.5247 8.6634 -1.7506
v  -3.5826 11.3510 -0.4280
v  -2.5247 13.9051 -0.4280
v  -2.5247 13.5420 -3.1855
v  -3.5826 11.0750 -2.5245
v  2.5247 13.3205 -4.0123
v  3.5826 10.8535 -3.3512
v  3.5826 10.0442 -5.3049
v  2.5247 12.2561 -6.5819
v  3.5826 10.8450 -3.4767
v  2.5247 8.3780 -2.8156
v  2.5247 7.9151 -3.9332
v  3.5826 10.1270 -5.2102
v  -2.5247 8.3780 -2.8156
v  -3.5826 10.8450 -3.4767
v  -3.5826 10.1270 -5.2102
v  -2.5247 7.9151 -3.9332
v  -3.5826 10.8535 -3.3512
v  -2.5247 13.3205 -4.0123
v  -2.5247 12.2561 -6.5819
v  -3.5826 10.0442 -5.3049
v  2.5247 11.8282 -7.3232
v  3.5826 9.6163 -6.0461
v  3.5826 8.3290 -7.7238
v  2.5247 10.1350 -9.5298
v  3.5826 9.5757 -6.1651
v  2.5247 7.3638 -4.8881
v  2.5247 6.6274 -5.8478
v  3.5826 8.4334 -7.6538
v  -2.5247 7.3638 -4.8881
v  -3.5826 9.5757 -6.1651
v  -3.5826 8.4334 -7.6538
v  -2.5247 6.6274 -5.8478
v  -3.5826 9.6163 -6.0461
v  -2.5247 11.8282 -7.3232
v  -2.5247 10.1350 -9.5298
v  -3.5826 8.3290 -7.7238
v  2.5247 9.5298 -10.1350
v  3.5826 7.7238 -8.3290
v  3.5826 6.0461 -9.6163
v  2.5247 7.3232 -11.8282
v  3.5826 7.6538 -8.4334
v  2.5247 5.8478 -6.6274
v  2.5247 4.8881 -7.3638
v  3.5826 6.1651 -9.5757
v  -2.5247 5.8478 -6.6274
v  -3.5826 7.6538 -8.4334
v  -3.5826 6.1651 -9.5757
v  -2.5247 4.8881 -7.3638
v  -3.5826 7.7238 -8.3290
v  -2.5247 9.5298 -10.1350
v  -2.5247 7.3232 -11.8282
v  -3.5826 6.0461 -9.6163
v  2.5247 6.5819 -12.2561
v  3.5826 5.3049 -10.0442
v  3.5826 3.3512 -10.8535
v  2.5247 4.0123 -13.3205
v  3.5826 5.2102 -10.1270
v  2.5247 3.9332 -7.9151
v  2.5247 2.8156 -8.3780
v  3.5826 3.4767 -10.8450
v  -2.5247 3.9332 -7.9151
v  -3.5826 5.2102 -10.1270
v  -3.5826 3.4767 -10.8450
v  -2.5247 2.8156 -8.3780
v  -3.5826 5.3049 -10.0442
v  -2.5247 6.5819 -12.2561
v  -2.5247 4.0123 -13.3205
v  -3.5826 3.3512 -10.8535
v  2.5247 3.1855 -13.5420
v  3.5826 2.5245 -11.0750
v  3.5826 0.4280 -11.3510
v  2.5247 0.4280 -13.9051
v  3.5826 2.4116 -11.1304
v  2.5247 1.7506 -8.6634
v  2.5247 0.5513 -8.8213
v  3.5826 0.5513 -11.3753
v  -2.5247 1.7506 -8.6634
v  -3.5826 2.4116 -11.1304
v  -3.5826 0.5513 -11.3753
v  -2.5247 0.5513 -8.8213
v  -3.5826 2.5245 -11.0750
v  -2.5247 3.1855 -13.5420
v  -2.5247 0.4280 -13.9051
v  -3.5826 0.4280 -11.3510
v  2.5247 -13.9051 -0.4280
v  2.5247 -13.5420 -3.1855
v  3.5826 -11.0750 -2.5245
v  3.5826 -11.3510 -0.4280
v  3.5826 -11.3753 -0.5513
v  3.5826 -11.1304 -2.4116
v  2.5247 -8.6634 -1.7506
v  2.5247 -8.8213 -0.5513
v  -2.5247 -8.8213 -0.5513
v  -2.5247 -8.6634 -1.7506
v  -3.5826 -11.1304 -2.4116
v  -3.5826 -11.3753 -0.5513
v  -3.5826 -11.3510 -0.4280
v  -3.5826 -11.0750 -2.5245
v  -2.5247 -13.5420 -3.1855
v  -2.5247 -13.9051 -0.4280
v  2.5247 -13.3205 -4.0123
v  2.5247 -12.2561 -6.5819
v  3.5826 -10.0442 -5.3049
v  3.5826 -10.8535 -3.3512
v  3.5826 -10.8450 -3.4767
v  3.5826 -10.1270 -5.2102
v  2.5247 -7.9151 -3.9332
v  2.5247 -8.3780 -2.8156
v  -2.5247 -8.3780 -2.8156
v  -2.5247 -7.9151 -3.9332
v  -3.5826 -10.1270 -5.2102
v  -3.5826 -10.8450 -3.4767
v  -3.5826 -10.8535 -3.3512
v  -3.5826 -10.0442 -5.3049
v  -2.5247 -12.2561 -6.5819
v  -2.5247 -13.3205 -4.0123
v  2.5247 -11.8282 -7.3232
v  2.5247 -10.1350 -9.5298
v  3.5826 -8.3290 -7.7238
v  3.5826 -9.6163 -6.0461
v  3.5826 -9.5757 -6.1651
v  3.5826 -8.4334 -7.6538
v  2.5247 -6.6274 -5.8478
v  2.5247 -7.3638 -4.8881
v  -2.5247 -7.3638 -4.8881
v  -2.5247 -6.6274 -5.8478
v  -3.5826 -8.4334 -7.6538
v  -3.5826 -9.5757 -6.1651
v  -3.5826 -9.6163 -6.0461
v  -3.5826 -8.3290 -7.7238
v  -2.5247 -10.1350 -9.5298
v  -2.5247 -11.8282 -7.3232
v  2.5247 -9.5298 -10.1350
v  2.5247 -7.3232 -11.8282
v  3.5826 -6.0461 -9.6163
v  3.5826 -7.7238 -8.3290
v  3.5826 -7.6538 -8.4334
v  3.5826 -6.1651 -9.5757
v  2.5247 -4.8881 -7.3638
v  2.5247 -5.8478 -6.6274
v  -2.5247 -5.8478 -6.6274
v  -2.5247 -4.8881 -7.3638
v  -3.5826 -6.1651 -9.5757
v  -3.5826 -7.6538 -8.4334
v  -3.5826 -7.7238 -8.3290
v  -3.5826 -6.0461 -9.6163
v  -2.5247 -7.3232 -11.8282
v  -2.5247 -9.5298 -10.1350
v  2.5247 -6.5819 -12.2561
v  2.5247 -4.0123 -13.3205
v  3.5826 -3.3512 -10.8535
v  3.5826 -5.3049 -10.0442
v  3.5826 -5.2102 -10.1270
v  3.5826 -3.4767 -10.8450
v  2.5247 -2.8156 -8.3780
v  2.5247 -3.9332 -7.9151
v  -2.5247 -3.9332 -7.9151
v  -2.5247 -2.8156 -8.3780
v  -3.5826 -3.4767 -10.8450
v  -3.5826 -5.2102 -10.1270
v  -3.5826 -5.3049 -10.0442
v  -3.5826 -3.3512 -10.8535
v  -2.5247 -4.0123 -13.3205
v  -2.5247 -6.5819 -12.2561
v  2.5247 -3.1855 -13.5420
v  2.5247 -0.4280 -13.9051
v  3.5826 -0.4280 -11.3510
v  3.5826 -2.5245 -11.0750
v  3.5826 -2.4116 -11.1304
v  3.5826 -0.5513 -11.3753
v  2.5247 -0.5513 -8.8213
v  2.5247 -1.7506 -8.6634
v  -2.5247 -1.7506 -8.6634
v  -2.5247 -0.5513 -8.8213
v  -3.5826 -0.5513 -11.3753
v  -3.5826 -2.4116 -11.1304
v  -3.5826 -2.5245 -11.0750
v  -3.5826 -0.4280 -11.3510
v  -2.5247 -0.4280 -13.9051
v  -2.5247 -3.1855 -13.5420
v  2.5247 13.9051 0.4280
v  2.5247 13.5420 3.1855
v  3.5826 11.0750 2.5245
v  3.5826 11.3510 0.4280
v  3.5826 11.3753 0.5513
v  3.5826 11.1304 2.4116
v  2.5247 8.6634 1.7506
v  2.5247 8.8213 0.5513
v  -2.5247 8.8213 0.5513
v  -2.5247 8.6634 1.7506
v  -3.5826 11.1304 2.4116
v  -3.5826 11.3753 0.5513
v  -3.5826 11.3510 0.4280
v  -3.5826 11.0750 2.5245
v  -2.5247 13.5420 3.1855
v  -2.5247 13.9051 0.4280
v  2.5247 13.3205 4.0123
v  2.5247 12.2561 6.5819
v  3.5826 10.0442 5.3049
v  3.5826 10.8535 3.3512
v  3.5826 10.8450 3.4767
v  3.5826 10.1270 5.2102
v  2.5247 7.9151 3.9332
v  2.5247 8.3780 2.8156
v  -2.5247 8.3780 2.8156
v  -2.5247 7.9151 3.9332
v  -3.5826 10.1270 5.2102
v  -3.5826 10.8450 3.4767
v  -3.5826 10.8535 3.3512
v  -3.5826 10.0442 5.3049
v  -2.5247 12.2561 6.5819
v  -2.5247 13.3205 4.0123
v  2.5247 11.8282 7.3232
v  2.5247 10.1350 9.5298
v  3.5826 8.3290 7.7238
v  3.5826 9.6163 6.0461
v  3.5826 9.5757 6.1651
v  3.5826 8.4334 7.6538
v  2.5247 6.6274 5.8478
v  2.5247 7.3638 4.8881
v  -2.5247 7.3638 4.8881
v  -2.5247 6.6274 5.8478
v  -3.5826 8.4334 7.6538
v  -3.5826 9.5757 6.1651
v  -3.5826 9.6163 6.0461
v  -3.5826 8.3290 7.7238
v  -2.5247 10.1350 9.5298
v  -2.5247 11.8282 7.3232
v  2.5247 9.5298 10.1350
v  2.5247 7.3232 11.8282
v  3.5826 6.0461 9.6163
v  3.5826 7.7238 8.3290
v  3.5826 7.6538 8.4334
v  3.5826 6.1651 9.5757
v  2.5247 4.8881 7.3638
v  2.5247 5.8478 6.6274
v  -2.5247 5.8478 6.6274
v  -2.5247 4.8881 7.3638
v  -3.5826 6.1651 9.5757
v  -3.5826 7.6538 8.4334
v  -3.5826 7.7238 8.3290
v  -3.5826 6.0461 9.6163
v  -2.5247 7.3232 11.8282
v  -2.5247 9.5298 10.1350
v  2.5247 6.5819 12.2561
v  2.5247 4.0123 13.3205
v  3.5826 3.3512 10.8535
v  3.5826 5.3049 10.0442
v  3.5826 5.2102 10.1270
v  3.5826 3.4767 10.8450
v  2.5247 2.8156 8.3780
v  2.5247 3.9332 7.9151
v  -2.5247 3.9332 7.9151
v  -2.5247 2.8156 8.3780
v  -3.5826 3.4767 10.8450
v  -3.5826 5.2102 10.1270
v  -3.5826 5.3049 10.0442
v  -3.5826 3.3512 10.8535
v  -2.5247 4.0123 13.3205
v  -2.5247 6.5819 12.2561
v  2.5247 3.1855 13.5420
v  2.5247 0.4280 13.9051
v  3.5826 0.4280 11.3510
v  3.5826 2.5245 11.0750
v  3.5826 2.4116 11.1304
v  3.5826 0.5513 11.3753
v  2.5247 0.5513 8.8213
v  2.5247 1.7506 8.6634
v  -2.5247 1.7506 8.6634
v  -2.5247 0.5513 8.8213
v  -3.5826 0.5513 11.3753
v  -3.5826 2.4116 11.1304
v  -3.5826 2.5245 11.0750
v  -3.5826 0.4280 11.3510
v  -2.5247 0.4280 13.9051
v  -2.5247 3.1855 13.5420
v  2.5247 -13.9051 0.4280
v  3.5826 -11.3510 0.4280
v  3.5826 -11.0750 2.5245
v  2.5247 -13.5420 3.1855
v  3.5826 -11.3753 0.5513
v  2.5247 -8.8213 0.5513
v  2.5247 -8.6634 1.7506
v  3.5826 -11.1304 2.4116
v  -2.5247 -8.8213 0.5513
v  -3.5826 -11.3753 0.5513
v  -3.5826 -11.1304 2.4116
v  -2.5247 -8.6634 1.7506
v  -3.5826 -11.3510 0.4280
v  -2.5247 -13.9051 0.4280
v  -2.5247 -13.5420 3.1855
v  -3.5826 -11.0750 2.5245
v  2.5247 -13.3205 4.0123
v  3.5826 -10.8535 3.3512
v  3.5826 -10.0442 5.3049
v  2.5247 -12.2561 6.5819
v  3.5826 -10.8450 3.4767
v  2.5247 -8.3780 2.8156
v  2.5247 -7.9151 3.9332
v  3.5826 -10.1270 5.2102
v  -2.5247 -8.3780 2.8156
v  -3.5826 -10.8450 3.4767
v  -3.5826 -10.1270 5.2102
v  -2.5247 -7.9151 3.9332
v  -3.5826 -10.8535 3.3512
v  -2.5247 -13.3205 4.0123
v  -2.5247 -12.2561 6.5819
v  -3.5826 -10.0442 5.3049
v  2.5247 -11.8282 7.3232
v  3.5826 -9.6163 6.0461
v  3.5826 -8.3290 7.7238
v  2.5247 -10.1350 9.5298
v  3.5826 -9.5757 6.1651
v  2.5247 -7.3638 4.8881
v  2.5247 -6.6274 5.8478
v  3.5826 -8.4334 7.6538
v  -2.5247 -7.3638 4.8881
v  -3.5826 -9.5757 6.1651
v  -3.5826 -8.4334 7.6538
v  -2.5247 -6.6274 5.8478
v  -3.5826 -9.6163 6.0461
v  -2.5247 -11.8282 7.3232
v  -2.5247 -10.1350 9.5298
v  -3.5826 -8.3290 7.7238
v  2.5247 -9.5298 10.1350
v  3.5826 -7.7238 8.3290
v  3.5826 -6.0461 9.6163
v  2.5247 -7.3232 11.8282
v  3.5826 -7.6538 8.4334
v  2.5247 -5.8478 6.6274
v  2.5247 -4.8881 7.3638
v  3.5826 -6.1651 9.5757
v  -2.5247 -5.8478 6.6274
v  -3.5826 -7.6538 8.4334
v  -3.5826 -6.1651 9.5757
v  -2.5247 -4.8881 7.3638
v  -3.5826 -7.7238 8.3290
v  -2.5247 -9.5298 10.1350
v  -2.5247 -7.3232 11.8282
v  -3.5826 -6.0461 9.6163
v  2.5247 -6.5819 12.2561
v  3.5826 -5.3049 10.0442
v  3.5826 -3.3512 10.8535
v  2.5247 -4.0123 13.3205
v  3.5826 -5.2102 10.1270
v  2.5247 -3.9332 7.9151
v  2.5247 -2.8156 8.3780
v  3.5826 -3.4767 10.8450
v  -2.5247 -3.9332 7.9151
v  -3.5826 -5.2102 10.1270
v  -3.5826 -3.4767 10.8450
v  -2.5247 -2.8156 8.3780
v  -3.5826 -5.3049 10.0442
v  -2.5247 -6.5819 12.2561
v  -2.5247 -4.0123 13.3205
v  -3.5826 -3.3512 10.8535
v  2.5247 -3.1855 13.5420
v  3.5826 -2.5245 11.0750
v  3.5826 -0.4280 11.3510
v  2.5247 -0.4280 13.9051
v  3.5826 -2.4116 11.1304
v  2.5247 -1.7506 8.6634
v  2.5247 -0.5513 8.8213
v  3.5826 -0.5513 11.3753
v  -2.5247 -1.7506 8.6634
v  -3.5826 -2.4116 11.1304
v  -3.5826 -0.5513 11.3753
v  -2.5247 -0.5513 8.8213
v  -3.5826 -2.5245 11.0750
v  -2.5247 -3.1855 13.5420
v  -2.5247 -0.4280 13.9051
v  -3.5826 -0.4280 11.3510
# 510 vertices

vn 0.7936 -0.3368 -0.5068
vn 0.5982 -0.5982 -0.5331
vn -0.3512 -0.6621 -0.6621
vn 0.4102 -0.8146 -0.4102
vn -0.6414 0.4211 -0.6414
vn -0.4917 0.7186 -0.4917
vn -0.7071 0.7071 0.0077
vn -0.7071 0.7071 -0.0048
vn -0.7070 -0.7070 -0.0127
vn -0.7071 -0.7071 -0.0003
vn -0.4967 -0.7117 -0.4967
vn -0.6426 -0.4174 -0.6426
vn 0.7071 -0.7071 -0.0003
vn 0.7071 0.7071 -0.0048
vn 0.7071 0.7071 0.0077
vn 0.4917 0.7186 -0.4917
vn 0.6414 0.4211 -0.6414
vn -0.6949 0.1850 0.6949
vn -0.6912 0.2108 0.6912
vn -0.6912 -0.2108 0.6912
vn -0.6949 -0.1850 0.6949
vn -0.8420 -0.3827 -0.3802
vn -0.8462 -0.3369 -0.4127
vn 0.8462 -0.3369 -0.4127
vn 0.8420 -0.3827 -0.3802
vn 0.6511 -0.3902 0.6511
vn 0.6516 -0.3884 0.6516
vn 0.7170 -0.6185 0.3216
vn 0.7180 -0.6067 0.3413
vn -0.7180 -0.6067 0.3413
vn -0.7170 -0.6185 0.3216
vn 0.8420 0.3827 -0.3802
vn 0.8462 0.3369 -0.4127
vn -0.8462 0.3369 -0.4127
vn -0.8420 0.3827 -0.3802
vn -0.7170 0.6185 0.3216
vn -0.7180 0.6067 0.3413
vn 0.6516 0.3884 0.6516
vn 0.6511 0.3902 0.6511
vn 0.7180 0.6067 0.3413
vn 0.7170 0.6185 0.3216
vn 0.7936 0.6073 -0.0383
vn 0.5982 0.7609 -0.2515
vn -0.3512 0.9044 -0.2423
vn 0.4102 0.7625 -0.5004
vn -0.6414 0.3449 0.6853
vn -0.4917 0.0665 0.8682
vn -0.7071 -0.3602 0.6085
vn -0.7071 -0.3494 0.6148
vn -0.7071 0.3645 -0.6060
vn -0.7071 0.3538 -0.6122
vn -0.4967 0.7860 -0.3680
vn -0.6426 0.7652 -0.0402
vn 0.7071 0.3538 -0.6122
vn 0.7071 -0.3494 0.6148
vn 0.7071 -0.3602 0.6085
vn 0.4917 0.0665 0.8682
vn 0.6414 0.3449 0.6853
vn -0.6949 -0.6943 -0.1873
vn -0.6912 -0.7040 -0.1630
vn -0.6912 -0.4932 -0.5282
vn -0.6949 -0.5093 -0.5076
vn -0.8420 0.5206 -0.1413
vn -0.8462 0.5259 -0.0854
vn 0.8462 0.5259 -0.0854
vn 0.8420 0.5206 -0.1413
vn 0.6511 -0.3687 -0.6634
vn 0.6516 -0.3701 -0.6621
vn 0.7170 0.0308 -0.6964
vn 0.7180 0.0078 -0.6960
vn -0.7180 0.0078 -0.6960
vn -0.7170 0.0308 -0.6964
vn 0.8420 0.1379 0.5215
vn 0.8462 0.1890 0.4982
vn -0.8462 0.1890 0.4982
vn -0.8420 0.1379 0.5215
vn -0.7170 -0.5877 0.3748
vn -0.7180 -0.5989 0.3548
vn 0.6516 -0.7585 0.0105
vn 0.6511 -0.7589 0.0124
vn 0.7180 -0.5989 0.3548
vn 0.7170 -0.5877 0.3748
vn 0.7936 -0.2704 0.5451
vn 0.5982 -0.1626 0.7847
vn -0.3512 -0.2423 0.9044
vn 0.4102 0.0521 0.9105
vn -0.6414 -0.7660 -0.0440
vn -0.4917 -0.7852 -0.3765
vn -0.7071 -0.3468 -0.6162
vn -0.7071 -0.3577 -0.6100
vn -0.7071 0.3425 0.6187
vn -0.7071 0.3533 0.6125
vn -0.4967 -0.0743 0.8647
vn -0.6426 -0.3478 0.6827
vn 0.7071 0.3533 0.6125
vn 0.7071 -0.3577 -0.6100
vn 0.7071 -0.3468 -0.6162
vn 0.4917 -0.7852 -0.3765
vn 0.6414 -0.7660 -0.0440
vn -0.6949 0.5093 -0.5076
vn -0.6912 0.4932 -0.5282
vn -0.6912 0.7040 -0.1630
vn -0.6949 0.6943 -0.1873
vn -0.8420 -0.1379 0.5215
vn -0.8462 -0.1890 0.4982
vn 0.8462 -0.1890 0.4982
vn 0.8420 -0.1379 0.5215
vn 0.6511 0.7589 0.0124
vn 0.6516 0.7585 0.0105
vn 0.7170 0.5877 0.3748
vn 0.7180 0.5989 0.3548
vn -0.7180 0.5989 0.3548
vn -0.7170 0.5877 0.3748
vn 0.8420 -0.5206 -0.1413
vn 0.8462 -0.5259 -0.0854
vn -0.8462 -0.5259 -0.0854
vn -0.8420 -0.5206 -0.1413
vn -0.7170 -0.0308 -0.6964
vn -0.7180 -0.0078 -0.6960
vn 0.6516 0.3701 -0.6621
vn 0.6511 0.3687 -0.6634
vn 0.7180 -0.0078 -0.6960
vn 0.7170 -0.0308 -0.6964
vn 0.9227 0.3822 -0.0503
vn 0.9227 -0.3822 0.0503
vn -0.9227 -0.3822 0.0503
vn -0.9227 0.3822 -0.0503
vn 0.9227 0.3562 -0.1475
vn 0.9227 -0.3562 0.1475
vn -0.9227 -0.3562 0.1475
vn -0.9227 0.3562 -0.1475
vn 0.9227 0.3058 -0.2347
vn 0.9227 -0.3058 0.2347
vn -0.9227 -0.3058 0.2347
vn -0.9227 0.3058 -0.2347
vn 0.9227 0.2347 -0.3058
vn 0.9227 -0.2347 0.3058
vn -0.9227 -0.2347 0.3058
vn -0.9227 0.2347 -0.3058
vn 0.9227 0.1475 -0.3562
vn 0.9227 -0.1475 0.3562
vn -0.9227 -0.1475 0.3562
vn -0.9227 0.1475 -0.3562
vn 0.9227 0.0503 -0.3822
vn 0.9227 -0.0503 0.3822
vn -0.9227 -0.0503 0.3822
vn -0.9227 0.0503 -0.3822
vn 0.9227 -0.3822 -0.0503
vn 0.9227 0.3822 0.0503
vn -0.9227 0.3822 0.0503
vn -0.9227 -0.3822 -0.0503
vn 0.9227 -0.3562 -0.1475
vn 0.9227 0.3562 0.1475
vn -0.9227 0.3562 0.1475
vn -0.9227 -0.3562 -0.1475
vn 0.9227 -0.3058 -0.2347
vn 0.9227 0.3058 0.2347
vn -0.9227 0.3058 0.2347
vn -0.9227 -0.3058 -0.2347
vn 0.9227 -0.2347 -0.3058
vn 0.9227 0.2347 0.3058
vn -0.9227 0.2347 0.3058
vn -0.9227 -0.2347 -0.3058
vn 0.9227 -0.1475 -0.3562
vn 0.9227 0.1475 0.3562
vn -0.9227 0.1475 0.3562
vn -0.9227 -0.1475 -0.3562
vn 0.9227 -0.0503 -0.3822
vn 0.9227 0.0503 0.3822
vn -0.9227 0.0503 0.3822
vn -0.9227 -0.0503 -0.3822
# 171 vertex normals

vt 0.5138 0.7216 0.4608
vt 0.5163 0.7216 0.4633
vt 0.5183 0.7230 0.4608
vt 0.5163 0.7240 0.4608
vt 0.5191 0.7240 0.5368
vt 0.5167 0.7216 0.5368
vt 0.5167 0.5840 0.5383
vt 0.5191 0.5840 0.5359
vt 0.4809 0.5840 0.4633
vt 0.4833 0.5840 0.4609
vt 0.4833 0.7216 0.4608
vt 0.4809 0.7240 0.4608
vt 0.5138 0.5840 0.4609
vt 0.5163 0.5840 0.4633
vt 0.4837 0.5840 0.5359
vt 0.4862 0.5840 0.5383
vt 0.4862 0.7216 0.5368
vt 0.4837 0.7240 0.5368
vt 0.4632 0.7723 0.4833
vt 0.4632 0.7698 0.4809
vt 0.5392 0.7698 0.4809
vt 0.5392 0.7723 0.4833
vt 0.5392 0.7240 0.4809
vt 0.5392 0.7216 0.4833
vt 0.6127 0.6885 0.4941
vt 0.6103 0.6923 0.4913
vt 0.4608 0.7216 0.5138
vt 0.4608 0.7240 0.5163
vt 0.3897 0.6923 0.5059
vt 0.3873 0.6885 0.5030
vt 0.4608 0.7698 0.5163
vt 0.4608 0.7723 0.5138
vt 0.3873 0.7392 0.5030
vt 0.3897 0.7376 0.5059
vt 0.6103 0.7376 0.4913
vt 0.6127 0.7392 0.4941
vt 0.5030 0.6885 0.3873
vt 0.5059 0.6923 0.3897
vt 0.5059 0.7376 0.3897
vt 0.5030 0.7392 0.3873
vt 0.4941 0.7392 0.3873
vt 0.4913 0.7376 0.3897
vt 0.4913 0.6923 0.3897
vt 0.4941 0.6885 0.3873
vt 0.5368 0.7240 0.5163
vt 0.5368 0.7216 0.5138
vt 0.6104 0.6885 0.5030
vt 0.6079 0.6923 0.5059
vt 0.4632 0.7216 0.4833
vt 0.4632 0.7240 0.4809
vt 0.3921 0.6923 0.4913
vt 0.3896 0.6885 0.4941
vt 0.3896 0.7392 0.4941
vt 0.3921 0.7376 0.4913
vt 0.5368 0.7723 0.5138
vt 0.5368 0.7698 0.5163
vt 0.6079 0.7376 0.5059
vt 0.6104 0.7392 0.5030
vt 0.5059 0.6885 0.6104
vt 0.5087 0.6923 0.6079
vt 0.5087 0.7376 0.6079
vt 0.5059 0.7392 0.6104
vt 0.4970 0.7392 0.6104
vt 0.4941 0.7376 0.6079
vt 0.4941 0.6923 0.6079
vt 0.4970 0.6885 0.6104
vt 0.4862 0.2651 0.2748
vt 0.4837 0.2672 0.2736
vt 0.4817 0.2644 0.2736
vt 0.4837 0.2639 0.2727
vt 0.4809 0.2347 0.3297
vt 0.4833 0.2368 0.3309
vt 0.4833 0.3553 0.4010
vt 0.4809 0.3565 0.3989
vt 0.5191 0.3928 0.3361
vt 0.5167 0.3940 0.3340
vt 0.5167 0.2748 0.2651
vt 0.5191 0.2727 0.2639
vt 0.2736 0.2672 0.5163
vt 0.2748 0.2651 0.5138
vt 0.3940 0.3340 0.5138
vt 0.3928 0.3361 0.5163
vt 0.5163 0.3565 0.3989
vt 0.5138 0.3553 0.4010
vt 0.5138 0.2368 0.3309
vt 0.5163 0.2347 0.3297
vt 0.8071 0.3056 0.4833
vt 0.8049 0.3068 0.4809
vt 0.7669 0.2410 0.4809
vt 0.7691 0.2398 0.4833
vt 0.7273 0.2639 0.4809
vt 0.7252 0.2651 0.4833
vt 0.6598 0.2180 0.4941
vt 0.6642 0.2182 0.4913
vt 0.2727 0.2639 0.5163
vt 0.3358 0.2182 0.5059
vt 0.3402 0.2180 0.5030
vt 0.2331 0.2410 0.5163
vt 0.2309 0.2398 0.5138
vt 0.2963 0.1926 0.5030
vt 0.2965 0.1955 0.5059
vt 0.7035 0.1955 0.4913
vt 0.7037 0.1926 0.4941
vt 0.4970 0.3402 0.2180
vt 0.4941 0.3358 0.2182
vt 0.4941 0.2965 0.1955
vt 0.4970 0.2963 0.1926
vt 0.5059 0.2963 0.1926
vt 0.5087 0.2965 0.1955
vt 0.5087 0.3358 0.2182
vt 0.5059 0.3402 0.2180
vt 0.2347 0.3297 0.5163
vt 0.2368 0.3309 0.5138
vt 0.2287 0.4111 0.5030
vt 0.2267 0.4072 0.5059
vt 0.7632 0.3309 0.4833
vt 0.7653 0.3297 0.4809
vt 0.7733 0.4072 0.4913
vt 0.7713 0.4111 0.4941
vt 0.4809 0.3068 0.1951
vt 0.4833 0.3056 0.1929
vt 0.4941 0.3858 0.1848
vt 0.4913 0.3845 0.1874
vt 0.5138 0.3056 0.1929
vt 0.5163 0.3068 0.1951
vt 0.5059 0.3845 0.1874
vt 0.5030 0.3858 0.1848
vt 0.4941 0.2287 0.4111
vt 0.4913 0.2267 0.4072
vt 0.4913 0.1874 0.3845
vt 0.4941 0.1848 0.3858
vt 0.5030 0.1848 0.3858
vt 0.5059 0.1874 0.3845
vt 0.5059 0.2267 0.4072
vt 0.5030 0.2287 0.4111
vt 0.5138 0.7632 0.3323
vt 0.5163 0.7619 0.3302
vt 0.5183 0.7643 0.3316
vt 0.5163 0.7653 0.3311
vt 0.5191 0.7273 0.2652
vt 0.5167 0.7252 0.2665
vt 0.5167 0.6052 0.3340
vt 0.5191 0.6065 0.3361
vt 0.4809 0.6427 0.3989
vt 0.4833 0.6439 0.4010
vt 0.4833 0.7632 0.3323
vt 0.4809 0.7653 0.3311
vt 0.7619 0.3302 0.5163
vt 0.7632 0.3323 0.5138
vt 0.6439 0.4010 0.5138
vt 0.6427 0.3989 0.5163
vt 0.4837 0.6065 0.3361
vt 0.4862 0.6052 0.3340
vt 0.4862 0.7252 0.2665
vt 0.4837 0.7273 0.2652
vt 0.2309 0.2411 0.4833
vt 0.2331 0.2424 0.4809
vt 0.1951 0.3082 0.4809
vt 0.1929 0.3069 0.4833
vt 0.2347 0.3311 0.4809
vt 0.2368 0.3323 0.4833
vt 0.2287 0.4125 0.4941
vt 0.2267 0.4085 0.4913
vt 0.7653 0.3311 0.5163
vt 0.7733 0.4085 0.5059
vt 0.7713 0.4125 0.5030
vt 0.4837 0.3082 0.8049
vt 0.4862 0.3069 0.8071
vt 0.4970 0.3872 0.8152
vt 0.4941 0.3858 0.8126
vt 0.5167 0.3069 0.8071
vt 0.5191 0.3082 0.8049
vt 0.5087 0.3858 0.8126
vt 0.5059 0.3872 0.8152
vt 0.5030 0.7713 0.4125
vt 0.5059 0.7733 0.4085
vt 0.5059 0.8126 0.3858
vt 0.5030 0.8152 0.3872
vt 0.4941 0.8152 0.3872
vt 0.4913 0.8126 0.3858
vt 0.4913 0.7733 0.4085
vt 0.4941 0.7713 0.4125
vt 0.7273 0.2652 0.5163
vt 0.7252 0.2665 0.5138
vt 0.6598 0.2193 0.5030
vt 0.6642 0.2195 0.5059
vt 0.2748 0.2665 0.4833
vt 0.2727 0.2652 0.4809
vt 0.3358 0.2195 0.4913
vt 0.3402 0.2193 0.4941
vt 0.2963 0.1940 0.4941
vt 0.2965 0.1969 0.4913
vt 0.7691 0.2411 0.5138
vt 0.7669 0.2424 0.5163
vt 0.7035 0.1969 0.5059
vt 0.7037 0.1940 0.5030
vt 0.5059 0.6598 0.2193
vt 0.5087 0.6642 0.2195
vt 0.5087 0.7035 0.1969
vt 0.5059 0.7037 0.1940
vt 0.4970 0.7037 0.1940
vt 0.4941 0.7035 0.1969
vt 0.4941 0.6642 0.2195
vt 0.4970 0.6598 0.2193
vt 0.6387 0.4354 0.5252
vt 0.6131 0.4354 0.5358
vt 0.6104 0.4144 0.5358
vt 0.6350 0.4078 0.5252
vt 0.6134 0.4342 0.5358
vt 0.5878 0.4342 0.5252
vt 0.5862 0.4222 0.5252
vt 0.6109 0.4155 0.5358
vt 0.4122 0.4342 0.4748
vt 0.3866 0.4342 0.4642
vt 0.3891 0.4155 0.4642
vt 0.4138 0.4222 0.4748
vt 0.3869 0.4354 0.4642
vt 0.3613 0.4354 0.4748
vt 0.3650 0.4078 0.4748
vt 0.3896 0.4144 0.4642
vt 0.6328 0.3995 0.5252
vt 0.6081 0.4062 0.5358
vt 0.6001 0.3866 0.5358
vt 0.6222 0.3738 0.5252
vt 0.6081 0.4049 0.5358
vt 0.5834 0.4115 0.5252
vt 0.5788 0.4003 0.5252
vt 0.6009 0.3876 0.5358
vt 0.4166 0.4115 0.4748
vt 0.3919 0.4049 0.4642
vt 0.3991 0.3876 0.4642
vt 0.4212 0.4003 0.4748
vt 0.3919 0.4062 0.4642
vt 0.3672 0.3995 0.4748
vt 0.3778 0.3738 0.4748
vt 0.3999 0.3866 0.4642
vt 0.6179 0.3664 0.5252
vt 0.5958 0.3792 0.5358
vt 0.5829 0.3624 0.5358
vt 0.6010 0.3444 0.5252
vt 0.5954 0.3780 0.5358
vt 0.5732 0.3908 0.5252
vt 0.5659 0.3812 0.5252
vt 0.5839 0.3631 0.5358
vt 0.4268 0.3908 0.4748
vt 0.4046 0.3780 0.4642
vt 0.4161 0.3631 0.4642
vt 0.4341 0.3812 0.4748
vt 0.4042 0.3792 0.4642
vt 0.3821 0.3664 0.4748
vt 0.3990 0.3444 0.4748
vt 0.4171 0.3624 0.4642
vt 0.5949 0.3383 0.5252
vt 0.5768 0.3564 0.5358
vt 0.5601 0.3435 0.5358
vt 0.5728 0.3214 0.5252
vt 0.5761 0.3553 0.5358
vt 0.5581 0.3734 0.5252
vt 0.5485 0.3660 0.5252
vt 0.5613 0.3439 0.5358
vt 0.4419 0.3734 0.4748
vt 0.4239 0.3553 0.4642
vt 0.4387 0.3439 0.4642
vt 0.4515 0.3660 0.4748
vt 0.4232 0.3564 0.4642
vt 0.4051 0.3383 0.4748
vt 0.4272 0.3214 0.4748
vt 0.4399 0.3435 0.4642
vt 0.5654 0.3171 0.5252
vt 0.5527 0.3392 0.5358
vt 0.5331 0.3311 0.5358
vt 0.5397 0.3065 0.5252
vt 0.5517 0.3384 0.5358
vt 0.5389 0.3605 0.5252
vt 0.5278 0.3559 0.5252
vt 0.5344 0.3312 0.5358
vt 0.4611 0.3605 0.4748
vt 0.4483 0.3384 0.4642
vt 0.4656 0.3312 0.4642
vt 0.4722 0.3559 0.4748
vt 0.4473 0.3392 0.4642
vt 0.4346 0.3171 0.4748
vt 0.4603 0.3065 0.4748
vt 0.4669 0.3311 0.4642
vt 0.5315 0.3042 0.5252
vt 0.5249 0.3289 0.5358
vt 0.5039 0.3262 0.5358
vt 0.5039 0.3006 0.5252
vt 0.5237 0.3284 0.5358
vt 0.5171 0.3530 0.5252
vt 0.5051 0.3515 0.5252
vt 0.5051 0.3259 0.5358
vt 0.4829 0.3530 0.4748
vt 0.4763 0.3284 0.4642
vt 0.4949 0.3259 0.4642
vt 0.4949 0.3515 0.4748
vt 0.4751 0.3289 0.4642
vt 0.4685 0.3042 0.4748
vt 0.4961 0.3006 0.4748
vt 0.4961 0.3262 0.4642
vt 0.3606 0.4354 0.5252
vt 0.3642 0.4078 0.5252
vt 0.3889 0.4144 0.5358
vt 0.3861 0.4354 0.5358
vt 0.3859 0.4342 0.5358
vt 0.3883 0.4155 0.5358
vt 0.4130 0.4222 0.5252
vt 0.4114 0.4342 0.5252
vt 0.5886 0.4342 0.4748
vt 0.5870 0.4222 0.4748
vt 0.6117 0.4155 0.4642
vt 0.6141 0.4342 0.4642
vt 0.6139 0.4354 0.4642
vt 0.6111 0.4144 0.4642
vt 0.6358 0.4078 0.4748
vt 0.6394 0.4354 0.4748
vt 0.3664 0.3995 0.5252
vt 0.3770 0.3738 0.5252
vt 0.3992 0.3866 0.5358
vt 0.3911 0.4062 0.5358
vt 0.3912 0.4049 0.5358
vt 0.3983 0.3876 0.5358
vt 0.4205 0.4003 0.5252
vt 0.4158 0.4115 0.5252
vt 0.5842 0.4115 0.4748
vt 0.5795 0.4003 0.4748
vt 0.6017 0.3876 0.4642
vt 0.6088 0.4049 0.4642
vt 0.6089 0.4062 0.4642
vt 0.6008 0.3866 0.4642
vt 0.6230 0.3738 0.4748
vt 0.6336 0.3995 0.4748
vt 0.3813 0.3664 0.5252
vt 0.3983 0.3444 0.5252
vt 0.4163 0.3624 0.5358
vt 0.4034 0.3792 0.5358
vt 0.4039 0.3780 0.5358
vt 0.4153 0.3631 0.5358
vt 0.4333 0.3812 0.5252
vt 0.4260 0.3908 0.5252
vt 0.5740 0.3908 0.4748
vt 0.5667 0.3812 0.4748
vt 0.5847 0.3631 0.4642
vt 0.5961 0.3780 0.4642
vt 0.5966 0.3792 0.4642
vt 0.5837 0.3624 0.4642
vt 0.6017 0.3444 0.4748
vt 0.6187 0.3664 0.4748
vt 0.4043 0.3383 0.5252
vt 0.4264 0.3214 0.5252
vt 0.4391 0.3435 0.5358
vt 0.4224 0.3564 0.5358
vt 0.4231 0.3553 0.5358
vt 0.4380 0.3439 0.5358
vt 0.4507 0.3660 0.5252
vt 0.4411 0.3734 0.5252
vt 0.5589 0.3734 0.4748
vt 0.5493 0.3660 0.4748
vt 0.5620 0.3439 0.4642
vt 0.5769 0.3553 0.4642
vt 0.5776 0.3564 0.4642
vt 0.5609 0.3435 0.4642
vt 0.5736 0.3214 0.4748
vt 0.5957 0.3383 0.4748
vt 0.4338 0.3171 0.5252
vt 0.4595 0.3065 0.5252
vt 0.4661 0.3311 0.5358
vt 0.4466 0.3392 0.5358
vt 0.4475 0.3384 0.5358
vt 0.4648 0.3312 0.5358
vt 0.4715 0.3559 0.5252
vt 0.4603 0.3605 0.5252
vt 0.5397 0.3605 0.4748
vt 0.5285 0.3559 0.4748
vt 0.5352 0.3312 0.4642
vt 0.5525 0.3384 0.4642
vt 0.5534 0.3392 0.4642
vt 0.5339 0.3311 0.4642
vt 0.5405 0.3065 0.4748
vt 0.5662 0.3171 0.4748
vt 0.4678 0.3042 0.5252
vt 0.4953 0.3006 0.5252
vt 0.4953 0.3262 0.5358
vt 0.4744 0.3289 0.5358
vt 0.4755 0.3284 0.5358
vt 0.4941 0.3259 0.5358
vt 0.4941 0.3515 0.5252
vt 0.4821 0.3530 0.5252
vt 0.5179 0.3530 0.4748
vt 0.5059 0.3515 0.4748
vt 0.5059 0.3259 0.4642
vt 0.5245 0.3284 0.4642
vt 0.5256 0.3289 0.4642
vt 0.5047 0.3262 0.4642
vt 0.5047 0.3006 0.4748
vt 0.5322 0.3042 0.4748
vt 0.6387 0.4439 0.5252
vt 0.6350 0.4715 0.5252
vt 0.6104 0.4649 0.5358
vt 0.6131 0.4439 0.5358
vt 0.6134 0.4452 0.5358
vt 0.6109 0.4638 0.5358
vt 0.5862 0.4572 0.5252
vt 0.5878 0.4452 0.5252
vt 0.4122 0.4452 0.4748
vt 0.4138 0.4572 0.4748
vt 0.3891 0.4638 0.4642
vt 0.3866 0.4452 0.4642
vt 0.3869 0.4439 0.4642
vt 0.3896 0.4649 0.4642
vt 0.3650 0.4715 0.4748
vt 0.3613 0.4439 0.4748
vt 0.6328 0.4798 0.5252
vt 0.6222 0.5055 0.5252
vt 0.6001 0.4927 0.5358
vt 0.6081 0.4732 0.5358
vt 0.6081 0.4744 0.5358
vt 0.6009 0.4918 0.5358
vt 0.5788 0.4790 0.5252
vt 0.5834 0.4678 0.5252
vt 0.4166 0.4678 0.4748
vt 0.4212 0.4790 0.4748
vt 0.3991 0.4918 0.4642
vt 0.3919 0.4744 0.4642
vt 0.3919 0.4732 0.4642
vt 0.3999 0.4927 0.4642
vt 0.3778 0.5055 0.4748
vt 0.3672 0.4798 0.4748
vt 0.6179 0.5129 0.5252
vt 0.6010 0.5350 0.5252
vt 0.5829 0.5169 0.5358
vt 0.5958 0.5001 0.5358
vt 0.5954 0.5013 0.5358
vt 0.5839 0.5162 0.5358
vt 0.5659 0.4981 0.5252
vt 0.5732 0.4885 0.5252
vt 0.4268 0.4885 0.4748
vt 0.4341 0.4981 0.4748
vt 0.4161 0.5162 0.4642
vt 0.4046 0.5013 0.4642
vt 0.4042 0.5001 0.4642
vt 0.4171 0.5169 0.4642
vt 0.3990 0.5350 0.4748
vt 0.3821 0.5129 0.4748
vt 0.5949 0.5410 0.5252
vt 0.5728 0.5579 0.5252
vt 0.5601 0.5358 0.5358
vt 0.5768 0.5230 0.5358
vt 0.5761 0.5240 0.5358
vt 0.5613 0.5354 0.5358
vt 0.5485 0.5133 0.5252
vt 0.5581 0.5059 0.5252
vt 0.4419 0.5059 0.4748
vt 0.4515 0.5133 0.4748
vt 0.4387 0.5354 0.4642
vt 0.4239 0.5240 0.4642
vt 0.4232 0.5230 0.4642
vt 0.4399 0.5358 0.4642
vt 0.4272 0.5579 0.4748
vt 0.4051 0.5410 0.4748
vt 0.5654 0.5622 0.5252
vt 0.5397 0.5729 0.5252
vt 0.5331 0.5482 0.5358
vt 0.5527 0.5401 0.5358
vt 0.5517 0.5409 0.5358
vt 0.5344 0.5481 0.5358
vt 0.5278 0.5234 0.5252
vt 0.5389 0.5188 0.5252
vt 0.4611 0.5188 0.4748
vt 0.4722 0.5234 0.4748
vt 0.4656 0.5481 0.4642
vt 0.4483 0.5409 0.4642
vt 0.4473 0.5401 0.4642
vt 0.4669 0.5482 0.4642
vt 0.4603 0.5729 0.4748
vt 0.4346 0.5622 0.4748
vt 0.5315 0.5751 0.5252
vt 0.5039 0.5787 0.5252
vt 0.5039 0.5532 0.5358
vt 0.5249 0.5504 0.5358
vt 0.5237 0.5510 0.5358
vt 0.5051 0.5534 0.5358
vt 0.5051 0.5279 0.5252
vt 0.5171 0.5263 0.5252
vt 0.4829 0.5263 0.4748
vt 0.4949 0.5279 0.4748
vt 0.4949 0.5534 0.4642
vt 0.4763 0.5510 0.4642
vt 0.4751 0.5504 0.4642
vt 0.4961 0.5532 0.4642
vt 0.4961 0.5787 0.4748
vt 0.4685 0.5751 0.4748
vt 0.3606 0.4439 0.5252
vt 0.3861 0.4439 0.5358
vt 0.3889 0.4649 0.5358
vt 0.3642 0.4715 0.5252
vt 0.3859 0.4452 0.5358
vt 0.4114 0.4452 0.5252
vt 0.4130 0.4572 0.5252
vt 0.3883 0.4638 0.5358
vt 0.5886 0.4452 0.4748
vt 0.6141 0.4452 0.4642
vt 0.6117 0.4638 0.4642
vt 0.5870 0.4572 0.4748
vt 0.6139 0.4439 0.4642
vt 0.6394 0.4439 0.4748
vt 0.6358 0.4715 0.4748
vt 0.6111 0.4649 0.4642
vt 0.3664 0.4798 0.5252
vt 0.3911 0.4732 0.5358
vt 0.3992 0.4927 0.5358
vt 0.3770 0.5055 0.5252
vt 0.3912 0.4744 0.5358
vt 0.4158 0.4678 0.5252
vt 0.4205 0.4790 0.5252
vt 0.3983 0.4918 0.5358
vt 0.5842 0.4678 0.4748
vt 0.6088 0.4744 0.4642
vt 0.6017 0.4918 0.4642
vt 0.5795 0.4790 0.4748
vt 0.6089 0.4732 0.4642
vt 0.6336 0.4798 0.4748
vt 0.6230 0.5055 0.4748
vt 0.6008 0.4927 0.4642
vt 0.3813 0.5129 0.5252
vt 0.4034 0.5001 0.5358
vt 0.4163 0.5169 0.5358
vt 0.3983 0.5350 0.5252
vt 0.4039 0.5013 0.5358
vt 0.4260 0.4885 0.5252
vt 0.4333 0.4981 0.5252
vt 0.4153 0.5162 0.5358
vt 0.5740 0.4885 0.4748
vt 0.5961 0.5013 0.4642
vt 0.5847 0.5162 0.4642
vt 0.5667 0.4981 0.4748
vt 0.5966 0.5001 0.4642
vt 0.6187 0.5129 0.4748
vt 0.6017 0.5350 0.4748
vt 0.5837 0.5169 0.4642
vt 0.4043 0.5410 0.5252
vt 0.4224 0.5230 0.5358
vt 0.4391 0.5358 0.5358
vt 0.4264 0.5579 0.5252
vt 0.4231 0.5240 0.5358
vt 0.4411 0.5059 0.5252
vt 0.4507 0.5133 0.5252
vt 0.4380 0.5354 0.5358
vt 0.5589 0.5059 0.4748
vt 0.5769 0.5240 0.4642
vt 0.5620 0.5354 0.4642
vt 0.5493 0.5133 0.4748
vt 0.5776 0.5230 0.4642
vt 0.5957 0.5410 0.4748
vt 0.5736 0.5579 0.4748
vt 0.5609 0.5358 0.4642
vt 0.4338 0.5622 0.5252
vt 0.4466 0.5401 0.5358
vt 0.4661 0.5482 0.5358
vt 0.4595 0.5729 0.5252
vt 0.4475 0.5409 0.5358
vt 0.4603 0.5188 0.5252
vt 0.4715 0.5234 0.5252
vt 0.4648 0.5481 0.5358
vt 0.5397 0.5188 0.4748
vt 0.5525 0.5409 0.4642
vt 0.5352 0.5481 0.4642
vt 0.5285 0.5234 0.4748
vt 0.5534 0.5401 0.4642
vt 0.5662 0.5622 0.4748
vt 0.5405 0.5729 0.4748
vt 0.5339 0.5482 0.4642
vt 0.4678 0.5751 0.5252
vt 0.4744 0.5504 0.5358
vt 0.4953 0.5532 0.5358
vt 0.4953 0.5787 0.5252
vt 0.4755 0.5510 0.5358
vt 0.4821 0.5263 0.5252
vt 0.4941 0.5279 0.5252
vt 0.4941 0.5534 0.5358
vt 0.5179 0.5263 0.4748
vt 0.5245 0.5510 0.4642
vt 0.5059 0.5534 0.4642
vt 0.5059 0.5279 0.4748
vt 0.5256 0.5504 0.4642
vt 0.5322 0.5751 0.4748
vt 0.5047 0.5787 0.4748
vt 0.5047 0.5532 0.4642
# 588 texture coords

o stargate_a_emissive
g stargate_a_emissive
usemtl 03___Default
s 16
f 227/425/162 228/426/163 229/427/164 230/428/165 
s 2
f 231/429/166 232/430/167 233/431/168 234/432/169 
f 235/433/170 236/434/171 237/435/172 238/436/173 
s 32
f 228/426/163 227/425/162 239/437/174 240/438/174 
s 2
f 241/439/175 242/440/176 243/441/177 244/442/178 
s 32
f 245/443/179 246/444/180 247/445/181 248/446/182 
f 238/447/173 237/448/172 249/449/183 250/450/184 
s 8
f 227/451/162 230/452/165 251/453/185 252/454/186 
s 16
f 253/455/187 254/456/188 255/457/189 256/458/190 
s 32
f 248/446/182 247/445/181 257/459/191 258/460/192 
s 2
f 252/461/186 251/462/185 256/463/190 255/464/189 
f 258/465/192 257/466/191 250/467/184 249/468/183 
s 32
f 244/469/178 243/470/177 259/471/193 260/472/194 
f 232/473/167 231/474/166 261/475/195 262/476/196 
f 246/444/180 245/443/179 263/477/197 264/478/198 
f 265/479/199 266/480/200 267/481/201 268/482/202 
s 2
f 262/483/196 261/484/195 264/485/198 263/486/197 
f 268/487/202 267/488/201 260/489/194 259/490/193 
s 16
f 269/491/203 270/492/204 271/493/205 272/494/206 
s 2
f 273/495/207 274/496/208 275/497/209 276/498/210 
f 277/499/211 278/500/212 279/501/213 280/502/214 
s 32
f 270/503/204 269/504/203 281/505/215 282/506/215 
s 2
f 283/507/216 284/508/217 285/509/218 286/510/219 
s 32
f 287/511/220 288/512/221 289/513/222 290/514/223 
f 280/515/214 279/516/213 291/517/224 292/518/225 
s 8
f 269/504/203 272/519/206 293/520/226 294/521/227 
s 16
f 295/522/228 296/523/229 297/524/230 298/525/231 
s 32
f 290/514/223 289/513/222 299/526/232 300/527/233 
s 2
f 294/528/227 293/529/226 298/530/231 297/531/230 
f 300/532/233 299/533/232 292/534/225 291/535/224 
s 32
f 286/536/219 285/537/218 301/538/234 302/539/235 
f 274/540/208 273/541/207 303/542/236 304/543/237 
f 288/544/221 287/545/220 305/546/238 306/547/239 
f 307/548/240 308/549/241 309/550/242 310/551/243 
s 2
f 304/552/237 303/553/236 306/554/239 305/555/238 
f 310/556/243 309/557/242 302/558/235 301/559/234 
s 16
f 311/560/244 312/561/245 313/562/246 314/563/247 
s 2
f 315/564/248 316/565/249 317/566/250 318/567/251 
f 319/568/252 320/569/253 321/570/254 322/571/255 
s 32
f 312/572/245 311/573/244 323/574/256 324/575/256 
s 2
f 325/576/257 326/577/258 327/578/259 328/579/260 
s 32
f 329/580/261 330/581/262 331/582/263 332/583/264 
f 322/584/255 321/585/254 333/586/265 334/587/266 
s 8
f 311/573/244 314/588/247 335/589/267 336/590/268 
s 16
f 337/591/269 338/592/270 339/593/271 340/594/272 
s 32
f 332/595/264 331/596/263 341/597/273 342/598/274 
s 2
f 336/599/268 335/600/267 340/601/272 339/602/271 
f 342/603/274 341/604/273 334/605/266 333/606/265 
s 32
f 328/607/260 327/608/259 343/609/275 344/610/276 
f 316/611/249 315/612/248 345/613/277 346/614/278 
f 330/581/262 329/580/261 347/615/279 348/616/280 
f 349/617/281 350/618/282 351/619/283 352/620/284 
s 2
f 346/621/278 345/622/277 348/623/280 347/624/279 
f 352/625/284 351/626/283 344/627/276 343/628/275 
s 1
f 353/629/285 354/630/285 355/631/285 356/632/285 
f 357/633/286 358/634/286 359/635/286 360/636/286 
f 361/637/287 362/638/287 363/639/287 364/640/287 
f 365/641/288 366/642/288 367/643/288 368/644/288 
f 369/645/289 370/646/289 371/647/289 372/648/289 
f 373/649/290 374/650/290 375/651/290 376/652/290 
f 377/653/291 378/654/291 379/655/291 380/656/291 
f 381/657/292 382/658/292 383/659/292 384/660/292 
f 385/661/293 386/662/293 387/663/293 388/664/293 
f 389/665/294 390/666/294 391/667/294 392/668/294 
f 393/669/295 394/670/295 395/671/295 396/672/295 
f 397/673/296 398/674/296 399/675/296 400/676/296 
f 401/677/297 402/678/297 403/679/297 404/680/297 
f 405/681/298 406/682/298 407/683/298 408/684/298 
f 409/685/299 410/686/299 411/687/299 412/688/299 
f 413/689/300 414/690/300 415/691/300 416/692/300 
f 417/693/301 418/694/301 419/695/301 420/696/301 
f 421/697/302 422/698/302 423/699/302 424/700/302 
f 425/701/303 426/702/303 427/703/303 428/704/303 
f 429/705/304 430/706/304 431/707/304 432/708/304 
f 433/709/305 434/710/305 435/711/305 436/712/305 
f 437/713/306 438/714/306 439/715/306 440/716/306 
f 441/717/307 442/718/307 443/719/307 444/720/307 
f 445/721/308 446/722/308 447/723/308 448/724/308 
f 449/725/309 450/726/309 451/727/309 452/728/309 
f 453/729/310 454/730/310 455/731/310 456/732/310 
f 457/733/311 458/734/311 459/735/311 460/736/311 
f 461/737/312 462/738/312 463/739/312 464/740/312 
f 465/741/313 466/742/313 467/743/313 468/744/313 
f 469/745/314 470/746/314 471/747/314 472/748/314 
f 473/749/315 474/750/315 475/751/315 476/752/315 
f 477/753/316 478/754/316 479/755/316 480/756/316 
f 481/757/317 482/758/317 483/759/317 484/760/317 
f 485/761/318 486/762/318 487/763/318 488/764/318 
f 489/765/319 490/766/319 491/767/319 492/768/319 
f 493/769/320 494/770/320 495/771/320 496/772/320 
f 497/773/321 498/774/321 499/775/321 500/776/321 
f 501/777/322 502/778/322 503/779/322 504/780/322 
f 505/781/323 506/782/323 507/783/323 508/784/323 
f 509/785/324 510/786/324 511/787/324 512/788/324 
f 513/789/325 514/790/325 515/791/325 516/792/325 
f 517/793/326 518/794/326 519/795/326 520/796/326 
f 521/797/327 522/798/327 523/799/327 524/800/327 
f 525/801/328 526/802/328 527/803/328 528/804/328 
f 529/805/329 530/806/329 531/807/329 532/808/329 
f 533/809/330 534/810/330 535/811/330 536/812/330 
f 537/813/331 538/814/331 539/815/331 540/816/331 
f 541/817/332 542/818/332 543/819/332 544/820/332 
f 545/821/310 546/822/310 547/823/310 548/824/310 
f 549/825/309 550/826/309 551/827/309 552/828/309 
f 553/829/312 554/830/312 555/831/312 556/832/312 
f 557/833/311 558/834/311 559/835/311 560/836/311 
f 561/837/314 562/838/314 563/839/314 564/840/314 
f 565/841/313 566/842/313 567/843/313 568/844/313 
f 569/845/316 570/846/316 571/847/316 572/848/316 
f 573/849/315 574/850/315 575/851/315 576/852/315 
f 577/853/318 578/854/318 579/855/318 580/856/318 
f 581/857/317 582/858/317 583/859/317 584/860/317 
f 585/861/320 586/862/320 587/863/320 588/864/320 
f 589/865/319 590/866/319 591/867/319 592/868/319 
f 593/869/322 594/870/322 595/871/322 596/872/322 
f 597/873/321 598/874/321 599/875/321 600/876/321 
f 601/877/324 602/878/324 603/879/324 604/880/324 
f 605/881/323 606/882/323 607/883/323 608/884/323 
f 609/885/326 610/886/326 611/887/326 612/888/326 
f 613/889/325 614/890/325 615/891/325 616/892/325 
f 617/893/328 618/894/328 619/895/328 620/896/328 
f 621/897/327 622/898/327 623/899/327 624/900/327 
f 625/901/330 626/902/330 627/903/330 628/904/330 
f 629/905/329 630/906/329 631/907/329 632/908/329 
f 633/909/332 634/910/332 635/911/332 636/912/332 
f 637/913/331 638/914/331 639/915/331 640/916/331 
f 641/917/286 642/918/286 643/919/286 644/920/286 
f 645/921/285 646/922/285 647/923/285 648/924/285 
f 649/925/288 650/926/288 651/927/288 652/928/288 
f 653/929/287 654/930/287 655/931/287 656/932/287 
f 657/933/290 658/934/290 659/935/290 660/936/290 
f 661/937/289 662/938/289 663/939/289 664/940/289 
f 665/941/292 666/942/292 667/943/292 668/944/292 
f 669/945/291 670/946/291 671/947/291 672/948/291 
f 673/949/294 674/950/294 675/951/294 676/952/294 
f 677/953/293 678/954/293 679/955/293 680/956/293 
f 681/957/296 682/958/296 683/959/296 684/960/296 
f 685/961/295 686/962/295 687/963/295 688/964/295 
f 689/965/298 690/966/298 691/967/298 692/968/298 
f 693/969/297 694/970/297 695/971/297 696/972/297 
f 697/973/300 698/974/300 699/975/300 700/976/300 
f 701/977/299 702/978/299 703/979/299 704/980/299 
f 705/981/302 706/982/302 707/983/302 708/984/302 
f 709/985/301 710/986/301 711/987/301 712/988/301 
f 713/989/304 714/990/304 715/991/304 716/992/304 
f 717/993/303 718/994/303 719/995/303 720/996/303 
f 721/997/306 722/998/306 723/999/306 724/1000/306 
f 725/1001/305 726/1002/305 727/1003/305 728/1004/305 
f 729/1005/308 730/1006/308 731/1007/308 732/1008/308 
f 733/1009/307 734/1010/307 735/1011/307 736/1012/307 
# 150 polygons

#
# object stargate_a_base
#

v  1.5853 15.6735 -0.0000
v  3.4666 14.8942 -0.0000
v  3.4666 14.3867 -3.8549
v  1.5853 15.1394 -4.0566
v  3.4666 7.9610 -0.0000
v  0.2265 6.6189 -0.0000
v  0.2265 6.3934 -1.7131
v  3.4666 7.6898 -2.0605
v  -0.2265 6.6189 0.0000
v  -3.4666 7.9610 0.0000
v  -3.4666 7.6898 -2.0605
v  -0.2265 6.3934 -1.7131
v  -3.4666 14.8942 0.0000
v  -1.5853 15.6735 0.0000
v  -1.5853 15.1394 -4.0566
v  -3.4666 14.3867 -3.8549
v  3.4666 12.8988 -7.4471
v  1.5853 13.5736 -7.8367
v  0.2265 5.7322 -3.3095
v  3.4666 6.8945 -3.9805
v  -3.4666 6.8945 -3.9805
v  -0.2265 5.7322 -3.3095
v  -1.5853 13.5736 -7.8367
v  -3.4666 12.8988 -7.4471
v  3.4666 10.5318 -10.5318
v  1.5853 11.0828 -11.0828
v  0.2265 4.6803 -4.6803
v  3.4666 5.6293 -5.6293
v  -3.4666 5.6293 -5.6293
v  -0.2265 4.6803 -4.6803
v  -1.5853 11.0828 -11.0828
v  -3.4666 10.5318 -10.5318
v  3.4666 7.4471 -12.8988
v  1.5853 7.8367 -13.5736
v  0.2265 3.3095 -5.7322
v  3.4666 3.9805 -6.8945
v  -3.4666 3.9805 -6.8945
v  -0.2265 3.3095 -5.7322
v  -1.5853 7.8367 -13.5736
v  -3.4666 7.4471 -12.8988
v  3.4666 3.8549 -14.3867
v  1.5853 4.0566 -15.1394
v  0.2265 1.7131 -6.3934
v  3.4666 2.0605 -7.6898
v  -3.4666 2.0605 -7.6898
v  -0.2265 1.7131 -6.3934
v  -1.5853 4.0566 -15.1394
v  -3.4666 3.8549 -14.3867
v  3.4666 0.0000 -14.8942
v  1.5853 0.0000 -15.6735
v  0.2265 0.0000 -6.6189
v  3.4666 0.0000 -7.9610
v  -3.4666 0.0000 -7.9610
v  -0.2265 0.0000 -6.6189
v  -1.5853 0.0000 -15.6735
v  -3.4666 0.0000 -14.8942
v  4.9025 11.4276 -0.0000
v  4.7135 11.8194 -0.4896
v  3.6556 14.3735 -0.4896
v  4.9025 11.0382 -2.9577
v  4.7135 11.5434 -2.5861
v  3.6556 14.0105 -3.2472
v  3.6556 8.3528 -0.4896
v  4.7135 10.9069 -0.4896
v  3.6556 8.1949 -1.6889
v  4.7135 10.6620 -2.3500
v  -4.9025 11.4276 0.0000
v  -4.7135 10.9069 -0.4896
v  -3.6556 8.3528 -0.4896
v  -4.9025 11.0382 -2.9577
v  -4.7135 10.6620 -2.3500
v  -3.6556 8.1949 -1.6889
v  -3.6556 14.3735 -0.4896
v  -4.7135 11.8194 -0.4896
v  -3.6556 14.0105 -3.2472
v  -4.7135 11.5434 -2.5861
v  4.7135 11.2900 -3.5320
v  3.6556 13.7570 -4.1931
v  4.9025 9.8966 -5.7138
v  4.7135 10.4807 -5.4857
v  3.6556 12.6926 -6.7627
v  3.6556 7.9415 -2.6348
v  4.7135 10.4085 -3.2959
v  3.6556 7.4786 -3.7524
v  4.7135 9.6905 -5.0294
v  -4.7135 10.4085 -3.2959
v  -3.6556 7.9415 -2.6348
v  -4.9025 9.8966 -5.7138
v  -4.7135 9.6905 -5.0294
v  -3.6556 7.4786 -3.7524
v  -3.6556 13.7570 -4.1931
v  -4.7135 11.2900 -3.5320
v  -3.6556 12.6926 -6.7627
v  -4.7135 10.4807 -5.4857
v  4.7135 9.9911 -6.3337
v  3.6556 12.2030 -7.6108
v  4.9025 8.0806 -8.0806
v  4.7135 8.7038 -8.0114
v  3.6556 10.5098 -9.8174
v  3.6556 6.9890 -4.6005
v  4.7135 9.2008 -5.8775
v  3.6556 6.2526 -5.5601
v  4.7135 8.0586 -7.3661
v  -4.7135 9.2008 -5.8775
v  -3.6556 6.9890 -4.6005
v  -4.9025 8.0806 -8.0806
v  -4.7135 8.0586 -7.3661
v  -3.6556 6.2526 -5.5601
v  -3.6556 12.2030 -7.6108
v  -4.7135 9.9911 -6.3337
v  -3.6556 10.5098 -9.8174
v  -4.7135 8.7038 -8.0114
v  4.7135 8.0114 -8.7038
v  3.6556 9.8174 -10.5098
v  4.9025 5.7138 -9.8966
v  4.7135 6.3337 -9.9911
v  3.6556 7.6108 -12.2030
v  3.6556 5.5601 -6.2526
v  4.7135 7.3661 -8.0586
v  3.6556 4.6005 -6.9890
v  4.7135 5.8775 -9.2008
v  -4.7135 7.3661 -8.0586
v  -3.6556 5.5601 -6.2526
v  -4.9025 5.7138 -9.8966
v  -4.7135 5.8775 -9.2008
v  -3.6556 4.6005 -6.9890
v  -3.6556 9.8174 -10.5098
v  -4.7135 8.0114 -8.7038
v  -3.6556 7.6108 -12.2030
v  -4.7135 6.3337 -9.9911
v  4.7135 5.4857 -10.4807
v  3.6556 6.7627 -12.6926
v  4.9025 2.9577 -11.0382
v  4.7135 3.5320 -11.2900
v  3.6556 4.1931 -13.7570
v  3.6556 3.7524 -7.4786
v  4.7135 5.0294 -9.6905
v  3.6556 2.6348 -7.9415
v  4.7135 3.2959 -10.4085
v  -4.7135 5.0294 -9.6905
v  -3.6556 3.7524 -7.4786
v  -4.9025 2.9577 -11.0382
v  -4.7135 3.2959 -10.4085
v  -3.6556 2.6348 -7.9415
v  -3.6556 6.7627 -12.6926
v  -4.7135 5.4857 -10.4807
v  -3.6556 4.1931 -13.7570
v  -4.7135 3.5320 -11.2900
v  4.7135 2.5861 -11.5434
v  3.6556 3.2472 -14.0105
v  4.9025 0.0000 -11.4276
v  4.7135 0.4896 -11.8194
v  3.6556 0.4896 -14.3735
v  3.6556 1.6889 -8.1949
v  4.7135 2.3500 -10.6620
v  3.6556 0.4896 -8.3528
v  4.7135 0.4896 -10.9069
v  -4.7135 2.3500 -10.6620
v  -3.6556 1.6889 -8.1949
v  -4.9025 0.0000 -11.4276
v  -4.7135 0.4896 -10.9069
v  -3.6556 0.4896 -8.3528
v  -3.6556 3.2472 -14.0105
v  -4.7135 2.5861 -11.5434
v  -3.6556 0.4896 -14.3735
v  -4.7135 0.4896 -11.8194
v  3.5826 11.3510 -0.4280
v  2.5247 13.9051 -0.4280
v  3.5826 11.0750 -2.5245
v  2.5247 13.5420 -3.1855
v  2.5247 8.8213 -0.5513
v  3.5826 11.3753 -0.5513
v  2.5247 8.6634 -1.7506
v  3.5826 11.1304 -2.4116
v  -3.5826 11.3753 -0.5513
v  -2.5247 8.8213 -0.5513
v  -3.5826 11.1304 -2.4116
v  -2.5247 8.6634 -1.7506
v  -2.5247 13.9051 -0.4280
v  -3.5826 11.3510 -0.4280
v  -2.5247 13.5420 -3.1855
v  -3.5826 11.0750 -2.5245
v  3.5826 10.8535 -3.3512
v  2.5247 13.3205 -4.0123
v  3.5826 10.0442 -5.3049
v  2.5247 12.2561 -6.5819
v  2.5247 8.3780 -2.8156
v  3.5826 10.8450 -3.4767
v  2.5247 7.9151 -3.9332
v  3.5826 10.1270 -5.2102
v  -3.5826 10.8450 -3.4767
v  -2.5247 8.3780 -2.8156
v  -3.5826 10.1270 -5.2102
v  -2.5247 7.9151 -3.9332
v  -2.5247 13.3205 -4.0123
v  -3.5826 10.8535 -3.3512
v  -2.5247 12.2561 -6.5819
v  -3.5826 10.0442 -5.3049
v  3.5826 9.6163 -6.0461
v  2.5247 11.8282 -7.3232
v  3.5826 8.3290 -7.7238
v  2.5247 10.1350 -9.5298
v  2.5247 7.3638 -4.8881
v  3.5826 9.5757 -6.1651
v  2.5247 6.6274 -5.8478
v  3.5826 8.4334 -7.6538
v  -3.5826 9.5757 -6.1651
v  -2.5247 7.3638 -4.8881
v  -3.5826 8.4334 -7.6538
v  -2.5247 6.6274 -5.8478
v  -2.5247 11.8282 -7.3232
v  -3.5826 9.6163 -6.0461
v  -2.5247 10.1350 -9.5298
v  -3.5826 8.3290 -7.7238
v  3.5826 7.7238 -8.3290
v  2.5247 9.5298 -10.1350
v  3.5826 6.0461 -9.6163
v  2.5247 7.3232 -11.8282
v  2.5247 5.8478 -6.6274
v  3.5826 7.6538 -8.4334
v  2.5247 4.8881 -7.3638
v  3.5826 6.1651 -9.5757
v  -3.5826 7.6538 -8.4334
v  -2.5247 5.8478 -6.6274
v  -3.5826 6.1651 -9.5757
v  -2.5247 4.8881 -7.3638
v  -2.5247 9.5298 -10.1350
v  -3.5826 7.7238 -8.3290
v  -2.5247 7.3232 -11.8282
v  -3.5826 6.0461 -9.6163
v  3.5826 5.3049 -10.0442
v  2.5247 6.5819 -12.2561
v  3.5826 3.3512 -10.8535
v  2.5247 4.0123 -13.3205
v  2.5247 3.9332 -7.9151
v  3.5826 5.2102 -10.1270
v  2.5247 2.8156 -8.3780
v  3.5826 3.4767 -10.8450
v  -3.5826 5.2102 -10.1270
v  -2.5247 3.9332 -7.9151
v  -3.5826 3.4767 -10.8450
v  -2.5247 2.8156 -8.3780
v  -2.5247 6.5819 -12.2561
v  -3.5826 5.3049 -10.0442
v  -2.5247 4.0123 -13.3205
v  -3.5826 3.3512 -10.8535
v  3.5826 2.5245 -11.0750
v  2.5247 3.1855 -13.5420
v  3.5826 0.4280 -11.3510
v  2.5247 0.4280 -13.9051
v  2.5247 1.7506 -8.6634
v  3.5826 2.4116 -11.1304
v  2.5247 0.5513 -8.8213
v  3.5826 0.5513 -11.3753
v  -3.5826 2.4116 -11.1304
v  -2.5247 1.7506 -8.6634
v  -3.5826 0.5513 -11.3753
v  -2.5247 0.5513 -8.8213
v  -2.5247 3.1855 -13.5420
v  -3.5826 2.5245 -11.0750
v  -2.5247 0.4280 -13.9051
v  -3.5826 0.4280 -11.3510
v  1.5853 -15.6735 -0.0000
v  1.5853 -15.1394 -4.0566
v  3.4666 -14.3867 -3.8549
v  3.4666 -14.8942 -0.0000
v  3.4666 -7.9610 -0.0000
v  3.4666 -7.6898 -2.0605
v  0.2265 -6.3934 -1.7131
v  0.2265 -6.6189 -0.0000
v  -0.2265 -6.6189 0.0000
v  -0.2265 -6.3934 -1.7131
v  -3.4666 -7.6898 -2.0605
v  -3.4666 -7.9610 0.0000
v  -3.4666 -14.8942 0.0000
v  -3.4666 -14.3867 -3.8549
v  -1.5853 -15.1394 -4.0566
v  -1.5853 -15.6735 0.0000
v  1.5853 -13.5736 -7.8367
v  3.4666 -12.8988 -7.4471
v  3.4666 -6.8945 -3.9805
v  0.2265 -5.7322 -3.3095
v  -0.2265 -5.7322 -3.3095
v  -3.4666 -6.8945 -3.9805
v  -3.4666 -12.8988 -7.4471
v  -1.5853 -13.5736 -7.8367
v  1.5853 -11.0828 -11.0828
v  3.4666 -10.5318 -10.5318
v  3.4666 -5.6293 -5.6293
v  0.2265 -4.6803 -4.6803
v  -0.2265 -4.6803 -4.6803
v  -3.4666 -5.6293 -5.6293
v  -3.4666 -10.5318 -10.5318
v  -1.5853 -11.0828 -11.0828
v  1.5853 -7.8367 -13.5736
v  3.4666 -7.4471 -12.8988
v  3.4666 -3.9805 -6.8945
v  0.2265 -3.3095 -5.7322
v  -0.2265 -3.3095 -5.7322
v  -3.4666 -3.9805 -6.8945
v  -3.4666 -7.4471 -12.8988
v  -1.5853 -7.8367 -13.5736
v  1.5853 -4.0566 -15.1394
v  3.4666 -3.8549 -14.3867
v  3.4666 -2.0605 -7.6898
v  0.2265 -1.7131 -6.3934
v  -0.2265 -1.7131 -6.3934
v  -3.4666 -2.0605 -7.6898
v  -3.4666 -3.8549 -14.3867
v  -1.5853 -4.0566 -15.1394
v  3.6556 -14.3735 -0.4896
v  4.7135 -11.8194 -0.4896
v  4.9025 -11.4276 -0.0000
v  4.7135 -11.5434 -2.5861
v  4.9025 -11.0382 -2.9577
v  3.6556 -14.0105 -3.2472
v  4.7135 -10.9069 -0.4896
v  3.6556 -8.3528 -0.4896
v  3.6556 -8.1949 -1.6889
v  4.7135 -10.6620 -2.3500
v  -3.6556 -8.3528 -0.4896
v  -4.7135 -10.9069 -0.4896
v  -4.9025 -11.4276 0.0000
v  -4.7135 -10.6620 -2.3500
v  -4.9025 -11.0382 -2.9577
v  -3.6556 -8.1949 -1.6889
v  -4.7135 -11.8194 -0.4896
v  -3.6556 -14.3735 -0.4896
v  -3.6556 -14.0105 -3.2472
v  -4.7135 -11.5434 -2.5861
v  3.6556 -13.7570 -4.1931
v  4.7135 -11.2900 -3.5320
v  4.7135 -10.4807 -5.4857
v  4.9025 -9.8966 -5.7138
v  3.6556 -12.6926 -6.7627
v  4.7135 -10.4085 -3.2959
v  3.6556 -7.9415 -2.6348
v  3.6556 -7.4786 -3.7524
v  4.7135 -9.6905 -5.0294
v  -3.6556 -7.9415 -2.6348
v  -4.7135 -10.4085 -3.2959
v  -4.7135 -9.6905 -5.0294
v  -4.9025 -9.8966 -5.7138
v  -3.6556 -7.4786 -3.7524
v  -4.7135 -11.2900 -3.5320
v  -3.6556 -13.7570 -4.1931
v  -3.6556 -12.6926 -6.7627
v  -4.7135 -10.4807 -5.4857
v  3.6556 -12.2030 -7.6108
v  4.7135 -9.9911 -6.3337
v  4.7135 -8.7038 -8.0114
v  4.9025 -8.0806 -8.0806
v  3.6556 -10.5098 -9.8174
v  4.7135 -9.2008 -5.8775
v  3.6556 -6.9890 -4.6005
v  3.6556 -6.2526 -5.5601
v  4.7135 -8.0586 -7.3661
v  -3.6556 -6.9890 -4.6005
v  -4.7135 -9.2008 -5.8775
v  -4.7135 -8.0586 -7.3661
v  -4.9025 -8.0806 -8.0806
v  -3.6556 -6.2526 -5.5601
v  -4.7135 -9.9911 -6.3337
v  -3.6556 -12.2030 -7.6108
v  -3.6556 -10.5098 -9.8174
v  -4.7135 -8.7038 -8.0114
v  3.6556 -9.8174 -10.5098
v  4.7135 -8.0114 -8.7038
v  4.7135 -6.3337 -9.9911
v  4.9025 -5.7138 -9.8966
v  3.6556 -7.6108 -12.2030
v  4.7135 -7.3661 -8.0586
v  3.6556 -5.5601 -6.2526
v  3.6556 -4.6005 -6.9890
v  4.7135 -5.8775 -9.2008
v  -3.6556 -5.5601 -6.2526
v  -4.7135 -7.3661 -8.0586
v  -4.7135 -5.8775 -9.2008
v  -4.9025 -5.7138 -9.8966
v  -3.6556 -4.6005 -6.9890
v  -4.7135 -8.0114 -8.7038
v  -3.6556 -9.8174 -10.5098
v  -3.6556 -7.6108 -12.2030
v  -4.7135 -6.3337 -9.9911
v  3.6556 -6.7627 -12.6926
v  4.7135 -5.4857 -10.4807
v  4.7135 -3.5320 -11.2900
v  4.9025 -2.9577 -11.0382
v  3.6556 -4.1931 -13.7570
v  4.7135 -5.0294 -9.6905
v  3.6556 -3.7524 -7.4786
v  3.6556 -2.6348 -7.9415
v  4.7135 -3.2959 -10.4085
v  -3.6556 -3.7524 -7.4786
v  -4.7135 -5.0294 -9.6905
v  -4.7135 -3.2959 -10.4085
v  -4.9025 -2.9577 -11.0382
v  -3.6556 -2.6348 -7.9415
v  -4.7135 -5.4857 -10.4807
v  -3.6556 -6.7627 -12.6926
v  -3.6556 -4.1931 -13.7570
v  -4.7135 -3.5320 -11.2900
v  3.6556 -3.2472 -14.0105
v  4.7135 -2.5861 -11.5434
v  4.7135 -0.4896 -11.8194
v  3.6556 -0.4896 -14.3735
v  4.7135 -2.3500 -10.6620
v  3.6556 -1.6889 -8.1949
v  3.6556 -0.4896 -8.3528
v  4.7135 -0.4896 -10.9069
v  -3.6556 -1.6889 -8.1949
v  -4.7135 -2.3500 -10.6620
v  -4.7135 -0.4896 -10.9069
v  -3.6556 -0.4896 -8.3528
v  -4.7135 -2.5861 -11.5434
v  -3.6556 -3.2472 -14.0105
v  -3.6556 -0.4896 -14.3735
v  -4.7135 -0.4896 -11.8194
v  2.5247 -13.9051 -0.4280
v  3.5826 -11.3510 -0.4280
v  3.5826 -11.0750 -2.5245
v  2.5247 -13.5420 -3.1855
v  3.5826 -11.3753 -0.5513
v  2.5247 -8.8213 -0.5513
v  2.5247 -8.6634 -1.7506
v  3.5826 -11.1304 -2.4116
v  -2.5247 -8.8213 -0.5513
v  -3.5826 -11.3753 -0.5513
v  -3.5826 -11.1304 -2.4116
v  -2.5247 -8.6634 -1.7506
v  -3.5826 -11.3510 -0.4280
v  -2.5247 -13.9051 -0.4280
v  -2.5247 -13.5420 -3.1855
v  -3.5826 -11.0750 -2.5245
v  2.5247 -13.3205 -4.0123
v  3.5826 -10.8535 -3.3512
v  3.5826 -10.0442 -5.3049
v  2.5247 -12.2561 -6.5819
v  3.5826 -10.8450 -3.4767
v  2.5247 -8.3780 -2.8156
v  2.5247 -7.9151 -3.9332
v  3.5826 -10.1270 -5.2102
v  -2.5247 -8.3780 -2.8156
v  -3.5826 -10.8450 -3.4767
v  -3.5826 -10.1270 -5.2102
v  -2.5247 -7.9151 -3.9332
v  -3.5826 -10.8535 -3.3512
v  -2.5247 -13.3205 -4.0123
v  -2.5247 -12.2561 -6.5819
v  -3.5826 -10.0442 -5.3049
v  2.5247 -11.8282 -7.3232
v  3.5826 -9.6163 -6.0461
v  3.5826 -8.3290 -7.7238
v  2.5247 -10.1350 -9.5298
v  3.5826 -9.5757 -6.1651
v  2.5247 -7.3638 -4.8881
v  2.5247 -6.6274 -5.8478
v  3.5826 -8.4334 -7.6538
v  -2.5247 -7.3638 -4.8881
v  -3.5826 -9.5757 -6.1651
v  -3.5826 -8.4334 -7.6538
v  -2.5247 -6.6274 -5.8478
v  -3.5826 -9.6163 -6.0461
v  -2.5247 -11.8282 -7.3232
v  -2.5247 -10.1350 -9.5298
v  -3.5826 -8.3290 -7.7238
v  2.5247 -9.5298 -10.1350
v  3.5826 -7.7238 -8.3290
v  3.5826 -6.0461 -9.6163
v  2.5247 -7.3232 -11.8282
v  3.5826 -7.6538 -8.4334
v  2.5247 -5.8478 -6.6274
v  2.5247 -4.8881 -7.3638
v  3.5826 -6.1651 -9.5757
v  -2.5247 -5.8478 -6.6274
v  -3.5826 -7.6538 -8.4334
v  -3.5826 -6.1651 -9.5757
v  -2.5247 -4.8881 -7.3638
v  -3.5826 -7.7238 -8.3290
v  -2.5247 -9.5298 -10.1350
v  -2.5247 -7.3232 -11.8282
v  -3.5826 -6.0461 -9.6163
v  2.5247 -6.5819 -12.2561
v  3.5826 -5.3049 -10.0442
v  3.5826 -3.3512 -10.8535
v  2.5247 -4.0123 -13.3205
v  3.5826 -5.2102 -10.1270
v  2.5247 -3.9332 -7.9151
v  2.5247 -2.8156 -8.3780
v  3.5826 -3.4767 -10.8450
v  -2.5247 -3.9332 -7.9151
v  -3.5826 -5.2102 -10.1270
v  -3.5826 -3.4767 -10.8450
v  -2.5247 -2.8156 -8.3780
v  -3.5826 -5.3049 -10.0442
v  -2.5247 -6.5819 -12.2561
v  -2.5247 -4.0123 -13.3205
v  -3.5826 -3.3512 -10.8535
v  2.5247 -3.1855 -13.5420
v  3.5826 -2.5245 -11.0750
v  3.5826 -0.4280 -11.3510
v  2.5247 -0.4280 -13.9051
v  3.5826 -2.4116 -11.1304
v  2.5247 -1.7506 -8.6634
v  2.5247 -0.5513 -8.8213
v  3.5826 -0.5513 -11.3753
v  -2.5247 -1.7506 -8.6634
v  -3.5826 -2.4116 -11.1304
v  -3.5826 -0.5513 -11.3753
v  -2.5247 -0.5513 -8.8213
v  -3.5826 -2.5245 -11.0750
v  -2.5247 -3.1855 -13.5420
v  -2.5247 -0.4280 -13.9051
v  -3.5826 -0.4280 -11.3510
v  1.5853 15.1394 4.0566
v  3.4666 14.3867 3.8549
v  3.4666 7.6898 2.0605
v  0.2265 6.3934 1.7131
v  -0.2265 6.3934 1.7131
v  -3.4666 7.6898 2.0605
v  -3.4666 14.3867 3.8549
v  -1.5853 15.1394 4.0566
v  1.5853 13.5736 7.8367
v  3.4666 12.8988 7.4471
v  3.4666 6.8945 3.9805
v  0.2265 5.7322 3.3095
v  -0.2265 5.7322 3.3095
v  -3.4666 6.8945 3.9805
v  -3.4666 12.8988 7.4471
v  -1.5853 13.5736 7.8367
v  1.5853 11.0828 11.0828
v  3.4666 10.5318 10.5318
v  3.4666 5.6293 5.6293
v  0.2265 4.6803 4.6803
v  -0.2265 4.6803 4.6803
v  -3.4666 5.6293 5.6293
v  -3.4666 10.5318 10.5318
v  -1.5853 11.0828 11.0828
v  1.5853 7.8367 13.5736
v  3.4666 7.4471 12.8988
v  3.4666 3.9805 6.8945
v  0.2265 3.3095 5.7322
v  -0.2265 3.3095 5.7322
v  -3.4666 3.9805 6.8945
v  -3.4666 7.4471 12.8988
v  -1.5853 7.8367 13.5736
v  1.5853 4.0566 15.1394
v  3.4666 3.8549 14.3867
v  3.4666 2.0605 7.6898
v  0.2265 1.7131 6.3934
v  -0.2265 1.7131 6.3934
v  -3.4666 2.0605 7.6898
v  -3.4666 3.8549 14.3867
v  -1.5853 4.0566 15.1394
v  1.5853 0.0000 15.6735
v  3.4666 0.0000 14.8942
v  3.4666 0.0000 7.9610
v  0.2265 0.0000 6.6189
v  -0.2265 0.0000 6.6189
v  -3.4666 0.0000 7.9610
v  -3.4666 0.0000 14.8942
v  -1.5853 0.0000 15.6735
v  3.6556 14.3735 0.4896
v  4.7135 11.8194 0.4896
v  4.7135 11.5434 2.5861
v  4.9025 11.0382 2.9577
v  3.6556 14.0105 3.2472
v  4.7135 10.9069 0.4896
v  3.6556 8.3528 0.4896
v  3.6556 8.1949 1.6889
v  4.7135 10.6620 2.3500
v  -3.6556 8.3528 0.4896
v  -4.7135 10.9069 0.4896
v  -4.7135 10.6620 2.3500
v  -4.9025 11.0382 2.9577
v  -3.6556 8.1949 1.6889
v  -4.7135 11.8194 0.4896
v  -3.6556 14.3735 0.4896
v  -3.6556 14.0105 3.2472
v  -4.7135 11.5434 2.5861
v  3.6556 13.7570 4.1931
v  4.7135 11.2900 3.5320
v  4.7135 10.4807 5.4857
v  4.9025 9.8966 5.7138
v  3.6556 12.6926 6.7627
v  4.7135 10.4085 3.2959
v  3.6556 7.9415 2.6348
v  3.6556 7.4786 3.7524
v  4.7135 9.6905 5.0294
v  -3.6556 7.9415 2.6348
v  -4.7135 10.4085 3.2959
v  -4.7135 9.6905 5.0294
v  -4.9025 9.8966 5.7138
v  -3.6556 7.4786 3.7524
v  -4.7135 11.2900 3.5320
v  -3.6556 13.7570 4.1931
v  -3.6556 12.6926 6.7627
v  -4.7135 10.4807 5.4857
v  3.6556 12.2030 7.6108
v  4.7135 9.9911 6.3337
v  4.7135 8.7038 8.0114
v  4.9025 8.0806 8.0806
v  3.6556 10.5098 9.8174
v  4.7135 9.2008 5.8775
v  3.6556 6.9890 4.6005
v  3.6556 6.2526 5.5601
v  4.7135 8.0586 7.3661
v  -3.6556 6.9890 4.6005
v  -4.7135 9.2008 5.8775
v  -4.7135 8.0586 7.3661
v  -4.9025 8.0806 8.0806
v  -3.6556 6.2526 5.5601
v  -4.7135 9.9911 6.3337
v  -3.6556 12.2030 7.6108
v  -3.6556 10.5098 9.8174
v  -4.7135 8.7038 8.0114
v  3.6556 9.8174 10.5098
v  4.7135 8.0114 8.7038
v  4.7135 6.3337 9.9911
v  4.9025 5.7138 9.8966
v  3.6556 7.6108 12.2030
v  4.7135 7.3661 8.0586
v  3.6556 5.5601 6.2526
v  3.6556 4.6005 6.9890
v  4.7135 5.8775 9.2008
v  -3.6556 5.5601 6.2526
v  -4.7135 7.3661 8.0586
v  -4.7135 5.8775 9.2008
v  -4.9025 5.7138 9.8966
v  -3.6556 4.6005 6.9890
v  -4.7135 8.0114 8.7038
v  -3.6556 9.8174 10.5098
v  -3.6556 7.6108 12.2030
v  -4.7135 6.3337 9.9911
v  3.6556 6.7627 12.6926
v  4.7135 5.4857 10.4807
v  4.7135 3.5320 11.2900
v  4.9025 2.9577 11.0382
v  3.6556 4.1931 13.7570
v  4.7135 5.0294 9.6905
v  3.6556 3.7524 7.4786
v  3.6556 2.6348 7.9415
v  4.7135 3.2959 10.4085
v  -3.6556 3.7524 7.4786
v  -4.7135 5.0294 9.6905
v  -4.7135 3.2959 10.4085
v  -4.9025 2.9577 11.0382
v  -3.6556 2.6348 7.9415
v  -4.7135 5.4857 10.4807
v  -3.6556 6.7627 12.6926
v  -3.6556 4.1931 13.7570
v  -4.7135 3.5320 11.2900
v  3.6556 3.2472 14.0105
v  4.7135 2.5861 11.5434
v  4.7135 0.4896 11.8194
v  4.9025 0.0000 11.4276
v  3.6556 0.4896 14.3735
v  4.7135 2.3500 10.6620
v  3.6556 1.6889 8.1949
v  3.6556 0.4896 8.3528
v  4.7135 0.4896 10.9069
v  -3.6556 1.6889 8.1949
v  -4.7135 2.3500 10.6620
v  -4.7135 0.4896 10.9069
v  -4.9025 0.0000 11.4276
v  -3.6556 0.4896 8.3528
v  -4.7135 2.5861 11.5434
v  -3.6556 3.2472 14.0105
v  -3.6556 0.4896 14.3735
v  -4.7135 0.4896 11.8194
v  2.5247 13.9051 0.4280
v  3.5826 11.3510 0.4280
v  3.5826 11.0750 2.5245
v  2.5247 13.5420 3.1855
v  3.5826 11.3753 0.5513
v  2.5247 8.8213 0.5513
v  2.5247 8.6634 1.7506
v  3.5826 11.1304 2.4116
v  -2.5247 8.8213 0.5513
v  -3.5826 11.3753 0.5513
v  -3.5826 11.1304 2.4116
v  -2.5247 8.6634 1.7506
v  -3.5826 11.3510 0.4280
v  -2.5247 13.9051 0.4280
v  -2.5247 13.5420 3.1855
v  -3.5826 11.0750 2.5245
v  2.5247 13.3205 4.0123
v  3.5826 10.8535 3.3512
v  3.5826 10.0442 5.3049
v  2.5247 12.2561 6.5819
v  3.5826 10.8450 3.4767
v  2.5247 8.3780 2.8156
v  2.5247 7.9151 3.9332
v  3.5826 10.1270 5.2102
v  -2.5247 8.3780 2.8156
v  -3.5826 10.8450 3.4767
v  -3.5826 10.1270 5.2102
v  -2.5247 7.9151 3.9332
v  -3.5826 10.8535 3.3512
v  -2.5247 13.3205 4.0123
v  -2.5247 12.2561 6.5819
v  -3.5826 10.0442 5.3049
v  2.5247 11.8282 7.3232
v  3.5826 9.6163 6.0461
v  3.5826 8.3290 7.7238
v  2.5247 10.1350 9.5298
v  3.5826 9.5757 6.1651
v  2.5247 7.3638 4.8881
v  2.5247 6.6274 5.8478
v  3.5826 8.4334 7.6538
v  -2.5247 7.3638 4.8881
v  -3.5826 9.5757 6.1651
v  -3.5826 8.4334 7.6538
v  -2.5247 6.6274 5.8478
v  -3.5826 9.6163 6.0461
v  -2.5247 11.8282 7.3232
v  -2.5247 10.1350 9.5298
v  -3.5826 8.3290 7.7238
v  2.5247 9.5298 10.1350
v  3.5826 7.7238 8.3290
v  3.5826 6.0461 9.6163
v  2.5247 7.3232 11.8282
v  3.5826 7.6538 8.4334
v  2.5247 5.8478 6.6274
v  2.5247 4.8881 7.3638
v  3.5826 6.1651 9.5757
v  -2.5247 5.8478 6.6274
v  -3.5826 7.6538 8.4334
v  -3.5826 6.1651 9.5757
v  -2.5247 4.8881 7.3638
v  -3.5826 7.7238 8.3290
v  -2.5247 9.5298 10.1350
v  -2.5247 7.3232 11.8282
v  -3.5826 6.0461 9.6163
v  2.5247 6.5819 12.2561
v  3.5826 5.3049 10.0442
v  3.5826 3.3512 10.8535
v  2.5247 4.0123 13.3205
v  3.5826 5.2102 10.1270
v  2.5247 3.9332 7.9151
v  2.5247 2.8156 8.3780
v  3.5826 3.4767 10.8450
v  -2.5247 3.9332 7.9151
v  -3.5826 5.2102 10.1270
v  -3.5826 3.4767 10.8450
v  -2.5247 2.8156 8.3780
v  -3.5826 5.3049 10.0442
v  -2.5247 6.5819 12.2561
v  -2.5247 4.0123 13.3205
v  -3.5826 3.3512 10.8535
v  2.5247 3.1855 13.5420
v  3.5826 2.5245 11.0750
v  3.5826 0.4280 11.3510
v  2.5247 0.4280 13.9051
v  3.5826 2.4116 11.1304
v  2.5247 1.7506 8.6634
v  2.5247 0.5513 8.8213
v  3.5826 0.5513 11.3753
v  -2.5247 1.7506 8.6634
v  -3.5826 2.4116 11.1304
v  -3.5826 0.5513 11.3753
v  -2.5247 0.5513 8.8213
v  -3.5826 2.5245 11.0750
v  -2.5247 3.1855 13.5420
v  -2.5247 0.4280 13.9051
v  -3.5826 0.4280 11.3510
v  3.4666 -14.3867 3.8549
v  1.5853 -15.1394 4.0566
v  0.2265 -6.3934 1.7131
v  3.4666 -7.6898 2.0605
v  -3.4666 -7.6898 2.0605
v  -0.2265 -6.3934 1.7131
v  -1.5853 -15.1394 4.0566
v  -3.4666 -14.3867 3.8549
v  3.4666 -12.8988 7.4471
v  1.5853 -13.5736 7.8367
v  0.2265 -5.7322 3.3095
v  3.4666 -6.8945 3.9805
v  -3.4666 -6.8945 3.9805
v  -0.2265 -5.7322 3.3095
v  -1.5853 -13.5736 7.8367
v  -3.4666 -12.8988 7.4471
v  3.4666 -10.5318 10.5318
v  1.5853 -11.0828 11.0828
v  0.2265 -4.6803 4.6803
v  3.4666 -5.6293 5.6293
v  -3.4666 -5.6293 5.6293
v  -0.2265 -4.6803 4.6803
v  -1.5853 -11.0828 11.0828
v  -3.4666 -10.5318 10.5318
v  3.4666 -7.4471 12.8988
v  1.5853 -7.8367 13.5736
v  0.2265 -3.3095 5.7322
v  3.4666 -3.9805 6.8945
v  -3.4666 -3.9805 6.8945
v  -0.2265 -3.3095 5.7322
v  -1.5853 -7.8367 13.5736
v  -3.4666 -7.4471 12.8988
v  3.4666 -3.8549 14.3867
v  1.5853 -4.0566 15.1394
v  0.2265 -1.7131 6.3934
v  3.4666 -2.0605 7.6898
v  -3.4666 -2.0605 7.6898
v  -0.2265 -1.7131 6.3934
v  -1.5853 -4.0566 15.1394
v  -3.4666 -3.8549 14.3867
v  4.7135 -11.8194 0.4896
v  3.6556 -14.3735 0.4896
v  4.9025 -11.0382 2.9577
v  4.7135 -11.5434 2.5861
v  3.6556 -14.0105 3.2472
v  3.6556 -8.3528 0.4896
v  4.7135 -10.9069 0.4896
v  3.6556 -8.1949 1.6889
v  4.7135 -10.6620 2.3500
v  -4.7135 -10.9069 0.4896
v  -3.6556 -8.3528 0.4896
v  -4.9025 -11.0382 2.9577
v  -4.7135 -10.6620 2.3500
v  -3.6556 -8.1949 1.6889
v  -3.6556 -14.3735 0.4896
v  -4.7135 -11.8194 0.4896
v  -3.6556 -14.0105 3.2472
v  -4.7135 -11.5434 2.5861
v  4.7135 -11.2900 3.5320
v  3.6556 -13.7570 4.1931
v  4.9025 -9.8966 5.7138
v  4.7135 -10.4807 5.4857
v  3.6556 -12.6926 6.7627
v  3.6556 -7.9415 2.6348
v  4.7135 -10.4085 3.2959
v  3.6556 -7.4786 3.7524
v  4.7135 -9.6905 5.0294
v  -4.7135 -10.4085 3.2959
v  -3.6556 -7.9415 2.6348
v  -4.9025 -9.8966 5.7138
v  -4.7135 -9.6905 5.0294
v  -3.6556 -7.4786 3.7524
v  -3.6556 -13.7570 4.1931
v  -4.7135 -11.2900 3.5320
v  -3.6556 -12.6926 6.7627
v  -4.7135 -10.4807 5.4857
v  4.7135 -9.9911 6.3337
v  3.6556 -12.2030 7.6108
v  4.9025 -8.0806 8.0806
v  4.7135 -8.7038 8.0114
v  3.6556 -10.5098 9.8174
v  3.6556 -6.9890 4.6005
v  4.7135 -9.2008 5.8775
v  3.6556 -6.2526 5.5601
v  4.7135 -8.0586 7.3661
v  -4.7135 -9.2008 5.8775
v  -3.6556 -6.9890 4.6005
v  -4.9025 -8.0806 8.0806
v  -4.7135 -8.0586 7.3661
v  -3.6556 -6.2526 5.5601
v  -3.6556 -12.2030 7.6108
v  -4.7135 -9.9911 6.3337
v  -3.6556 -10.5098 9.8174
v  -4.7135 -8.7038 8.0114
v  4.7135 -8.0114 8.7038
v  3.6556 -9.8174 10.5098
v  4.9025 -5.7138 9.8966
v  4.7135 -6.3337 9.9911
v  3.6556 -7.6108 12.2030
v  3.6556 -5.5601 6.2526
v  4.7135 -7.3661 8.0586
v  3.6556 -4.6005 6.9890
v  4.7135 -5.8775 9.2008
v  -4.7135 -7.3661 8.0586
v  -3.6556 -5.5601 6.2526
v  -4.9025 -5.7138 9.8966
v  -4.7135 -5.8775 9.2008
v  -3.6556 -4.6005 6.9890
v  -3.6556 -9.8174 10.5098
v  -4.7135 -8.0114 8.7038
v  -3.6556 -7.6108 12.2030
v  -4.7135 -6.3337 9.9911
v  4.7135 -5.4857 10.4807
v  3.6556 -6.7627 12.6926
v  4.9025 -2.9577 11.0382
v  4.7135 -3.5320 11.2900
v  3.6556 -4.1931 13.7570
v  3.6556 -3.7524 7.4786
v  4.7135 -5.0294 9.6905
v  3.6556 -2.6348 7.9415
v  4.7135 -3.2959 10.4085
v  -4.7135 -5.0294 9.6905
v  -3.6556 -3.7524 7.4786
v  -4.9025 -2.9577 11.0382
v  -4.7135 -3.2959 10.4085
v  -3.6556 -2.6348 7.9415
v  -3.6556 -6.7627 12.6926
v  -4.7135 -5.4857 10.4807
v  -3.6556 -4.1931 13.7570
v  -4.7135 -3.5320 11.2900
v  4.7135 -2.5861 11.5434
v  3.6556 -3.2472 14.0105
v  4.7135 -0.4896 11.8194
v  3.6556 -0.4896 14.3735
v  3.6556 -1.6889 8.1949
v  4.7135 -2.3500 10.6620
v  3.6556 -0.4896 8.3528
v  4.7135 -0.4896 10.9069
v  -4.7135 -2.3500 10.6620
v  -3.6556 -1.6889 8.1949
v  -4.7135 -0.4896 10.9069
v  -3.6556 -0.4896 8.3528
v  -3.6556 -3.2472 14.0105
v  -4.7135 -2.5861 11.5434
v  -3.6556 -0.4896 14.3735
v  -4.7135 -0.4896 11.8194
v  3.5826 -11.3510 0.4280
v  2.5247 -13.9051 0.4280
v  3.5826 -11.0750 2.5245
v  2.5247 -13.5420 3.1855
v  2.5247 -8.8213 0.5513
v  3.5826 -11.3753 0.5513
v  2.5247 -8.6634 1.7506
v  3.5826 -11.1304 2.4116
v  -3.5826 -11.3753 0.5513
v  -2.5247 -8.8213 0.5513
v  -3.5826 -11.1304 2.4116
v  -2.5247 -8.6634 1.7506
v  -2.5247 -13.9051 0.4280
v  -3.5826 -11.3510 0.4280
v  -2.5247 -13.5420 3.1855
v  -3.5826 -11.0750 2.5245
v  3.5826 -10.8535 3.3512
v  2.5247 -13.3205 4.0123
v  3.5826 -10.0442 5.3049
v  2.5247 -12.2561 6.5819
v  2.5247 -8.3780 2.8156
v  3.5826 -10.8450 3.4767
v  2.5247 -7.9151 3.9332
v  3.5826 -10.1270 5.2102
v  -3.5826 -10.8450 3.4767
v  -2.5247 -8.3780 2.8156
v  -3.5826 -10.1270 5.2102
v  -2.5247 -7.9151 3.9332
v  -2.5247 -13.3205 4.0123
v  -3.5826 -10.8535 3.3512
v  -2.5247 -12.2561 6.5819
v  -3.5826 -10.0442 5.3049
v  3.5826 -9.6163 6.0461
v  2.5247 -11.8282 7.3232
v  3.5826 -8.3290 7.7238
v  2.5247 -10.1350 9.5298
v  2.5247 -7.3638 4.8881
v  3.5826 -9.5757 6.1651
v  2.5247 -6.6274 5.8478
v  3.5826 -8.4334 7.6538
v  -3.5826 -9.5757 6.1651
v  -2.5247 -7.3638 4.8881
v  -3.5826 -8.4334 7.6538
v  -2.5247 -6.6274 5.8478
v  -2.5247 -11.8282 7.3232
v  -3.5826 -9.6163 6.0461
v  -2.5247 -10.1350 9.5298
v  -3.5826 -8.3290 7.7238
v  3.5826 -7.7238 8.3290
v  2.5247 -9.5298 10.1350
v  3.5826 -6.0461 9.6163
v  2.5247 -7.3232 11.8282
v  2.5247 -5.8478 6.6274
v  3.5826 -7.6538 8.4334
v  2.5247 -4.8881 7.3638
v  3.5826 -6.1651 9.5757
v  -3.5826 -7.6538 8.4334
v  -2.5247 -5.8478 6.6274
v  -3.5826 -6.1651 9.5757
v  -2.5247 -4.8881 7.3638
v  -2.5247 -9.5298 10.1350
v  -3.5826 -7.7238 8.3290
v  -2.5247 -7.3232 11.8282
v  -3.5826 -6.0461 9.6163
v  3.5826 -5.3049 10.0442
v  2.5247 -6.5819 12.2561
v  3.5826 -3.3512 10.8535
v  2.5247 -4.0123 13.3205
v  2.5247 -3.9332 7.9151
v  3.5826 -5.2102 10.1270
v  2.5247 -2.8156 8.3780
v  3.5826 -3.4767 10.8450
v  -3.5826 -5.2102 10.1270
v  -2.5247 -3.9332 7.9151
v  -3.5826 -3.4767 10.8450
v  -2.5247 -2.8156 8.3780
v  -2.5247 -6.5819 12.2561
v  -3.5826 -5.3049 10.0442
v  -2.5247 -4.0123 13.3205
v  -3.5826 -3.3512 10.8535
v  3.5826 -2.5245 11.0750
v  2.5247 -3.1855 13.5420
v  3.5826 -0.4280 11.3510
v  2.5247 -0.4280 13.9051
v  2.5247 -1.7506 8.6634
v  3.5826 -2.4116 11.1304
v  2.5247 -0.5513 8.8213
v  3.5826 -0.5513 11.3753
v  -3.5826 -2.4116 11.1304
v  -2.5247 -1.7506 8.6634
v  -3.5826 -0.5513 11.3753
v  -2.5247 -0.5513 8.8213
v  -2.5247 -3.1855 13.5420
v  -3.5826 -2.5245 11.0750
v  -2.5247 -0.4280 13.9051
v  -3.5826 -0.4280 11.3510
v  -1.9111 -3.8777 28.4380
v  -1.9111 3.7209 28.4380
v  -1.9111 3.6264 14.4314
v  -1.9111 -3.6264 14.4314
v  1.6263 -3.6326 28.1928
v  1.6263 -3.6264 14.4314
v  1.6263 3.6264 14.4314
v  1.6263 3.7209 28.4380
v  1.6263 -3.8777 28.4380
v  1.6263 -3.8777 33.0172
v  0.5856 -10.9889 29.7962
v  0.5856 -10.9889 25.2633
v  -1.9111 -3.8777 33.0172
v  -0.8704 -10.9889 25.2633
v  -0.8704 -10.9889 29.7962
v  -1.9111 3.7209 33.0172
v  -0.8704 10.8321 29.7962
v  -0.8704 10.8321 25.2633
v  1.6263 3.7209 33.0172
v  0.5856 10.8321 25.2633
v  0.5856 10.8321 29.7962
v  -1.9111 26.5669 -10.8608
v  -1.9111 22.7675 -17.4414
v  -1.9111 10.6847 -10.3563
v  -1.9111 14.3111 -4.0751
v  1.6263 26.2320 -10.9505
v  1.6263 14.3111 -4.0751
v  1.6263 10.6847 -10.3563
v  1.6263 22.7675 -17.4414
v  1.6263 26.5669 -10.8608
v  1.6263 30.5326 -13.1504
v  0.5856 31.2987 -5.3814
v  0.5856 27.3731 -3.1150
v  -1.9111 30.5326 -13.1504
v  -0.8704 27.3731 -3.1150
v  -0.8704 31.2987 -5.3814
v  -1.9111 26.7332 -19.7310
v  -0.8704 20.3882 -24.2790
v  -0.8704 16.4626 -22.0126
v  1.6263 26.7332 -19.7310
v  0.5856 16.4626 -22.0126
v  0.5856 20.3882 -24.2790
v  -1.9111 -22.6891 -17.5772
v  -1.9111 -26.4885 -10.9966
v  -1.9111 -14.3111 -4.0751
v  -1.9111 -10.6847 -10.3563
v  1.6263 -22.5994 -17.2423
v  1.6263 -10.6847 -10.3563
v  1.6263 -14.3111 -4.0751
v  1.6263 -26.4885 -10.9966
v  1.6263 -22.6891 -17.5772
v  1.6263 -26.6548 -19.8668
v  0.5856 -20.3098 -24.4148
v  0.5856 -16.3842 -22.1484
v  -1.9111 -26.6548 -19.8668
v  -0.8704 -16.3842 -22.1484
v  -0.8704 -20.3098 -24.4148
v  -1.9111 -30.4542 -13.2862
v  -0.8704 -31.2203 -5.5172
v  -0.8704 -27.2947 -3.2507
v  1.6263 -30.4542 -13.2862
v  0.5856 -27.2947 -3.2507
v  0.5856 -31.2203 -5.5172
# 1071 vertices

vn 0.3827 0.9239 -0.0000
vn 0.6915 0.7223 -0.0000
vn 0.6915 0.6977 -0.1870
vn 0.3827 0.8924 -0.2391
vn 0.7234 -0.6905 0.0000
vn 0.1983 -0.9801 0.0000
vn 0.1983 -0.9468 0.2537
vn 0.7234 -0.6669 0.1787
vn -0.1983 -0.9801 -0.0000
vn -0.7234 -0.6905 -0.0000
vn -0.7234 -0.6669 0.1787
vn -0.1983 -0.9467 0.2537
vn -0.6915 0.7223 0.0000
vn -0.3827 0.9239 0.0000
vn -0.3827 0.8924 -0.2391
vn -0.6915 0.6977 -0.1870
vn 0.6915 0.6256 -0.3612
vn 0.3827 0.8001 -0.4619
vn 0.1983 -0.8488 0.4901
vn 0.7234 -0.5980 0.3452
vn -0.7234 -0.5980 0.3452
vn -0.1983 -0.8488 0.4901
vn -0.3827 0.8001 -0.4619
vn -0.6915 0.6256 -0.3612
vn 0.6915 0.5108 -0.5108
vn 0.3827 0.6533 -0.6533
vn 0.1983 -0.6931 0.6931
vn 0.7234 -0.4882 0.4882
vn -0.7234 -0.4882 0.4882
vn -0.1983 -0.6931 0.6931
vn -0.3827 0.6533 -0.6533
vn -0.6915 0.5108 -0.5108
vn 0.6915 0.3612 -0.6256
vn 0.3827 0.4619 -0.8001
vn 0.1983 -0.4901 0.8488
vn 0.7234 -0.3452 0.5980
vn -0.7234 -0.3452 0.5980
vn -0.1983 -0.4901 0.8488
vn -0.3827 0.4619 -0.8001
vn -0.6915 0.3612 -0.6256
vn 0.6915 0.1870 -0.6977
vn 0.3827 0.2391 -0.8924
vn 0.1983 -0.2537 0.9467
vn 0.7234 -0.1787 0.6669
vn -0.7234 -0.1787 0.6669
vn -0.1983 -0.2537 0.9467
vn -0.3827 0.2391 -0.8924
vn -0.6915 0.1870 -0.6977
vn 0.6915 -0.0000 -0.7223
vn 0.3827 0.0000 -0.9239
vn 0.1983 0.0000 0.9801
vn 0.7234 0.0000 0.6905
vn -0.7234 -0.0000 0.6905
vn -0.1983 -0.0000 0.9801
vn -0.3827 0.0000 -0.9239
vn -0.6915 0.0000 -0.7223
vn 0.9995 0.0319 0.0000
vn 0.6897 0.6128 -0.3856
vn 0.9486 0.0722 -0.3083
vn 0.9995 0.0308 -0.0082
vn 0.6897 0.6918 0.2137
vn 0.9485 0.1496 0.2792
vn 0.9528 -0.0675 -0.2959
vn 0.7461 -0.6298 -0.2160
vn 0.9528 0.0114 0.3034
vn 0.7462 -0.5524 0.3715
vn -0.9995 0.0319 0.0000
vn -0.7462 -0.6297 -0.2160
vn -0.9528 -0.0675 -0.2960
vn -0.9995 0.0308 -0.0082
vn -0.7462 -0.5524 0.3716
vn -0.9528 0.0114 0.3034
vn -0.9485 0.0722 -0.3083
vn -0.6897 0.6128 -0.3856
vn -0.9485 0.1496 0.2792
vn -0.6897 0.6918 0.2137
vn 0.6897 0.4922 -0.5311
vn 0.9485 -0.0101 -0.3165
vn 0.9995 0.0276 -0.0159
vn 0.6897 0.7235 0.0275
vn 0.9485 0.2167 0.2309
vn 0.9528 -0.1418 -0.2684
vn 0.7462 -0.6642 -0.0456
vn 0.9528 0.0896 0.2901
vn 0.7462 -0.4375 0.5018
vn -0.7462 -0.6641 -0.0456
vn -0.9528 -0.1417 -0.2685
vn -0.9995 0.0276 -0.0159
vn -0.7462 -0.4374 0.5019
vn -0.9528 0.0896 0.2901
vn -0.9485 -0.0101 -0.3165
vn -0.6897 0.4922 -0.5311
vn -0.9485 0.2167 0.2309
vn -0.6897 0.7235 0.0275
vn 0.6897 0.3380 -0.6403
vn 0.9485 -0.0916 -0.3031
vn 0.9995 0.0225 -0.0225
vn 0.6897 0.7060 -0.1607
vn 0.9485 0.2691 0.1670
vn 0.9528 -0.2064 -0.2226
vn 0.7462 -0.6534 0.1279
vn 0.9528 0.1616 0.2571
vn 0.7462 -0.2927 0.5980
vn -0.7462 -0.6534 0.1279
vn -0.9528 -0.2064 -0.2226
vn -0.9995 0.0225 -0.0225
vn -0.7462 -0.2927 0.5980
vn -0.9528 0.1616 0.2571
vn -0.9485 -0.0916 -0.3031
vn -0.6897 0.3380 -0.6403
vn -0.9485 0.2691 0.1670
vn -0.6897 0.7060 -0.1607
vn 0.6897 0.1608 -0.7060
vn 0.9485 -0.1670 -0.2691
vn 0.9995 0.0159 -0.0276
vn 0.6897 0.6404 -0.3380
vn 0.9485 0.3032 0.0916
vn 0.9528 -0.2570 -0.1615
vn 0.7462 -0.5980 0.2927
vn 0.9528 0.2226 0.2064
vn 0.7462 -0.1279 0.6533
vn -0.7462 -0.5980 0.2927
vn -0.9528 -0.2571 -0.1616
vn -0.9995 0.0159 -0.0276
vn -0.7462 -0.1279 0.6534
vn -0.9528 0.2226 0.2064
vn -0.9485 -0.1670 -0.2691
vn -0.6897 0.1608 -0.7060
vn -0.9485 0.3031 0.0916
vn -0.6897 0.6403 -0.3381
vn 0.6897 -0.0275 -0.7236
vn 0.9485 -0.2310 -0.2167
vn 0.9995 0.0082 -0.0308
vn 0.6897 0.5311 -0.4922
vn 0.9485 0.3165 0.0101
vn 0.9528 -0.2901 -0.0895
vn 0.7462 -0.5019 0.4374
vn 0.9528 0.2684 0.1418
vn 0.7462 0.0456 0.6641
vn -0.7462 -0.5018 0.4375
vn -0.9528 -0.2901 -0.0895
vn -0.9995 0.0082 -0.0308
vn -0.7462 0.0456 0.6641
vn -0.9528 0.2685 0.1417
vn -0.9486 -0.2309 -0.2167
vn -0.6897 -0.0275 -0.7236
vn -0.9485 0.3166 0.0100
vn -0.6897 0.5310 -0.4923
vn 0.6897 -0.2137 -0.6918
vn 0.9485 -0.2792 -0.1496
vn 0.9995 0.0000 -0.0319
vn 0.6898 0.3855 -0.6128
vn 0.9485 0.3084 -0.0722
vn 0.9528 -0.3034 -0.0114
vn 0.7462 -0.3716 0.5524
vn 0.9528 0.2959 0.0675
vn 0.7462 0.2160 0.6297
vn -0.7462 -0.3715 0.5524
vn -0.9528 -0.3034 -0.0114
vn -0.9995 0.0000 -0.0319
vn -0.7461 0.2160 0.6298
vn -0.9528 0.2960 0.0675
vn -0.9485 -0.2792 -0.1496
vn -0.6897 -0.2137 -0.6918
vn -0.9486 0.3083 -0.0722
vn -0.6897 0.3857 -0.6128
vn -0.2886 0.5982 -0.7476
vn 0.2556 -0.7042 -0.6624
vn -0.2885 0.7713 0.5674
vn 0.2557 -0.5090 0.8219
vn 0.2885 0.5981 -0.7476
vn -0.2556 -0.7043 -0.6623
vn 0.2886 0.7713 0.5673
vn -0.2556 -0.5089 0.8220
vn 0.2556 -0.7043 -0.6622
vn -0.2885 0.5981 -0.7476
vn 0.2556 -0.5088 0.8221
vn -0.2886 0.7713 0.5673
vn -0.2556 -0.7042 -0.6624
vn 0.2886 0.5984 -0.7474
vn -0.2886 0.3843 -0.8769
vn 0.2556 -0.8517 -0.4574
vn -0.2886 0.8919 0.3483
vn 0.2556 -0.2788 0.9257
vn 0.2886 0.3843 -0.8769
vn -0.2557 -0.8518 -0.4573
vn 0.2886 0.8919 0.3482
vn -0.2556 -0.2788 0.9257
vn -0.2886 0.8919 0.3482
vn -0.2556 -0.8517 -0.4574
vn 0.2886 0.8919 0.3483
vn -0.2886 0.1443 -0.9465
vn 0.2556 -0.9411 -0.2214
vn -0.2886 0.9516 0.1056
vn 0.2556 -0.0297 0.9663
vn 0.2886 0.1443 -0.9465
vn -0.2556 -0.9411 -0.2214
vn 0.2886 0.9516 0.1055
vn -0.2556 -0.0297 0.9663
vn -0.2556 -0.9411 -0.2215
vn -0.2886 -0.1056 -0.9516
vn 0.2556 -0.9663 0.0297
vn -0.2886 0.9465 -0.1443
vn 0.2557 0.2213 0.9411
vn 0.2886 -0.1055 -0.9516
vn -0.2556 -0.9663 0.0297
vn 0.2886 0.9465 -0.1443
vn -0.2556 0.2214 0.9411
vn 0.2556 0.2215 0.9411
vn -0.2556 -0.9663 0.0296
vn 0.2885 -0.1057 -0.9516
vn -0.2886 -0.3483 -0.8919
vn 0.2556 -0.9257 0.2788
vn -0.2886 0.8769 -0.3843
vn 0.2556 0.4574 0.8517
vn 0.2886 -0.3482 -0.8919
vn -0.2556 -0.9257 0.2788
vn 0.2885 0.8770 -0.3843
vn -0.2557 0.4573 0.8518
vn 0.2557 -0.9257 0.2789
vn 0.2557 0.4573 0.8518
vn -0.2885 0.8770 -0.3843
vn 0.2886 -0.3483 -0.8919
vn -0.2557 0.4572 0.8518
vn -0.2886 -0.5673 -0.7713
vn 0.2557 -0.8218 0.5091
vn -0.2885 0.7477 -0.5981
vn 0.2556 0.6623 0.7043
vn 0.2886 -0.5673 -0.7713
vn -0.2556 -0.8221 0.5088
vn 0.2885 0.7476 -0.5981
vn -0.2556 0.6623 0.7043
vn 0.2556 -0.8221 0.5088
vn 0.2556 0.6622 0.7043
vn -0.2885 0.7476 -0.5981
vn -0.2557 -0.8219 0.5090
vn 0.2885 -0.5674 -0.7713
vn 0.2886 0.7476 -0.5982
vn 0.3827 -0.9239 -0.0000
vn 0.3827 -0.8924 -0.2391
vn 0.6915 -0.6977 -0.1870
vn 0.6915 -0.7223 -0.0000
vn 0.7234 0.6905 0.0000
vn 0.7234 0.6669 0.1787
vn 0.1983 0.9468 0.2537
vn 0.1983 0.9801 0.0000
vn -0.1983 0.9801 -0.0000
vn -0.1983 0.9467 0.2537
vn -0.7234 0.6669 0.1787
vn -0.7234 0.6905 -0.0000
vn -0.6915 -0.7223 0.0000
vn -0.6915 -0.6977 -0.1870
vn -0.3827 -0.8924 -0.2391
vn -0.3827 -0.9239 0.0000
vn 0.3827 -0.8001 -0.4619
vn 0.6915 -0.6256 -0.3612
vn 0.7234 0.5980 0.3452
vn 0.1983 0.8488 0.4901
vn -0.1983 0.8488 0.4901
vn -0.7234 0.5980 0.3452
vn -0.6915 -0.6256 -0.3612
vn -0.3827 -0.8001 -0.4619
vn 0.3827 -0.6533 -0.6533
vn 0.6915 -0.5108 -0.5108
vn 0.7234 0.4882 0.4882
vn 0.1983 0.6931 0.6931
vn -0.1983 0.6931 0.6931
vn -0.7234 0.4882 0.4882
vn -0.6915 -0.5108 -0.5108
vn -0.3827 -0.6533 -0.6533
vn 0.3827 -0.4619 -0.8001
vn 0.6915 -0.3612 -0.6256
vn 0.7234 0.3452 0.5980
vn 0.1983 0.4901 0.8488
vn -0.1983 0.4901 0.8488
vn -0.7234 0.3452 0.5980
vn -0.6915 -0.3612 -0.6256
vn -0.3827 -0.4619 -0.8001
vn 0.3827 -0.2391 -0.8924
vn 0.6915 -0.1870 -0.6977
vn 0.7234 0.1787 0.6669
vn 0.1983 0.2537 0.9467
vn -0.1983 0.2537 0.9467
vn -0.7234 0.1787 0.6669
vn -0.6915 -0.1870 -0.6977
vn -0.3827 -0.2391 -0.8924
vn 0.9486 -0.0722 -0.3083
vn 0.6897 -0.6128 -0.3856
vn 0.9995 -0.0319 0.0000
vn 0.6897 -0.6918 0.2137
vn 0.9995 -0.0308 -0.0082
vn 0.9485 -0.1496 0.2792
vn 0.7461 0.6298 -0.2160
vn 0.9528 0.0675 -0.2959
vn 0.9528 -0.0114 0.3034
vn 0.7462 0.5524 0.3715
vn -0.9528 0.0675 -0.2960
vn -0.7462 0.6297 -0.2160
vn -0.9995 -0.0319 0.0000
vn -0.7462 0.5524 0.3716
vn -0.9995 -0.0308 -0.0082
vn -0.9528 -0.0114 0.3034
vn -0.6897 -0.6128 -0.3856
vn -0.9485 -0.0722 -0.3083
vn -0.9485 -0.1496 0.2792
vn -0.6897 -0.6918 0.2137
vn 0.9485 0.0101 -0.3165
vn 0.6897 -0.4922 -0.5311
vn 0.6897 -0.7235 0.0275
vn 0.9995 -0.0276 -0.0159
vn 0.9485 -0.2167 0.2309
vn 0.7462 0.6642 -0.0456
vn 0.9528 0.1418 -0.2684
vn 0.9528 -0.0896 0.2901
vn 0.7462 0.4375 0.5018
vn -0.9528 0.1417 -0.2685
vn -0.7462 0.6641 -0.0456
vn -0.7462 0.4374 0.5019
vn -0.9995 -0.0276 -0.0159
vn -0.9528 -0.0896 0.2901
vn -0.6897 -0.4922 -0.5311
vn -0.9485 0.0101 -0.3165
vn -0.9485 -0.2167 0.2309
vn -0.6897 -0.7235 0.0275
vn 0.9485 0.0916 -0.3031
vn 0.6897 -0.3380 -0.6403
vn 0.6897 -0.7060 -0.1607
vn 0.9995 -0.0225 -0.0225
vn 0.9485 -0.2691 0.1670
vn 0.7462 0.6534 0.1279
vn 0.9528 0.2064 -0.2226
vn 0.9528 -0.1616 0.2571
vn 0.7462 0.2927 0.5980
vn -0.9528 0.2064 -0.2226
vn -0.7462 0.6534 0.1279
vn -0.7462 0.2927 0.5980
vn -0.9995 -0.0225 -0.0225
vn -0.9528 -0.1616 0.2571
vn -0.6897 -0.3380 -0.6403
vn -0.9485 0.0916 -0.3031
vn -0.9485 -0.2691 0.1670
vn -0.6897 -0.7060 -0.1607
vn 0.9485 0.1670 -0.2691
vn 0.6897 -0.1608 -0.7060
vn 0.6897 -0.6404 -0.3380
vn 0.9995 -0.0159 -0.0276
vn 0.9485 -0.3032 0.0916
vn 0.7462 0.5980 0.2927
vn 0.9528 0.2570 -0.1615
vn 0.9528 -0.2226 0.2064
vn 0.7462 0.1279 0.6533
vn -0.9528 0.2571 -0.1616
vn -0.7462 0.5980 0.2927
vn -0.7462 0.1279 0.6534
vn -0.9995 -0.0159 -0.0276
vn -0.9528 -0.2226 0.2064
vn -0.6897 -0.1608 -0.7060
vn -0.9485 0.1670 -0.2691
vn -0.9485 -0.3031 0.0916
vn -0.6897 -0.6403 -0.3381
vn 0.9485 0.2310 -0.2167
vn 0.6897 0.0275 -0.7236
vn 0.6897 -0.5311 -0.4922
vn 0.9995 -0.0082 -0.0308
vn 0.9485 -0.3165 0.0101
vn 0.7462 0.5019 0.4374
vn 0.9528 0.2901 -0.0895
vn 0.9528 -0.2684 0.1418
vn 0.7462 -0.0456 0.6641
vn -0.9528 0.2901 -0.0895
vn -0.7462 0.5018 0.4375
vn -0.7462 -0.0456 0.6641
vn -0.9995 -0.0082 -0.0308
vn -0.9528 -0.2685 0.1417
vn -0.6897 0.0275 -0.7236
vn -0.9486 0.2309 -0.2167
vn -0.9485 -0.3166 0.0100
vn -0.6897 -0.5310 -0.4923
vn 0.9485 0.2792 -0.1496
vn 0.6897 0.2137 -0.6918
vn 0.6898 -0.3855 -0.6128
vn 0.9485 -0.3084 -0.0722
vn 0.7462 0.3716 0.5524
vn 0.9528 0.3034 -0.0114
vn 0.9528 -0.2959 0.0675
vn 0.7462 -0.2160 0.6297
vn -0.9528 0.3034 -0.0114
vn -0.7462 0.3715 0.5524
vn -0.7461 -0.2160 0.6298
vn -0.9528 -0.2960 0.0675
vn -0.6897 0.2137 -0.6918
vn -0.9485 0.2792 -0.1496
vn -0.9486 -0.3083 -0.0722
vn -0.6897 -0.3857 -0.6128
vn 0.2556 0.7042 -0.6624
vn -0.2886 -0.5982 -0.7476
vn -0.2885 -0.7713 0.5674
vn 0.2557 0.5090 0.8219
vn -0.2556 0.7043 -0.6623
vn 0.2885 -0.5981 -0.7476
vn 0.2886 -0.7713 0.5673
vn -0.2556 0.5089 0.8220
vn -0.2885 -0.5981 -0.7476
vn 0.2556 0.7043 -0.6622
vn 0.2556 0.5088 0.8221
vn -0.2886 -0.7713 0.5673
vn 0.2886 -0.5984 -0.7474
vn -0.2556 0.7042 -0.6624
vn 0.2556 0.8517 -0.4574
vn -0.2886 -0.3843 -0.8769
vn -0.2886 -0.8919 0.3483
vn 0.2556 0.2788 0.9257
vn -0.2557 0.8518 -0.4573
vn 0.2886 -0.3843 -0.8769
vn 0.2886 -0.8919 0.3482
vn -0.2556 0.2788 0.9257
vn -0.2886 -0.8919 0.3482
vn -0.2556 0.8517 -0.4574
vn 0.2886 -0.8919 0.3483
vn 0.2556 0.9411 -0.2214
vn -0.2886 -0.1443 -0.9465
vn -0.2886 -0.9516 0.1056
vn 0.2556 0.0297 0.9663
vn -0.2556 0.9411 -0.2214
vn 0.2886 -0.1443 -0.9465
vn 0.2886 -0.9516 0.1055
vn -0.2556 0.0297 0.9663
vn -0.2556 0.9411 -0.2215
vn 0.2556 0.9663 0.0297
vn -0.2886 0.1056 -0.9516
vn -0.2886 -0.9465 -0.1443
vn 0.2557 -0.2213 0.9411
vn -0.2556 0.9663 0.0297
vn 0.2886 0.1055 -0.9516
vn 0.2886 -0.9465 -0.1443
vn -0.2556 -0.2214 0.9411
vn 0.2556 -0.2215 0.9411
vn 0.2885 0.1057 -0.9516
vn -0.2556 0.9663 0.0296
vn 0.2556 0.9257 0.2788
vn -0.2886 0.3483 -0.8919
vn -0.2886 -0.8769 -0.3843
vn 0.2556 -0.4574 0.8517
vn -0.2556 0.9257 0.2788
vn 0.2886 0.3482 -0.8919
vn 0.2885 -0.8770 -0.3843
vn -0.2557 -0.4573 0.8518
vn 0.2557 0.9257 0.2789
vn 0.2557 -0.4573 0.8518
vn -0.2885 -0.8770 -0.3843
vn 0.2886 0.3483 -0.8919
vn -0.2557 -0.4572 0.8518
vn 0.2557 0.8218 0.5091
vn -0.2886 0.5673 -0.7713
vn -0.2885 -0.7477 -0.5981
vn 0.2556 -0.6623 0.7043
vn -0.2556 0.8221 0.5088
vn 0.2886 0.5673 -0.7713
vn 0.2885 -0.7476 -0.5981
vn -0.2556 -0.6623 0.7043
vn 0.2556 0.8221 0.5088
vn 0.2556 -0.6622 0.7043
vn -0.2885 -0.7476 -0.5981
vn 0.2885 0.5674 -0.7713
vn -0.2557 0.8219 0.5090
vn 0.2886 -0.7476 -0.5982
vn 0.3827 0.8924 0.2391
vn 0.6915 0.6977 0.1870
vn 0.7234 -0.6669 -0.1787
vn 0.1983 -0.9467 -0.2537
vn -0.1983 -0.9468 -0.2537
vn -0.7234 -0.6669 -0.1787
vn -0.6915 0.6977 0.1870
vn -0.3827 0.8924 0.2391
vn 0.3827 0.8001 0.4619
vn 0.6915 0.6256 0.3612
vn 0.7234 -0.5980 -0.3452
vn 0.1983 -0.8488 -0.4901
vn -0.1983 -0.8488 -0.4901
vn -0.7234 -0.5980 -0.3452
vn -0.6915 0.6256 0.3612
vn -0.3827 0.8001 0.4619
vn 0.3827 0.6533 0.6533
vn 0.6915 0.5108 0.5108
vn 0.7234 -0.4882 -0.4882
vn 0.1983 -0.6931 -0.6931
vn -0.1983 -0.6931 -0.6931
vn -0.7234 -0.4882 -0.4882
vn -0.6915 0.5108 0.5108
vn -0.3827 0.6533 0.6533
vn 0.3827 0.4619 0.8001
vn 0.6915 0.3612 0.6256
vn 0.7234 -0.3452 -0.5980
vn 0.1983 -0.4901 -0.8488
vn -0.1983 -0.4901 -0.8488
vn -0.7234 -0.3452 -0.5980
vn -0.6915 0.3612 0.6256
vn -0.3827 0.4619 0.8001
vn 0.3827 0.2391 0.8924
vn 0.6915 0.1870 0.6977
vn 0.7234 -0.1787 -0.6669
vn 0.1983 -0.2537 -0.9467
vn -0.1983 -0.2537 -0.9467
vn -0.7234 -0.1787 -0.6669
vn -0.6915 0.1870 0.6977
vn -0.3827 0.2391 0.8924
vn 0.3827 0.0000 0.9239
vn 0.6915 0.0000 0.7223
vn 0.7234 0.0000 -0.6905
vn 0.1983 0.0000 -0.9801
vn -0.1983 0.0000 -0.9801
vn -0.7234 0.0000 -0.6905
vn -0.6915 0.0000 0.7223
vn -0.3827 0.0000 0.9239
vn 0.9486 0.0722 0.3083
vn 0.6897 0.6128 0.3856
vn 0.6897 0.6918 -0.2137
vn 0.9995 0.0308 0.0082
vn 0.9485 0.1496 -0.2792
vn 0.7462 -0.6297 0.2160
vn 0.9528 -0.0675 0.2959
vn 0.9528 0.0114 -0.3034
vn 0.7462 -0.5524 -0.3716
vn -0.9528 -0.0675 0.2960
vn -0.7461 -0.6298 0.2160
vn -0.7462 -0.5524 -0.3715
vn -0.9995 0.0308 0.0082
vn -0.9528 0.0114 -0.3034
vn -0.6897 0.6128 0.3856
vn -0.9485 0.0722 0.3083
vn -0.9485 0.1496 -0.2792
vn -0.6897 0.6918 -0.2137
vn 0.9485 -0.0101 0.3165
vn 0.6897 0.4922 0.5311
vn 0.6897 0.7235 -0.0275
vn 0.9995 0.0276 0.0159
vn 0.9485 0.2167 -0.2309
vn 0.7462 -0.6641 0.0456
vn 0.9528 -0.1417 0.2685
vn 0.9528 0.0896 -0.2901
vn 0.7462 -0.4374 -0.5019
vn -0.9528 -0.1418 0.2684
vn -0.7462 -0.6642 0.0456
vn -0.7462 -0.4375 -0.5018
vn -0.9995 0.0276 0.0159
vn -0.9528 0.0896 -0.2901
vn -0.6897 0.4922 0.5311
vn -0.9485 -0.0101 0.3165
vn -0.9485 0.2167 -0.2309
vn -0.6897 0.7235 -0.0275
vn 0.9485 -0.0917 0.3032
vn 0.6897 0.3380 0.6403
vn 0.6897 0.7060 0.1607
vn 0.9995 0.0225 0.0225
vn 0.9485 0.2691 -0.1670
vn 0.7462 -0.6533 -0.1279
vn 0.9528 -0.2064 0.2226
vn 0.9528 0.1616 -0.2570
vn 0.7462 -0.2926 -0.5980
vn -0.9528 -0.2064 0.2226
vn -0.7462 -0.6534 -0.1279
vn -0.7462 -0.2926 -0.5980
vn -0.9995 0.0225 0.0225
vn -0.9528 0.1616 -0.2570
vn -0.6897 0.3380 0.6403
vn -0.9485 -0.0916 0.3031
vn -0.9485 0.2691 -0.1670
vn -0.6897 0.7060 0.1607
vn 0.9485 -0.1670 0.2691
vn 0.6897 0.1608 0.7060
vn 0.6897 0.6404 0.3380
vn 0.9995 0.0159 0.0276
vn 0.9485 0.3032 -0.0916
vn 0.7462 -0.5980 -0.2927
vn 0.9528 -0.2571 0.1616
vn 0.9528 0.2226 -0.2064
vn 0.7462 -0.1279 -0.6533
vn -0.9528 -0.2570 0.1616
vn -0.7462 -0.5980 -0.2927
vn -0.7462 -0.1279 -0.6534
vn -0.9995 0.0159 0.0276
vn -0.9528 0.2226 -0.2064
vn -0.6897 0.1608 0.7060
vn -0.9485 -0.1670 0.2691
vn -0.9485 0.3031 -0.0916
vn -0.6897 0.6403 0.3381
vn 0.9485 -0.2310 0.2167
vn 0.6897 -0.0275 0.7236
vn 0.6897 0.5311 0.4922
vn 0.9995 0.0082 0.0308
vn 0.9485 0.3166 -0.0100
vn 0.7462 -0.5019 -0.4374
vn 0.9528 -0.2901 0.0895
vn 0.9528 0.2684 -0.1418
vn 0.7462 0.0456 -0.6641
vn -0.9528 -0.2901 0.0895
vn -0.7462 -0.5018 -0.4375
vn -0.7462 0.0456 -0.6641
vn -0.9995 0.0082 0.0308
vn -0.9528 0.2684 -0.1418
vn -0.6897 -0.0275 0.7236
vn -0.9486 -0.2309 0.2167
vn -0.9485 0.3166 -0.0101
vn -0.6897 0.5310 0.4923
vn 0.9485 -0.2792 0.1496
vn 0.6897 -0.2137 0.6918
vn 0.6897 0.3856 0.6128
vn 0.9995 0.0000 0.0319
vn 0.9486 0.3083 0.0722
vn 0.7462 -0.3716 -0.5524
vn 0.9528 -0.3034 0.0114
vn 0.9528 0.2959 -0.0675
vn 0.7462 0.2160 -0.6297
vn -0.9528 -0.3034 0.0114
vn -0.7462 -0.3715 -0.5524
vn -0.7461 0.2160 -0.6298
vn -0.9995 0.0000 0.0319
vn -0.9528 0.2960 -0.0675
vn -0.6897 -0.2137 0.6918
vn -0.9485 -0.2792 0.1496
vn -0.9486 0.3083 0.0722
vn -0.6898 0.3855 0.6128
vn 0.2556 -0.7042 0.6624
vn -0.2886 0.5984 0.7475
vn -0.2885 0.7713 -0.5674
vn 0.2557 -0.5090 -0.8219
vn -0.2556 -0.7043 0.6623
vn 0.2885 0.5981 0.7476
vn 0.2886 0.7713 -0.5673
vn -0.2556 -0.5088 -0.8221
vn -0.2885 0.5981 0.7476
vn 0.2556 -0.7043 0.6622
vn 0.2556 -0.5088 -0.8221
vn -0.2886 0.7713 -0.5673
vn 0.2886 0.5982 0.7476
vn -0.2556 -0.7042 0.6624
vn -0.2557 -0.5091 -0.8218
vn 0.2556 -0.8517 0.4574
vn -0.2886 0.3844 0.8769
vn -0.2886 0.8919 -0.3483
vn 0.2556 -0.2788 -0.9257
vn -0.2556 -0.8517 0.4574
vn 0.2886 0.3844 0.8769
vn 0.2886 0.8919 -0.3483
vn -0.2556 -0.2788 -0.9257
vn -0.2886 0.3843 0.8769
vn 0.2557 -0.8518 0.4573
vn -0.2886 0.8919 -0.3482
vn 0.2886 0.3843 0.8769
vn 0.2556 -0.9411 0.2214
vn -0.2886 0.1443 0.9465
vn -0.2886 0.9516 -0.1055
vn 0.2556 -0.0297 -0.9663
vn -0.2556 -0.9411 0.2214
vn 0.2886 0.1443 0.9465
vn 0.2886 0.9516 -0.1055
vn -0.2556 -0.0297 -0.9663
vn 0.2557 -0.9411 0.2213
vn -0.2886 0.9516 -0.1056
vn -0.2556 -0.9411 0.2215
vn 0.2886 0.9516 -0.1056
vn 0.2556 -0.9663 -0.0297
vn -0.2886 -0.1056 0.9516
vn -0.2886 0.9465 0.1443
vn 0.2557 0.2213 -0.9411
vn -0.2556 -0.9663 -0.0297
vn 0.2886 -0.1056 0.9516
vn 0.2886 0.9465 0.1443
vn -0.2556 0.2215 -0.9411
vn -0.2886 -0.1055 0.9516
vn 0.2556 -0.9663 -0.0296
vn 0.2556 0.2214 -0.9411
vn 0.2885 -0.1057 0.9516
vn -0.2556 -0.9663 -0.0296
vn -0.2556 0.2214 -0.9411
vn 0.2556 -0.9257 -0.2788
vn -0.2886 -0.3483 0.8919
vn -0.2886 0.8769 0.3843
vn 0.2556 0.4574 -0.8517
vn -0.2556 -0.9257 -0.2788
vn 0.2886 -0.3483 0.8919
vn 0.2886 0.8769 0.3843
vn -0.2557 0.4573 -0.8518
vn 0.2557 0.4573 -0.8518
vn -0.2557 0.4572 -0.8518
vn 0.2885 0.8770 0.3843
vn 0.2557 -0.8218 -0.5091
vn -0.2886 -0.5673 0.7713
vn -0.2886 0.7476 0.5982
vn 0.2556 0.6623 -0.7043
vn -0.2556 -0.8221 -0.5088
vn 0.2886 -0.5673 0.7713
vn 0.2885 0.7476 0.5981
vn -0.2556 0.6623 -0.7043
vn 0.2556 -0.8221 -0.5088
vn 0.2556 0.6622 -0.7043
vn -0.2885 0.7476 0.5981
vn 0.2885 -0.5674 0.7713
vn -0.2557 -0.8219 -0.5090
vn 0.2886 0.7476 0.5982
vn 0.6915 -0.6977 0.1870
vn 0.3827 -0.8924 0.2391
vn 0.1983 0.9467 -0.2537
vn 0.7234 0.6669 -0.1787
vn -0.7234 0.6669 -0.1787
vn -0.1983 0.9468 -0.2537
vn -0.3827 -0.8924 0.2391
vn -0.6915 -0.6977 0.1870
vn 0.6915 -0.6256 0.3612
vn 0.3827 -0.8001 0.4619
vn 0.1983 0.8488 -0.4901
vn 0.7234 0.5980 -0.3452
vn -0.7234 0.5980 -0.3452
vn -0.1983 0.8488 -0.4901
vn -0.3827 -0.8001 0.4619
vn -0.6915 -0.6256 0.3612
vn 0.6915 -0.5108 0.5108
vn 0.3827 -0.6533 0.6533
vn 0.1983 0.6931 -0.6931
vn 0.7234 0.4882 -0.4882
vn -0.7234 0.4882 -0.4882
vn -0.1983 0.6931 -0.6931
vn -0.3827 -0.6533 0.6533
vn -0.6915 -0.5108 0.5108
vn 0.6915 -0.3612 0.6256
vn 0.3827 -0.4619 0.8001
vn 0.1983 0.4901 -0.8488
vn 0.7234 0.3452 -0.5980
vn -0.7234 0.3452 -0.5980
vn -0.1983 0.4901 -0.8488
vn -0.3827 -0.4619 0.8001
vn -0.6915 -0.3612 0.6256
vn 0.6915 -0.1870 0.6977
vn 0.3827 -0.2391 0.8924
vn 0.1983 0.2537 -0.9467
vn 0.7234 0.1787 -0.6669
vn -0.7234 0.1787 -0.6669
vn -0.1983 0.2537 -0.9467
vn -0.3827 -0.2391 0.8924
vn -0.6915 -0.1870 0.6977
vn 0.6897 -0.6128 0.3856
vn 0.9486 -0.0722 0.3083
vn 0.9995 -0.0308 0.0082
vn 0.6897 -0.6918 -0.2137
vn 0.9485 -0.1496 -0.2792
vn 0.9528 0.0675 0.2959
vn 0.7462 0.6297 0.2160
vn 0.9528 -0.0114 -0.3034
vn 0.7462 0.5524 -0.3716
vn -0.7461 0.6298 0.2160
vn -0.9528 0.0675 0.2960
vn -0.9995 -0.0308 0.0082
vn -0.7462 0.5524 -0.3715
vn -0.9528 -0.0114 -0.3034
vn -0.9485 -0.0722 0.3083
vn -0.6897 -0.6128 0.3856
vn -0.9485 -0.1496 -0.2792
vn -0.6897 -0.6918 -0.2137
vn 0.6897 -0.4922 0.5311
vn 0.9485 0.0101 0.3165
vn 0.9995 -0.0276 0.0159
vn 0.6897 -0.7235 -0.0275
vn 0.9485 -0.2167 -0.2309
vn 0.9528 0.1417 0.2685
vn 0.7462 0.6641 0.0456
vn 0.9528 -0.0896 -0.2901
vn 0.7462 0.4374 -0.5019
vn -0.7462 0.6642 0.0456
vn -0.9528 0.1418 0.2684
vn -0.9995 -0.0276 0.0159
vn -0.7462 0.4375 -0.5018
vn -0.9528 -0.0896 -0.2901
vn -0.9485 0.0101 0.3165
vn -0.6897 -0.4922 0.5311
vn -0.9485 -0.2167 -0.2309
vn -0.6897 -0.7235 -0.0275
vn 0.6897 -0.3380 0.6403
vn 0.9485 0.0917 0.3032
vn 0.9995 -0.0225 0.0225
vn 0.6897 -0.7060 0.1607
vn 0.9485 -0.2691 -0.1670
vn 0.9528 0.2064 0.2226
vn 0.7462 0.6533 -0.1279
vn 0.9528 -0.1616 -0.2570
vn 0.7462 0.2926 -0.5980
vn -0.7462 0.6534 -0.1279
vn -0.9528 0.2064 0.2226
vn -0.9995 -0.0225 0.0225
vn -0.7462 0.2926 -0.5980
vn -0.9528 -0.1616 -0.2570
vn -0.9485 0.0916 0.3031
vn -0.6897 -0.3380 0.6403
vn -0.9485 -0.2691 -0.1670
vn -0.6897 -0.7060 0.1607
vn 0.6897 -0.1608 0.7060
vn 0.9485 0.1670 0.2691
vn 0.9995 -0.0159 0.0276
vn 0.6897 -0.6404 0.3380
vn 0.9485 -0.3032 -0.0916
vn 0.9528 0.2571 0.1616
vn 0.7462 0.5980 -0.2927
vn 0.9528 -0.2226 -0.2064
vn 0.7462 0.1279 -0.6533
vn -0.7462 0.5980 -0.2927
vn -0.9528 0.2570 0.1616
vn -0.9995 -0.0159 0.0276
vn -0.7462 0.1279 -0.6534
vn -0.9528 -0.2226 -0.2064
vn -0.9485 0.1670 0.2691
vn -0.6897 -0.1608 0.7060
vn -0.9485 -0.3031 -0.0916
vn -0.6897 -0.6403 0.3381
vn 0.6897 0.0275 0.7236
vn 0.9485 0.2310 0.2167
vn 0.9995 -0.0082 0.0308
vn 0.6897 -0.5311 0.4922
vn 0.9485 -0.3166 -0.0100
vn 0.9528 0.2901 0.0895
vn 0.7462 0.5019 -0.4374
vn 0.9528 -0.2684 -0.1418
vn 0.7462 -0.0456 -0.6641
vn -0.7462 0.5018 -0.4375
vn -0.9528 0.2901 0.0895
vn -0.9995 -0.0082 0.0308
vn -0.7462 -0.0456 -0.6641
vn -0.9528 -0.2684 -0.1418
vn -0.9486 0.2309 0.2167
vn -0.6897 0.0275 0.7236
vn -0.9485 -0.3166 -0.0101
vn -0.6897 -0.5310 0.4923
vn 0.6897 0.2137 0.6918
vn 0.9485 0.2792 0.1496
vn 0.6897 -0.3856 0.6128
vn 0.9486 -0.3083 0.0722
vn 0.9528 0.3034 0.0114
vn 0.7462 0.3716 -0.5524
vn 0.9528 -0.2959 -0.0675
vn 0.7462 -0.2160 -0.6297
vn -0.7462 0.3715 -0.5524
vn -0.9528 0.3034 0.0114
vn -0.7461 -0.2160 -0.6298
vn -0.9528 -0.2960 -0.0675
vn -0.9485 0.2792 0.1496
vn -0.6897 0.2137 0.6918
vn -0.9486 -0.3083 0.0722
vn -0.6898 -0.3855 0.6128
vn -0.2886 -0.5984 0.7475
vn 0.2556 0.7042 0.6624
vn -0.2885 -0.7713 -0.5674
vn 0.2557 0.5090 -0.8219
vn 0.2885 -0.5981 0.7476
vn -0.2556 0.7043 0.6623
vn 0.2886 -0.7713 -0.5673
vn -0.2556 0.5088 -0.8221
vn 0.2556 0.7043 0.6622
vn -0.2885 -0.5981 0.7476
vn 0.2556 0.5088 -0.8221
vn -0.2886 -0.7713 -0.5673
vn -0.2556 0.7042 0.6624
vn 0.2886 -0.5982 0.7476
vn -0.2557 0.5091 -0.8218
vn -0.2886 -0.3844 0.8769
vn 0.2556 0.8517 0.4574
vn -0.2886 -0.8919 -0.3483
vn 0.2556 0.2788 -0.9257
vn 0.2886 -0.3844 0.8769
vn -0.2556 0.8517 0.4574
vn 0.2886 -0.8919 -0.3483
vn -0.2556 0.2788 -0.9257
vn 0.2557 0.8518 0.4573
vn -0.2886 -0.3843 0.8769
vn -0.2886 -0.8919 -0.3482
vn 0.2886 -0.3843 0.8769
vn -0.2886 -0.1443 0.9465
vn 0.2556 0.9411 0.2214
vn -0.2886 -0.9516 -0.1055
vn 0.2556 0.0297 -0.9663
vn 0.2886 -0.1443 0.9465
vn -0.2556 0.9411 0.2214
vn 0.2886 -0.9516 -0.1055
vn -0.2556 0.0297 -0.9663
vn 0.2557 0.9411 0.2213
vn -0.2886 -0.9516 -0.1056
vn -0.2556 0.9411 0.2215
vn 0.2886 -0.9516 -0.1056
vn -0.2886 0.1056 0.9516
vn 0.2556 0.9663 -0.0297
vn -0.2886 -0.9465 0.1443
vn 0.2557 -0.2213 -0.9411
vn 0.2886 0.1056 0.9516
vn -0.2556 0.9663 -0.0297
vn 0.2886 -0.9465 0.1443
vn -0.2556 -0.2215 -0.9411
vn 0.2556 0.9663 -0.0296
vn -0.2886 0.1055 0.9516
vn 0.2556 -0.2214 -0.9411
vn -0.2556 0.9663 -0.0296
vn 0.2885 0.1057 0.9516
vn -0.2556 -0.2214 -0.9411
vn -0.2886 0.3483 0.8919
vn 0.2556 0.9257 -0.2788
vn -0.2886 -0.8769 0.3843
vn 0.2556 -0.4574 -0.8517
vn 0.2886 0.3483 0.8919
vn -0.2556 0.9257 -0.2788
vn 0.2886 -0.8769 0.3843
vn -0.2557 -0.4573 -0.8518
vn 0.2557 -0.4573 -0.8518
vn -0.2557 -0.4572 -0.8518
vn 0.2885 -0.8770 0.3843
vn -0.2886 0.5673 0.7713
vn 0.2557 0.8218 -0.5091
vn -0.2886 -0.7476 0.5982
vn 0.2556 -0.6623 -0.7043
vn 0.2886 0.5673 0.7713
vn -0.2556 0.8221 -0.5088
vn 0.2885 -0.7476 0.5981
vn -0.2556 -0.6623 -0.7043
vn 0.2556 0.8221 -0.5088
vn 0.2556 -0.6622 -0.7043
vn -0.2885 -0.7476 0.5981
vn -0.2557 0.8219 -0.5090
vn 0.2885 0.5674 0.7713
vn 0.2886 -0.7476 0.5982
vn -0.9967 -0.0815 0.0000
vn -0.9967 0.0812 0.0000
vn -1.0000 0.0000 0.0000
vn 1.0000 0.0000 -0.0000
vn 0.9966 0.0820 -0.0000
vn 0.9895 -0.1448 -0.0000
vn -0.9895 -0.1448 0.0000
vn -0.9895 0.1448 0.0000
vn 0.9895 0.1448 -0.0000
vn -0.9967 0.0407 0.0706
vn -0.9967 -0.0406 -0.0704
vn 1.0000 -0.0000 -0.0000
vn 0.9966 -0.0410 -0.0710
vn 0.9895 0.0724 0.1254
vn -0.9895 0.0724 0.1254
vn -0.9895 -0.0724 -0.1254
vn 0.9895 -0.0724 -0.1254
vn -0.9967 0.0407 -0.0706
vn -0.9967 -0.0406 0.0704
vn -1.0000 -0.0000 0.0000
vn 0.9966 -0.0410 0.0710
vn 0.9895 0.0724 -0.1254
vn -0.9895 0.0724 -0.1254
vn -0.9895 -0.0724 0.1254
vn 0.9895 -0.0724 0.1254
# 949 vertex normals

vt 0.4841 0.4397 0.6563
vt 0.4653 0.4397 0.6486
vt 0.4653 0.4011 0.6435
vt 0.4841 0.3991 0.6510
vt 0.5347 0.4397 0.5792
vt 0.5023 0.4397 0.5658
vt 0.5023 0.4225 0.5635
vt 0.5347 0.4191 0.5765
vt 0.4977 0.4397 0.5658
vt 0.4653 0.4397 0.5792
vt 0.4653 0.4191 0.5765
vt 0.4977 0.4225 0.5635
vt 0.5347 0.4397 0.6486
vt 0.5159 0.4397 0.6563
vt 0.5159 0.3991 0.6510
vt 0.5347 0.4011 0.6435
vt 0.4653 0.3652 0.6286
vt 0.4841 0.3613 0.6353
vt 0.5023 0.4066 0.5569
vt 0.5347 0.3999 0.5686
vt 0.4653 0.3999 0.5686
vt 0.4977 0.4066 0.5569
vt 0.5159 0.3613 0.6353
vt 0.5347 0.3652 0.6286
vt 0.4653 0.3343 0.6049
vt 0.4841 0.3288 0.6104
vt 0.5023 0.3929 0.5464
vt 0.5347 0.3834 0.5559
vt 0.4653 0.3834 0.5559
vt 0.4977 0.3929 0.5464
vt 0.5159 0.3288 0.6104
vt 0.5347 0.3343 0.6049
vt 0.4841 0.6104 0.3288
vt 0.4653 0.6049 0.3343
vt 0.4653 0.5741 0.3107
vt 0.4841 0.5780 0.3039
vt 0.5347 0.5559 0.3834
vt 0.5023 0.5464 0.3929
vt 0.5023 0.5327 0.3823
vt 0.5347 0.5394 0.3707
vt 0.4977 0.5464 0.3929
vt 0.4653 0.5559 0.3834
vt 0.4653 0.5394 0.3707
vt 0.4977 0.5327 0.3823
vt 0.5347 0.6049 0.3343
vt 0.5159 0.6104 0.3288
vt 0.5159 0.5780 0.3039
vt 0.5347 0.5741 0.3107
vt 0.4653 0.5382 0.2958
vt 0.4841 0.5402 0.2883
vt 0.5023 0.5167 0.3757
vt 0.5347 0.5202 0.3628
vt 0.4653 0.5202 0.3628
vt 0.4977 0.5167 0.3757
vt 0.5159 0.5402 0.2883
vt 0.5347 0.5382 0.2958
vt 0.4653 0.4996 0.2907
vt 0.4841 0.4996 0.2829
vt 0.5023 0.4996 0.3735
vt 0.5347 0.4996 0.3601
vt 0.4653 0.4996 0.3601
vt 0.4977 0.4996 0.3735
vt 0.5159 0.4996 0.2829
vt 0.5347 0.4996 0.2907
vt 0.6486 0.4397 0.5347
vt 0.6139 0.4397 0.5490
vt 0.6178 0.4348 0.5471
vt 0.6433 0.4348 0.5366
vt 0.6100 0.4101 0.5490
vt 0.6150 0.4138 0.5471
vt 0.6435 0.4011 0.5347
vt 0.6397 0.4072 0.5366
vt 0.5792 0.4397 0.5347
vt 0.5831 0.4348 0.5366
vt 0.6087 0.4348 0.5471
vt 0.5765 0.4191 0.5347
vt 0.5816 0.4228 0.5366
vt 0.6062 0.4162 0.5471
vt 0.4208 0.4397 0.4653
vt 0.3861 0.4397 0.4510
vt 0.3913 0.4348 0.4529
vt 0.4169 0.4348 0.4634
vt 0.3900 0.4101 0.4510
vt 0.3938 0.4162 0.4529
vt 0.4235 0.4191 0.4653
vt 0.4184 0.4228 0.4634
vt 0.3514 0.4397 0.4653
vt 0.3567 0.4348 0.4634
vt 0.3822 0.4348 0.4529
vt 0.3565 0.4011 0.4653
vt 0.3603 0.4072 0.4634
vt 0.3850 0.4138 0.4529
vt 0.6125 0.4043 0.5471
vt 0.6372 0.3977 0.5366
vt 0.5986 0.3825 0.5490
vt 0.6044 0.3848 0.5471
vt 0.6286 0.3652 0.5347
vt 0.6265 0.3720 0.5366
vt 0.5790 0.4133 0.5366
vt 0.6037 0.4067 0.5471
vt 0.5686 0.3999 0.5347
vt 0.5744 0.4021 0.5366
vt 0.5965 0.3894 0.5471
vt 0.3963 0.4067 0.4529
vt 0.4210 0.4133 0.4634
vt 0.4014 0.3825 0.4510
vt 0.4035 0.3894 0.4529
vt 0.4314 0.3999 0.4653
vt 0.4256 0.4021 0.4634
vt 0.3628 0.3977 0.4634
vt 0.3875 0.4043 0.4529
vt 0.3714 0.3652 0.4653
vt 0.3735 0.3720 0.4634
vt 0.3956 0.3848 0.4529
vt 0.5995 0.3763 0.5471
vt 0.6216 0.3636 0.5366
vt 0.5804 0.3589 0.5490
vt 0.5866 0.3595 0.5471
vt 0.6049 0.3343 0.5347
vt 0.6047 0.3415 0.5366
vt 0.5695 0.3937 0.5366
vt 0.5916 0.3809 0.5471
vt 0.5559 0.3834 0.5347
vt 0.5621 0.3841 0.5366
vt 0.5802 0.3660 0.5471
vt 0.4084 0.3809 0.4529
vt 0.4305 0.3937 0.4634
vt 0.4196 0.3589 0.4510
vt 0.4198 0.3660 0.4529
vt 0.4441 0.3834 0.4653
vt 0.4379 0.3841 0.4634
vt 0.3784 0.3636 0.4634
vt 0.4005 0.3763 0.4529
vt 0.3951 0.3343 0.4653
vt 0.3953 0.3415 0.4634
vt 0.4134 0.3595 0.4529
vt 0.5797 0.3526 0.5471
vt 0.5978 0.3346 0.5366
vt 0.5567 0.3407 0.5490
vt 0.5629 0.3398 0.5471
vt 0.5741 0.3107 0.5347
vt 0.5757 0.3176 0.5366
vt 0.5552 0.3771 0.5366
vt 0.5733 0.3591 0.5471
vt 0.5394 0.3707 0.5347
vt 0.5456 0.3698 0.5366
vt 0.5584 0.3477 0.5471
vt 0.4267 0.3591 0.4529
vt 0.4448 0.3771 0.4634
vt 0.4433 0.3407 0.4510
vt 0.4416 0.3477 0.4529
vt 0.4606 0.3707 0.4653
vt 0.4544 0.3698 0.4634
vt 0.4022 0.3346 0.4634
vt 0.4203 0.3526 0.4529
vt 0.4259 0.3107 0.4653
vt 0.4243 0.3176 0.4634
vt 0.4371 0.3398 0.4529
vt 0.5545 0.3349 0.5471
vt 0.5672 0.3127 0.5366
vt 0.5292 0.3293 0.5490
vt 0.5349 0.3268 0.5471
vt 0.5382 0.2958 0.5347
vt 0.5415 0.3021 0.5366
vt 0.5371 0.3649 0.5366
vt 0.5499 0.3428 0.5471
vt 0.5202 0.3628 0.5347
vt 0.5260 0.3602 0.5366
vt 0.5326 0.3356 0.5471
vt 0.4501 0.3428 0.4529
vt 0.4629 0.3649 0.4634
vt 0.4708 0.3293 0.4510
vt 0.4674 0.3356 0.4529
vt 0.4798 0.3628 0.4653
vt 0.4740 0.3602 0.4634
vt 0.4328 0.3127 0.4634
vt 0.4455 0.3349 0.4529
vt 0.4618 0.2958 0.4653
vt 0.4585 0.3021 0.4634
vt 0.4651 0.3268 0.4529
vt 0.5255 0.3242 0.5471
vt 0.5321 0.2996 0.5366
vt 0.4996 0.3254 0.5490
vt 0.5045 0.3215 0.5471
vt 0.4996 0.2907 0.5347
vt 0.5045 0.2959 0.5366
vt 0.5165 0.3577 0.5366
vt 0.5231 0.3330 0.5471
vt 0.4996 0.3601 0.5347
vt 0.5045 0.3561 0.5366
vt 0.5045 0.3306 0.5471
vt 0.4769 0.3330 0.4529
vt 0.4835 0.3577 0.4634
vt 0.5004 0.3254 0.4510
vt 0.4955 0.3306 0.4529
vt 0.5004 0.3601 0.4653
vt 0.4955 0.3561 0.4634
vt 0.4679 0.2996 0.4634
vt 0.4745 0.3242 0.4529
vt 0.5004 0.2907 0.4653
vt 0.4955 0.2959 0.4634
vt 0.4955 0.3215 0.4529
vt 0.4634 0.6433 0.4348
vt 0.4529 0.6178 0.4348
vt 0.4642 0.6131 0.4354
vt 0.4748 0.6387 0.4354
vt 0.4529 0.4348 0.6178
vt 0.4529 0.4138 0.6150
vt 0.4642 0.4144 0.6104
vt 0.4642 0.4354 0.6131
vt 0.5471 0.6150 0.4138
vt 0.5366 0.6397 0.4072
vt 0.5252 0.6350 0.4078
vt 0.5358 0.6104 0.4144
vt 0.5366 0.4072 0.6397
vt 0.5366 0.4348 0.6433
vt 0.5252 0.4354 0.6387
vt 0.5252 0.4078 0.6350
vt 0.4529 0.6087 0.4348
vt 0.4634 0.5831 0.4348
vt 0.4748 0.5878 0.4342
vt 0.4642 0.6134 0.4342
vt 0.4634 0.4348 0.5831
vt 0.4634 0.4228 0.5816
vt 0.4748 0.4222 0.5862
vt 0.4748 0.4342 0.5878
vt 0.5366 0.5816 0.4228
vt 0.5471 0.6062 0.4162
vt 0.5358 0.6109 0.4155
vt 0.5252 0.5862 0.4222
vt 0.5471 0.4162 0.6062
vt 0.5471 0.4348 0.6087
vt 0.5358 0.4342 0.6134
vt 0.5358 0.4155 0.6109
vt 0.5366 0.5831 0.4348
vt 0.5471 0.6087 0.4348
vt 0.5358 0.6134 0.4342
vt 0.5252 0.5878 0.4342
vt 0.4529 0.4348 0.6087
vt 0.4529 0.4162 0.6062
vt 0.4642 0.4155 0.6109
vt 0.4642 0.4342 0.6134
vt 0.4529 0.6062 0.4162
vt 0.4634 0.5816 0.4228
vt 0.4748 0.5862 0.4222
vt 0.4642 0.6109 0.4155
vt 0.5366 0.4228 0.5816
vt 0.5366 0.4348 0.5831
vt 0.5252 0.4342 0.5878
vt 0.5252 0.4222 0.5862
vt 0.5471 0.6178 0.4348
vt 0.5366 0.6433 0.4348
vt 0.5252 0.6387 0.4354
vt 0.5358 0.6131 0.4354
vt 0.4634 0.4348 0.6433
vt 0.4634 0.4072 0.6397
vt 0.4748 0.4078 0.6350
vt 0.4748 0.4354 0.6387
vt 0.4634 0.6397 0.4072
vt 0.4529 0.6150 0.4138
vt 0.4642 0.6104 0.4144
vt 0.4748 0.6350 0.4078
vt 0.5471 0.4138 0.6150
vt 0.5471 0.4348 0.6178
vt 0.5358 0.4354 0.6131
vt 0.5358 0.4144 0.6104
vt 0.4634 0.6372 0.3977
vt 0.4529 0.6125 0.4043
vt 0.4642 0.6081 0.4062
vt 0.4748 0.6328 0.3995
vt 0.4529 0.4043 0.6125
vt 0.4529 0.3848 0.6044
vt 0.4642 0.3866 0.6001
vt 0.4642 0.4062 0.6081
vt 0.5471 0.6044 0.3848
vt 0.5366 0.6265 0.3720
vt 0.5252 0.6222 0.3738
vt 0.5358 0.6001 0.3866
vt 0.5366 0.3720 0.6265
vt 0.5366 0.3977 0.6372
vt 0.5252 0.3995 0.6328
vt 0.5252 0.3738 0.6222
vt 0.4529 0.6037 0.4067
vt 0.4634 0.5790 0.4133
vt 0.4748 0.5834 0.4115
vt 0.4642 0.6081 0.4049
vt 0.4634 0.4133 0.5790
vt 0.4634 0.4021 0.5744
vt 0.4748 0.4003 0.5788
vt 0.4748 0.4115 0.5834
vt 0.5366 0.5744 0.4021
vt 0.5471 0.5965 0.3894
vt 0.5358 0.6009 0.3876
vt 0.5252 0.5788 0.4003
vt 0.5471 0.3894 0.5965
vt 0.5471 0.4067 0.6037
vt 0.5358 0.4049 0.6081
vt 0.5358 0.3876 0.6009
vt 0.5366 0.5790 0.4133
vt 0.5471 0.6037 0.4067
vt 0.5358 0.6081 0.4049
vt 0.5252 0.5834 0.4115
vt 0.4529 0.4067 0.6037
vt 0.4529 0.3894 0.5965
vt 0.4642 0.3876 0.6009
vt 0.4642 0.4049 0.6081
vt 0.4529 0.5965 0.3894
vt 0.4634 0.5744 0.4021
vt 0.4748 0.5788 0.4003
vt 0.4642 0.6009 0.3876
vt 0.5366 0.4021 0.5744
vt 0.5366 0.4133 0.5790
vt 0.5252 0.4115 0.5834
vt 0.5252 0.4003 0.5788
vt 0.5471 0.6125 0.4043
vt 0.5366 0.6372 0.3977
vt 0.5252 0.6328 0.3995
vt 0.5358 0.6081 0.4062
vt 0.4634 0.3977 0.6372
vt 0.4634 0.3720 0.6265
vt 0.4748 0.3738 0.6222
vt 0.4748 0.3995 0.6328
vt 0.4634 0.6265 0.3720
vt 0.4529 0.6044 0.3848
vt 0.4642 0.6001 0.3866
vt 0.4748 0.6222 0.3738
vt 0.5471 0.3848 0.6044
vt 0.5471 0.4043 0.6125
vt 0.5358 0.4062 0.6081
vt 0.5358 0.3866 0.6001
vt 0.4634 0.6216 0.3636
vt 0.4529 0.5995 0.3763
vt 0.4642 0.5958 0.3792
vt 0.4748 0.6179 0.3664
vt 0.4529 0.3763 0.5995
vt 0.4529 0.3595 0.5866
vt 0.4642 0.3624 0.5829
vt 0.4642 0.3792 0.5958
vt 0.5471 0.5866 0.3595
vt 0.5366 0.6047 0.3415
vt 0.5252 0.6010 0.3444
vt 0.5358 0.5829 0.3624
vt 0.5366 0.3415 0.6047
vt 0.5366 0.3636 0.6216
vt 0.5252 0.3664 0.6179
vt 0.5252 0.3444 0.6010
vt 0.4529 0.5916 0.3809
vt 0.4634 0.5695 0.3937
vt 0.4748 0.5732 0.3908
vt 0.4642 0.5954 0.3780
vt 0.4634 0.3937 0.5695
vt 0.4634 0.3841 0.5621
vt 0.4748 0.3812 0.5659
vt 0.4748 0.3908 0.5732
vt 0.5366 0.5621 0.3841
vt 0.5471 0.5802 0.3660
vt 0.5358 0.5839 0.3631
vt 0.5252 0.5659 0.3812
vt 0.5471 0.3660 0.5802
vt 0.5471 0.3809 0.5916
vt 0.5358 0.3780 0.5954
vt 0.5358 0.3631 0.5839
vt 0.5366 0.5695 0.3937
vt 0.5471 0.5916 0.3809
vt 0.5358 0.5954 0.3780
vt 0.5252 0.5732 0.3908
vt 0.4529 0.3809 0.5916
vt 0.4529 0.3660 0.5802
vt 0.4642 0.3631 0.5839
vt 0.4642 0.3780 0.5954
vt 0.4529 0.5802 0.3660
vt 0.4634 0.5621 0.3841
vt 0.4748 0.5659 0.3812
vt 0.4642 0.5839 0.3631
vt 0.5366 0.3841 0.5621
vt 0.5366 0.3937 0.5695
vt 0.5252 0.3908 0.5732
vt 0.5252 0.3812 0.5659
vt 0.5471 0.5995 0.3763
vt 0.5366 0.6216 0.3636
vt 0.5252 0.6179 0.3664
vt 0.5358 0.5958 0.3792
vt 0.4634 0.3636 0.6216
vt 0.4634 0.3415 0.6047
vt 0.4748 0.3444 0.6010
vt 0.4748 0.3664 0.6179
vt 0.4634 0.6047 0.3415
vt 0.4529 0.5866 0.3595
vt 0.4642 0.5829 0.3624
vt 0.4748 0.6010 0.3444
vt 0.5471 0.3595 0.5866
vt 0.5471 0.3763 0.5995
vt 0.5358 0.3792 0.5958
vt 0.5358 0.3624 0.5829
vt 0.5366 0.3346 0.5978
vt 0.5471 0.3526 0.5797
vt 0.5358 0.3564 0.5768
vt 0.5252 0.3383 0.5949
vt 0.4529 0.5797 0.3526
vt 0.4529 0.5629 0.3398
vt 0.4642 0.5601 0.3435
vt 0.4642 0.5768 0.3564
vt 0.4529 0.3398 0.5629
vt 0.4634 0.3176 0.5757
vt 0.4748 0.3214 0.5728
vt 0.4642 0.3435 0.5601
vt 0.5366 0.5757 0.3176
vt 0.5366 0.5978 0.3346
vt 0.5252 0.5949 0.3383
vt 0.5252 0.5728 0.3214
vt 0.5471 0.3591 0.5733
vt 0.5366 0.3771 0.5552
vt 0.5252 0.3734 0.5581
vt 0.5358 0.3553 0.5761
vt 0.4634 0.5552 0.3771
vt 0.4634 0.5456 0.3698
vt 0.4748 0.5485 0.3660
vt 0.4748 0.5581 0.3734
vt 0.4634 0.3698 0.5456
vt 0.4529 0.3477 0.5584
vt 0.4642 0.3439 0.5613
vt 0.4748 0.3660 0.5485
vt 0.5471 0.5584 0.3477
vt 0.5471 0.5733 0.3591
vt 0.5358 0.5761 0.3553
vt 0.5358 0.5613 0.3439
vt 0.4634 0.3771 0.5552
vt 0.4529 0.3591 0.5733
vt 0.4642 0.3553 0.5761
vt 0.4748 0.3734 0.5581
vt 0.4529 0.5733 0.3591
vt 0.4529 0.5584 0.3477
vt 0.4642 0.5613 0.3439
vt 0.4642 0.5761 0.3553
vt 0.5471 0.3477 0.5584
vt 0.5366 0.3698 0.5456
vt 0.5252 0.3660 0.5485
vt 0.5358 0.3439 0.5613
vt 0.5366 0.5456 0.3698
vt 0.5366 0.5552 0.3771
vt 0.5252 0.5581 0.3734
vt 0.5252 0.5485 0.3660
vt 0.4529 0.3526 0.5797
vt 0.4634 0.3346 0.5978
vt 0.4748 0.3383 0.5949
vt 0.4642 0.3564 0.5768
vt 0.4634 0.5978 0.3346
vt 0.4634 0.5757 0.3176
vt 0.4748 0.5728 0.3214
vt 0.4748 0.5949 0.3383
vt 0.5366 0.3176 0.5757
vt 0.5471 0.3398 0.5629
vt 0.5358 0.3435 0.5601
vt 0.5252 0.3214 0.5728
vt 0.5471 0.5629 0.3398
vt 0.5471 0.5797 0.3526
vt 0.5358 0.5768 0.3564
vt 0.5358 0.5601 0.3435
vt 0.5366 0.3127 0.5672
vt 0.5471 0.3349 0.5545
vt 0.5358 0.3392 0.5527
vt 0.5252 0.3171 0.5654
vt 0.4529 0.5545 0.3349
vt 0.4529 0.5349 0.3268
vt 0.4642 0.5331 0.3311
vt 0.4642 0.5527 0.3392
vt 0.4529 0.3268 0.5349
vt 0.4634 0.3021 0.5415
vt 0.4748 0.3065 0.5397
vt 0.4642 0.3311 0.5331
vt 0.5366 0.5415 0.3021
vt 0.5366 0.5672 0.3127
vt 0.5252 0.5654 0.3171
vt 0.5252 0.5397 0.3065
vt 0.5471 0.3428 0.5499
vt 0.5366 0.3649 0.5371
vt 0.5252 0.3605 0.5389
vt 0.5358 0.3384 0.5517
vt 0.4634 0.5371 0.3649
vt 0.4634 0.5260 0.3602
vt 0.4748 0.5278 0.3559
vt 0.4748 0.5389 0.3605
vt 0.4634 0.3602 0.5260
vt 0.4529 0.3356 0.5326
vt 0.4642 0.3312 0.5344
vt 0.4748 0.3559 0.5278
vt 0.5471 0.5326 0.3356
vt 0.5471 0.5499 0.3428
vt 0.5358 0.5517 0.3384
vt 0.5358 0.5344 0.3312
vt 0.4634 0.3649 0.5371
vt 0.4529 0.3428 0.5499
vt 0.4642 0.3384 0.5517
vt 0.4748 0.3605 0.5389
vt 0.4529 0.5499 0.3428
vt 0.4529 0.5326 0.3356
vt 0.4642 0.5344 0.3312
vt 0.4642 0.5517 0.3384
vt 0.5471 0.3356 0.5326
vt 0.5366 0.3602 0.5260
vt 0.5252 0.3559 0.5278
vt 0.5358 0.3312 0.5344
vt 0.5366 0.5260 0.3602
vt 0.5366 0.5371 0.3649
vt 0.5252 0.5389 0.3605
vt 0.5252 0.5278 0.3559
vt 0.4529 0.3349 0.5545
vt 0.4634 0.3127 0.5672
vt 0.4748 0.3171 0.5654
vt 0.4642 0.3392 0.5527
vt 0.4634 0.5672 0.3127
vt 0.4634 0.5415 0.3021
vt 0.4748 0.5397 0.3065
vt 0.4748 0.5654 0.3171
vt 0.5366 0.3021 0.5415
vt 0.5471 0.3268 0.5349
vt 0.5358 0.3311 0.5331
vt 0.5252 0.3065 0.5397
vt 0.5471 0.5349 0.3268
vt 0.5471 0.5545 0.3349
vt 0.5358 0.5527 0.3392
vt 0.5358 0.5331 0.3311
vt 0.5366 0.2996 0.5321
vt 0.5471 0.3242 0.5255
vt 0.5358 0.3289 0.5249
vt 0.5252 0.3042 0.5315
vt 0.4529 0.5255 0.3242
vt 0.4529 0.5045 0.3215
vt 0.4642 0.5039 0.3262
vt 0.4642 0.5249 0.3289
vt 0.4529 0.3215 0.5045
vt 0.4634 0.2959 0.5045
vt 0.4748 0.3006 0.5039
vt 0.4642 0.3262 0.5039
vt 0.5366 0.5045 0.2959
vt 0.5366 0.5321 0.2996
vt 0.5252 0.5315 0.3042
vt 0.5252 0.5039 0.3006
vt 0.5471 0.3330 0.5231
vt 0.5366 0.3577 0.5165
vt 0.5252 0.3530 0.5171
vt 0.5358 0.3284 0.5237
vt 0.4634 0.5165 0.3577
vt 0.4634 0.5045 0.3561
vt 0.4748 0.5051 0.3515
vt 0.4748 0.5171 0.3530
vt 0.4634 0.3561 0.5045
vt 0.4529 0.3306 0.5045
vt 0.4642 0.3259 0.5051
vt 0.4748 0.3515 0.5051
vt 0.5471 0.5045 0.3306
vt 0.5471 0.5231 0.3330
vt 0.5358 0.5237 0.3284
vt 0.5358 0.5051 0.3259
vt 0.4634 0.3577 0.5165
vt 0.4529 0.3330 0.5231
vt 0.4642 0.3284 0.5237
vt 0.4748 0.3530 0.5171
vt 0.4529 0.5231 0.3330
vt 0.4529 0.5045 0.3306
vt 0.4642 0.5051 0.3259
vt 0.4642 0.5237 0.3284
vt 0.5471 0.3306 0.5045
vt 0.5366 0.3561 0.5045
vt 0.5252 0.3515 0.5051
vt 0.5358 0.3259 0.5051
vt 0.5366 0.5045 0.3561
vt 0.5366 0.5165 0.3577
vt 0.5252 0.5171 0.3530
vt 0.5252 0.5051 0.3515
vt 0.4529 0.3242 0.5255
vt 0.4634 0.2996 0.5321
vt 0.4748 0.3042 0.5315
vt 0.4642 0.3289 0.5249
vt 0.4634 0.5321 0.2996
vt 0.4634 0.5045 0.2959
vt 0.4748 0.5039 0.3006
vt 0.4748 0.5315 0.3042
vt 0.5366 0.2959 0.5045
vt 0.5471 0.3215 0.5045
vt 0.5358 0.3262 0.5039
vt 0.5252 0.3006 0.5039
vt 0.5471 0.5045 0.3215
vt 0.5471 0.5255 0.3242
vt 0.5358 0.5249 0.3289
vt 0.5358 0.5039 0.3262
vt 0.5159 0.4397 0.3429
vt 0.5159 0.3991 0.3482
vt 0.5347 0.4011 0.3557
vt 0.5347 0.4397 0.3507
vt 0.4653 0.4397 0.4200
vt 0.4653 0.4191 0.4227
vt 0.4977 0.4225 0.4357
vt 0.4977 0.4397 0.4334
vt 0.5023 0.4397 0.4334
vt 0.5023 0.4225 0.4357
vt 0.5347 0.4191 0.4227
vt 0.5347 0.4397 0.4200
vt 0.4653 0.4397 0.3507
vt 0.4653 0.4011 0.3557
vt 0.4841 0.3991 0.3482
vt 0.4841 0.4397 0.3429
vt 0.5159 0.3613 0.3639
vt 0.5347 0.3652 0.3706
vt 0.4653 0.3999 0.4307
vt 0.4977 0.4066 0.4423
vt 0.5023 0.4066 0.4423
vt 0.5347 0.3999 0.4307
vt 0.4653 0.3652 0.3706
vt 0.4841 0.3613 0.3639
vt 0.5159 0.3288 0.3888
vt 0.5347 0.3343 0.3943
vt 0.4653 0.3834 0.4433
vt 0.4977 0.3929 0.4528
vt 0.5023 0.3929 0.4528
vt 0.5347 0.3834 0.4433
vt 0.4653 0.3343 0.3943
vt 0.4841 0.3288 0.3888
vt 0.4841 0.3888 0.3288
vt 0.4841 0.4212 0.3039
vt 0.4653 0.4251 0.3107
vt 0.4653 0.3943 0.3343
vt 0.5347 0.4433 0.3834
vt 0.5347 0.4598 0.3707
vt 0.5023 0.4665 0.3823
vt 0.5023 0.4528 0.3929
vt 0.4977 0.4528 0.3929
vt 0.4977 0.4665 0.3823
vt 0.4653 0.4598 0.3707
vt 0.4653 0.4433 0.3834
vt 0.5347 0.3943 0.3343
vt 0.5347 0.4251 0.3107
vt 0.5159 0.4212 0.3039
vt 0.5159 0.3888 0.3288
vt 0.4841 0.4590 0.2883
vt 0.4653 0.4611 0.2958
vt 0.5347 0.4790 0.3628
vt 0.5023 0.4825 0.3757
vt 0.4977 0.4825 0.3757
vt 0.4653 0.4790 0.3628
vt 0.5347 0.4611 0.2958
vt 0.5159 0.4590 0.2883
vt 0.3507 0.4397 0.5347
vt 0.3559 0.4348 0.5366
vt 0.3814 0.4348 0.5471
vt 0.3853 0.4397 0.5490
vt 0.3842 0.4138 0.5471
vt 0.3892 0.4101 0.5490
vt 0.3595 0.4072 0.5366
vt 0.3557 0.4011 0.5347
vt 0.3905 0.4348 0.5471
vt 0.4161 0.4348 0.5366
vt 0.4200 0.4397 0.5347
vt 0.4177 0.4228 0.5366
vt 0.4227 0.4191 0.5347
vt 0.3930 0.4162 0.5471
vt 0.5800 0.4397 0.4653
vt 0.5839 0.4348 0.4634
vt 0.6095 0.4348 0.4529
vt 0.6147 0.4397 0.4510
vt 0.6070 0.4162 0.4529
vt 0.6108 0.4101 0.4510
vt 0.5823 0.4228 0.4634
vt 0.5773 0.4191 0.4653
vt 0.6186 0.4348 0.4529
vt 0.6441 0.4348 0.4634
vt 0.6493 0.4397 0.4653
vt 0.6405 0.4072 0.4634
vt 0.6443 0.4011 0.4653
vt 0.6158 0.4138 0.4529
vt 0.3620 0.3977 0.5366
vt 0.3867 0.4043 0.5471
vt 0.3948 0.3848 0.5471
vt 0.4006 0.3825 0.5490
vt 0.3727 0.3720 0.5366
vt 0.3706 0.3652 0.5347
vt 0.3955 0.4067 0.5471
vt 0.4202 0.4133 0.5366
vt 0.4248 0.4021 0.5366
vt 0.4307 0.3999 0.5347
vt 0.4027 0.3894 0.5471
vt 0.5798 0.4133 0.4634
vt 0.6045 0.4067 0.4529
vt 0.5973 0.3894 0.4529
vt 0.5994 0.3825 0.4510
vt 0.5752 0.4021 0.4634
vt 0.5693 0.3999 0.4653
vt 0.6133 0.4043 0.4529
vt 0.6380 0.3977 0.4634
vt 0.6273 0.3720 0.4634
vt 0.6294 0.3652 0.4653
vt 0.6052 0.3848 0.4529
vt 0.3776 0.3636 0.5366
vt 0.3997 0.3763 0.5471
vt 0.4126 0.3595 0.5471
vt 0.4188 0.3589 0.5490
vt 0.3945 0.3415 0.5366
vt 0.3943 0.3343 0.5347
vt 0.4076 0.3809 0.5471
vt 0.4297 0.3937 0.5366
vt 0.4371 0.3841 0.5366
vt 0.4433 0.3834 0.5347
vt 0.4190 0.3660 0.5471
vt 0.5703 0.3937 0.4634
vt 0.5924 0.3809 0.4529
vt 0.5810 0.3660 0.4529
vt 0.5812 0.3589 0.4510
vt 0.5629 0.3841 0.4634
vt 0.5567 0.3834 0.4653
vt 0.6003 0.3763 0.4529
vt 0.6224 0.3636 0.4634
vt 0.6055 0.3415 0.4634
vt 0.6057 0.3343 0.4653
vt 0.5874 0.3595 0.4529
vt 0.4014 0.3346 0.5366
vt 0.4195 0.3526 0.5471
vt 0.4363 0.3398 0.5471
vt 0.4425 0.3407 0.5490
vt 0.4235 0.3176 0.5366
vt 0.4251 0.3107 0.5347
vt 0.4259 0.3591 0.5471
vt 0.4440 0.3771 0.5366
vt 0.4536 0.3698 0.5366
vt 0.4598 0.3707 0.5347
vt 0.4408 0.3477 0.5471
vt 0.5560 0.3771 0.4634
vt 0.5741 0.3591 0.4529
vt 0.5592 0.3477 0.4529
vt 0.5575 0.3407 0.4510
vt 0.5464 0.3698 0.4634
vt 0.5402 0.3707 0.4653
vt 0.5805 0.3526 0.4529
vt 0.5986 0.3346 0.4634
vt 0.5765 0.3176 0.4634
vt 0.5749 0.3107 0.4653
vt 0.5637 0.3398 0.4529
vt 0.4320 0.3127 0.5366
vt 0.4448 0.3349 0.5471
vt 0.4643 0.3268 0.5471
vt 0.4700 0.3293 0.5490
vt 0.4577 0.3021 0.5366
vt 0.4611 0.2958 0.5347
vt 0.4493 0.3428 0.5471
vt 0.4621 0.3649 0.5366
vt 0.4733 0.3602 0.5366
vt 0.4790 0.3628 0.5347
vt 0.4666 0.3356 0.5471
vt 0.5379 0.3649 0.4634
vt 0.5507 0.3428 0.4529
vt 0.5334 0.3356 0.4529
vt 0.5300 0.3293 0.4510
vt 0.5267 0.3602 0.4634
vt 0.5210 0.3628 0.4653
vt 0.5552 0.3349 0.4529
vt 0.5680 0.3127 0.4634
vt 0.5423 0.3021 0.4634
vt 0.5389 0.2958 0.4653
vt 0.5357 0.3268 0.4529
vt 0.4671 0.2996 0.5366
vt 0.4737 0.3242 0.5471
vt 0.4947 0.3215 0.5471
vt 0.4947 0.2959 0.5366
vt 0.4761 0.3330 0.5471
vt 0.4827 0.3577 0.5366
vt 0.4947 0.3561 0.5366
vt 0.4947 0.3306 0.5471
vt 0.5173 0.3577 0.4634
vt 0.5239 0.3330 0.4529
vt 0.5053 0.3306 0.4529
vt 0.5053 0.3561 0.4634
vt 0.5263 0.3242 0.4529
vt 0.5329 0.2996 0.4634
vt 0.5053 0.2959 0.4634
vt 0.5053 0.3215 0.4529
vt 0.4634 0.3559 0.4348
vt 0.4748 0.3606 0.4354
vt 0.4642 0.3861 0.4354
vt 0.4529 0.3814 0.4348
vt 0.5471 0.4348 0.3814
vt 0.5358 0.4354 0.3861
vt 0.5358 0.4144 0.3889
vt 0.5471 0.4138 0.3842
vt 0.5471 0.3842 0.4138
vt 0.5358 0.3889 0.4144
vt 0.5252 0.3642 0.4078
vt 0.5366 0.3595 0.4072
vt 0.4634 0.4072 0.3595
vt 0.4748 0.4078 0.3642
vt 0.4748 0.4354 0.3606
vt 0.4634 0.4348 0.3559
vt 0.4529 0.3905 0.4348
vt 0.4642 0.3859 0.4342
vt 0.4748 0.4114 0.4342
vt 0.4634 0.4161 0.4348
vt 0.5366 0.4348 0.4161
vt 0.5252 0.4342 0.4114
vt 0.5252 0.4222 0.4130
vt 0.5366 0.4228 0.4177
vt 0.5366 0.4177 0.4228
vt 0.5252 0.4130 0.4222
vt 0.5358 0.3883 0.4155
vt 0.5471 0.3930 0.4162
vt 0.4529 0.4162 0.3930
vt 0.4642 0.4155 0.3883
vt 0.4642 0.4342 0.3859
vt 0.4529 0.4348 0.3905
vt 0.5366 0.4161 0.4348
vt 0.5252 0.4114 0.4342
vt 0.5358 0.3859 0.4342
vt 0.5471 0.3905 0.4348
vt 0.5471 0.4348 0.3905
vt 0.5358 0.4342 0.3859
vt 0.5358 0.4155 0.3883
vt 0.5471 0.4162 0.3930
vt 0.4529 0.3930 0.4162
vt 0.4642 0.3883 0.4155
vt 0.4748 0.4130 0.4222
vt 0.4634 0.4177 0.4228
vt 0.4634 0.4228 0.4177
vt 0.4748 0.4222 0.4130
vt 0.4748 0.4342 0.4114
vt 0.4634 0.4348 0.4161
vt 0.5471 0.3814 0.4348
vt 0.5358 0.3861 0.4354
vt 0.5252 0.3606 0.4354
vt 0.5366 0.3559 0.4348
vt 0.5366 0.4348 0.3559
vt 0.5252 0.4354 0.3606
vt 0.5252 0.4078 0.3642
vt 0.5366 0.4072 0.3595
vt 0.4634 0.3595 0.4072
vt 0.4748 0.3642 0.4078
vt 0.4642 0.3889 0.4144
vt 0.4529 0.3842 0.4138
vt 0.4529 0.4138 0.3842
vt 0.4642 0.4144 0.3889
vt 0.4642 0.4354 0.3861
vt 0.4529 0.4348 0.3814
vt 0.4634 0.3620 0.3977
vt 0.4748 0.3664 0.3995
vt 0.4642 0.3911 0.4062
vt 0.4529 0.3867 0.4043
vt 0.5471 0.4043 0.3867
vt 0.5358 0.4062 0.3911
vt 0.5358 0.3866 0.3992
vt 0.5471 0.3848 0.3948
vt 0.5471 0.3948 0.3848
vt 0.5358 0.3992 0.3866
vt 0.5252 0.3770 0.3738
vt 0.5366 0.3727 0.3720
vt 0.4634 0.3720 0.3727
vt 0.4748 0.3738 0.3770
vt 0.4748 0.3995 0.3664
vt 0.4634 0.3977 0.3620
vt 0.4529 0.3955 0.4067
vt 0.4642 0.3912 0.4049
vt 0.4748 0.4158 0.4115
vt 0.4634 0.4202 0.4133
vt 0.5366 0.4133 0.4202
vt 0.5252 0.4115 0.4158
vt 0.5252 0.4003 0.4205
vt 0.5366 0.4021 0.4248
vt 0.5366 0.4248 0.4021
vt 0.5252 0.4205 0.4003
vt 0.5358 0.3983 0.3876
vt 0.5471 0.4027 0.3894
vt 0.4529 0.3894 0.4027
vt 0.4642 0.3876 0.3983
vt 0.4642 0.4049 0.3912
vt 0.4529 0.4067 0.3955
vt 0.5366 0.4202 0.4133
vt 0.5252 0.4158 0.4115
vt 0.5358 0.3912 0.4049
vt 0.5471 0.3955 0.4067
vt 0.5471 0.4067 0.3955
vt 0.5358 0.4049 0.3912
vt 0.5358 0.3876 0.3983
vt 0.5471 0.3894 0.4027
vt 0.4529 0.4027 0.3894
vt 0.4642 0.3983 0.3876
vt 0.4748 0.4205 0.4003
vt 0.4634 0.4248 0.4021
vt 0.4634 0.4021 0.4248
vt 0.4748 0.4003 0.4205
vt 0.4748 0.4115 0.4158
vt 0.4634 0.4133 0.4202
vt 0.5471 0.3867 0.4043
vt 0.5358 0.3911 0.4062
vt 0.5252 0.3664 0.3995
vt 0.5366 0.3620 0.3977
vt 0.5366 0.3977 0.3620
vt 0.5252 0.3995 0.3664
vt 0.5252 0.3738 0.3770
vt 0.5366 0.3720 0.3727
vt 0.4634 0.3727 0.3720
vt 0.4748 0.3770 0.3738
vt 0.4642 0.3992 0.3866
vt 0.4529 0.3948 0.3848
vt 0.4529 0.3848 0.3948
vt 0.4642 0.3866 0.3992
vt 0.4642 0.4062 0.3911
vt 0.4529 0.4043 0.3867
vt 0.4634 0.3776 0.3636
vt 0.4748 0.3813 0.3664
vt 0.4642 0.4034 0.3792
vt 0.4529 0.3997 0.3763
vt 0.5471 0.3763 0.3997
vt 0.5358 0.3792 0.4034
vt 0.5358 0.3624 0.4163
vt 0.5471 0.3595 0.4126
vt 0.5471 0.4126 0.3595
vt 0.5358 0.4163 0.3624
vt 0.5252 0.3983 0.3444
vt 0.5366 0.3945 0.3415
vt 0.4634 0.3415 0.3945
vt 0.4748 0.3444 0.3983
vt 0.4748 0.3664 0.3813
vt 0.4634 0.3636 0.3776
vt 0.4529 0.4076 0.3809
vt 0.4642 0.4039 0.3780
vt 0.4748 0.4260 0.3908
vt 0.4634 0.4297 0.3937
vt 0.5366 0.3937 0.4297
vt 0.5252 0.3908 0.4260
vt 0.5252 0.3812 0.4333
vt 0.5366 0.3841 0.4371
vt 0.5366 0.4371 0.3841
vt 0.5252 0.4333 0.3812
vt 0.5358 0.4153 0.3631
vt 0.5471 0.4190 0.3660
vt 0.4529 0.3660 0.4190
vt 0.4642 0.3631 0.4153
vt 0.4642 0.3780 0.4039
vt 0.4529 0.3809 0.4076
vt 0.5366 0.4297 0.3937
vt 0.5252 0.4260 0.3908
vt 0.5358 0.4039 0.3780
vt 0.5471 0.4076 0.3809
vt 0.5471 0.3809 0.4076
vt 0.5358 0.3780 0.4039
vt 0.5358 0.3631 0.4153
vt 0.5471 0.3660 0.4190
vt 0.4529 0.4190 0.3660
vt 0.4642 0.4153 0.3631
vt 0.4748 0.4333 0.3812
vt 0.4634 0.4371 0.3841
vt 0.4634 0.3841 0.4371
vt 0.4748 0.3812 0.4333
vt 0.4748 0.3908 0.4260
vt 0.4634 0.3937 0.4297
vt 0.5471 0.3997 0.3763
vt 0.5358 0.4034 0.3792
vt 0.5252 0.3813 0.3664
vt 0.5366 0.3776 0.3636
vt 0.5366 0.3636 0.3776
vt 0.5252 0.3664 0.3813
vt 0.5252 0.3444 0.3983
vt 0.5366 0.3415 0.3945
vt 0.4634 0.3945 0.3415
vt 0.4748 0.3983 0.3444
vt 0.4642 0.4163 0.3624
vt 0.4529 0.4126 0.3595
vt 0.4529 0.3595 0.4126
vt 0.4642 0.3624 0.4163
vt 0.4642 0.3792 0.4034
vt 0.4529 0.3763 0.3997
vt 0.4634 0.3346 0.4014
vt 0.4748 0.3383 0.4043
vt 0.4642 0.3564 0.4224
vt 0.4529 0.3526 0.4195
vt 0.4529 0.4195 0.3526
vt 0.4642 0.4224 0.3564
vt 0.4642 0.4391 0.3435
vt 0.4529 0.4363 0.3398
vt 0.5471 0.3398 0.4363
vt 0.5358 0.3435 0.4391
vt 0.5252 0.3214 0.4264
vt 0.5366 0.3176 0.4235
vt 0.5366 0.4235 0.3176
vt 0.5252 0.4264 0.3214
vt 0.5252 0.4043 0.3383
vt 0.5366 0.4014 0.3346
vt 0.4529 0.3591 0.4259
vt 0.4642 0.3553 0.4231
vt 0.4748 0.3734 0.4411
vt 0.4634 0.3771 0.4440
vt 0.4634 0.4440 0.3771
vt 0.4748 0.4411 0.3734
vt 0.4748 0.4507 0.3660
vt 0.4634 0.4536 0.3698
vt 0.5366 0.3698 0.4536
vt 0.5252 0.3660 0.4507
vt 0.5358 0.3439 0.4380
vt 0.5471 0.3477 0.4408
vt 0.5471 0.4408 0.3477
vt 0.5358 0.4380 0.3439
vt 0.5358 0.4231 0.3553
vt 0.5471 0.4259 0.3591
vt 0.5366 0.3771 0.4440
vt 0.5252 0.3734 0.4411
vt 0.5358 0.3553 0.4231
vt 0.5471 0.3591 0.4259
vt 0.4529 0.4259 0.3591
vt 0.4642 0.4231 0.3553
vt 0.4642 0.4380 0.3439
vt 0.4529 0.4408 0.3477
vt 0.4529 0.3477 0.4408
vt 0.4642 0.3439 0.4380
vt 0.4748 0.3660 0.4507
vt 0.4634 0.3698 0.4536
vt 0.5366 0.4536 0.3698
vt 0.5252 0.4507 0.3660
vt 0.5252 0.4411 0.3734
vt 0.5366 0.4440 0.3771
vt 0.5471 0.3526 0.4195
vt 0.5358 0.3564 0.4224
vt 0.5252 0.3383 0.4043
vt 0.5366 0.3346 0.4014
vt 0.4634 0.4014 0.3346
vt 0.4748 0.4043 0.3383
vt 0.4748 0.4264 0.3214
vt 0.4634 0.4235 0.3176
vt 0.4634 0.3176 0.4235
vt 0.4748 0.3214 0.4264
vt 0.4642 0.3435 0.4391
vt 0.4529 0.3398 0.4363
vt 0.5471 0.4363 0.3398
vt 0.5358 0.4391 0.3435
vt 0.5358 0.4224 0.3564
vt 0.5471 0.4195 0.3526
vt 0.4634 0.3127 0.4320
vt 0.4748 0.3171 0.4338
vt 0.4642 0.3392 0.4466
vt 0.4529 0.3349 0.4448
vt 0.4529 0.4448 0.3349
vt 0.4642 0.4466 0.3392
vt 0.4642 0.4661 0.3311
vt 0.4529 0.4643 0.3268
vt 0.5471 0.3268 0.4643
vt 0.5358 0.3311 0.4661
vt 0.5252 0.3065 0.4595
vt 0.5366 0.3021 0.4577
vt 0.5366 0.4577 0.3021
vt 0.5252 0.4595 0.3065
vt 0.5252 0.4338 0.3171
vt 0.5366 0.4320 0.3127
vt 0.4529 0.3428 0.4493
vt 0.4642 0.3384 0.4475
vt 0.4748 0.3605 0.4603
vt 0.4634 0.3649 0.4621
vt 0.4634 0.4621 0.3649
vt 0.4748 0.4603 0.3605
vt 0.4748 0.4715 0.3559
vt 0.4634 0.4733 0.3602
vt 0.5366 0.3602 0.4733
vt 0.5252 0.3559 0.4715
vt 0.5358 0.3312 0.4648
vt 0.5471 0.3356 0.4666
vt 0.5471 0.4666 0.3356
vt 0.5358 0.4648 0.3312
vt 0.5358 0.4475 0.3384
vt 0.5471 0.4493 0.3428
vt 0.5366 0.3649 0.4621
vt 0.5252 0.3605 0.4603
vt 0.5358 0.3384 0.4475
vt 0.5471 0.3428 0.4493
vt 0.4529 0.4493 0.3428
vt 0.4642 0.4475 0.3384
vt 0.4642 0.4648 0.3312
vt 0.4529 0.4666 0.3356
vt 0.4529 0.3356 0.4666
vt 0.4642 0.3312 0.4648
vt 0.4748 0.3559 0.4715
vt 0.4634 0.3602 0.4733
vt 0.5366 0.4733 0.3602
vt 0.5252 0.4715 0.3559
vt 0.5252 0.4603 0.3605
vt 0.5366 0.4621 0.3649
vt 0.5471 0.3349 0.4448
vt 0.5358 0.3392 0.4466
vt 0.5252 0.3171 0.4338
vt 0.5366 0.3127 0.4320
vt 0.4634 0.4320 0.3127
vt 0.4748 0.4338 0.3171
vt 0.4748 0.4595 0.3065
vt 0.4634 0.4577 0.3021
vt 0.4634 0.3021 0.4577
vt 0.4748 0.3065 0.4595
vt 0.4642 0.3311 0.4661
vt 0.4529 0.3268 0.4643
vt 0.5471 0.4643 0.3268
vt 0.5358 0.4661 0.3311
vt 0.5358 0.4466 0.3392
vt 0.5471 0.4448 0.3349
vt 0.4634 0.2996 0.4671
vt 0.4748 0.3042 0.4678
vt 0.4642 0.3289 0.4744
vt 0.4529 0.3242 0.4737
vt 0.4529 0.4737 0.3242
vt 0.4642 0.4744 0.3289
vt 0.4642 0.4953 0.3262
vt 0.4529 0.4947 0.3215
vt 0.5471 0.3215 0.4947
vt 0.5358 0.3262 0.4953
vt 0.5252 0.3006 0.4953
vt 0.5366 0.2959 0.4947
vt 0.5366 0.4947 0.2959
vt 0.5252 0.4953 0.3006
vt 0.5252 0.4678 0.3042
vt 0.5366 0.4671 0.2996
vt 0.4529 0.3330 0.4761
vt 0.4642 0.3284 0.4755
vt 0.4748 0.3530 0.4821
vt 0.4634 0.3577 0.4827
vt 0.4634 0.4827 0.3577
vt 0.4748 0.4821 0.3530
vt 0.4748 0.4941 0.3515
vt 0.4634 0.4947 0.3561
vt 0.5366 0.3561 0.4947
vt 0.5252 0.3515 0.4941
vt 0.5358 0.3259 0.4941
vt 0.5471 0.3306 0.4947
vt 0.5471 0.4947 0.3306
vt 0.5358 0.4941 0.3259
vt 0.5358 0.4755 0.3284
vt 0.5471 0.4761 0.3330
vt 0.5366 0.3577 0.4827
vt 0.5252 0.3530 0.4821
vt 0.5358 0.3284 0.4755
vt 0.5471 0.3330 0.4761
vt 0.4529 0.4761 0.3330
vt 0.4642 0.4755 0.3284
vt 0.4642 0.4941 0.3259
vt 0.4529 0.4947 0.3306
vt 0.4529 0.3306 0.4947
vt 0.4642 0.3259 0.4941
vt 0.4748 0.3515 0.4941
vt 0.4634 0.3561 0.4947
vt 0.5366 0.4947 0.3561
vt 0.5252 0.4941 0.3515
vt 0.5252 0.4821 0.3530
vt 0.5366 0.4827 0.3577
vt 0.5471 0.3242 0.4737
vt 0.5358 0.3289 0.4744
vt 0.5252 0.3042 0.4678
vt 0.5366 0.2996 0.4671
vt 0.4634 0.4671 0.2996
vt 0.4748 0.4678 0.3042
vt 0.4748 0.4953 0.3006
vt 0.4634 0.4947 0.2959
vt 0.4634 0.2959 0.4947
vt 0.4748 0.3006 0.4953
vt 0.4642 0.3262 0.4953
vt 0.4529 0.3215 0.4947
vt 0.5471 0.4947 0.3215
vt 0.5358 0.4953 0.3262
vt 0.5358 0.4744 0.3289
vt 0.5471 0.4737 0.3242
vt 0.4841 0.4802 0.6510
vt 0.4653 0.4782 0.6435
vt 0.5347 0.4603 0.5765
vt 0.5023 0.4568 0.5635
vt 0.4977 0.4568 0.5635
vt 0.4653 0.4603 0.5765
vt 0.5347 0.4782 0.6435
vt 0.5159 0.4802 0.6510
vt 0.4841 0.5180 0.6353
vt 0.4653 0.5141 0.6286
vt 0.5347 0.4795 0.5686
vt 0.5023 0.4728 0.5569
vt 0.4977 0.4728 0.5569
vt 0.4653 0.4795 0.5686
vt 0.5347 0.5141 0.6286
vt 0.5159 0.5180 0.6353
vt 0.4841 0.5505 0.6104
vt 0.4653 0.5450 0.6049
vt 0.5347 0.4960 0.5559
vt 0.5023 0.4865 0.5464
vt 0.4977 0.4865 0.5464
vt 0.4653 0.4960 0.5559
vt 0.5347 0.5450 0.6049
vt 0.5159 0.5505 0.6104
vt 0.5159 0.6104 0.5505
vt 0.5159 0.5780 0.5754
vt 0.5347 0.5741 0.5687
vt 0.5347 0.6049 0.5450
vt 0.4653 0.5559 0.4960
vt 0.4653 0.5394 0.5086
vt 0.4977 0.5327 0.4970
vt 0.4977 0.5464 0.4865
vt 0.5023 0.5464 0.4865
vt 0.5023 0.5327 0.4970
vt 0.5347 0.5394 0.5086
vt 0.5347 0.5559 0.4960
vt 0.4653 0.6049 0.5450
vt 0.4653 0.5741 0.5687
vt 0.4841 0.5780 0.5754
vt 0.4841 0.6104 0.5505
vt 0.5159 0.5402 0.5911
vt 0.5347 0.5382 0.5835
vt 0.4653 0.5202 0.5166
vt 0.4977 0.5167 0.5036
vt 0.5023 0.5167 0.5036
vt 0.5347 0.5202 0.5166
vt 0.4653 0.5382 0.5835
vt 0.4841 0.5402 0.5911
vt 0.5159 0.4996 0.5964
vt 0.5347 0.4996 0.5886
vt 0.4653 0.4996 0.5193
vt 0.4977 0.4996 0.5059
vt 0.5023 0.4996 0.5059
vt 0.5347 0.4996 0.5193
vt 0.4653 0.4996 0.5886
vt 0.4841 0.4996 0.5964
vt 0.6433 0.4446 0.5366
vt 0.6178 0.4446 0.5471
vt 0.6150 0.4655 0.5471
vt 0.6100 0.4692 0.5490
vt 0.6397 0.4721 0.5366
vt 0.6435 0.4782 0.5347
vt 0.6087 0.4446 0.5471
vt 0.5831 0.4446 0.5366
vt 0.5816 0.4566 0.5366
vt 0.5765 0.4603 0.5347
vt 0.6062 0.4632 0.5471
vt 0.4169 0.4446 0.4634
vt 0.3913 0.4446 0.4529
vt 0.3938 0.4632 0.4529
vt 0.3900 0.4692 0.4510
vt 0.4184 0.4566 0.4634
vt 0.4235 0.4603 0.4653
vt 0.3822 0.4446 0.4529
vt 0.3567 0.4446 0.4634
vt 0.3603 0.4721 0.4634
vt 0.3565 0.4782 0.4653
vt 0.3850 0.4655 0.4529
vt 0.6372 0.4816 0.5366
vt 0.6125 0.4750 0.5471
vt 0.6044 0.4945 0.5471
vt 0.5986 0.4968 0.5490
vt 0.6265 0.5073 0.5366
vt 0.6286 0.5141 0.5347
vt 0.6037 0.4726 0.5471
vt 0.5790 0.4660 0.5366
vt 0.5744 0.4772 0.5366
vt 0.5686 0.4795 0.5347
vt 0.5965 0.4900 0.5471
vt 0.4210 0.4660 0.4634
vt 0.3963 0.4726 0.4529
vt 0.4035 0.4900 0.4529
vt 0.4014 0.4968 0.4510
vt 0.4256 0.4772 0.4634
vt 0.4314 0.4795 0.4653
vt 0.3875 0.4750 0.4529
vt 0.3628 0.4816 0.4634
vt 0.3735 0.5073 0.4634
vt 0.3714 0.5141 0.4653
vt 0.3956 0.4945 0.4529
vt 0.6216 0.5158 0.5366
vt 0.5995 0.5030 0.5471
vt 0.5866 0.5198 0.5471
vt 0.5804 0.5205 0.5490
vt 0.6047 0.5378 0.5366
vt 0.6049 0.5450 0.5347
vt 0.5916 0.4984 0.5471
vt 0.5695 0.4857 0.5366
vt 0.5621 0.4953 0.5366
vt 0.5559 0.4960 0.5347
vt 0.5802 0.5133 0.5471
vt 0.4305 0.4857 0.4634
vt 0.4084 0.4984 0.4529
vt 0.4198 0.5133 0.4529
vt 0.4196 0.5205 0.4510
vt 0.4379 0.4953 0.4634
vt 0.4441 0.4960 0.4653
vt 0.4005 0.5030 0.4529
vt 0.3784 0.5158 0.4634
vt 0.3953 0.5378 0.4634
vt 0.3951 0.5450 0.4653
vt 0.4134 0.5198 0.4529
vt 0.5978 0.5448 0.5366
vt 0.5797 0.5267 0.5471
vt 0.5629 0.5396 0.5471
vt 0.5567 0.5386 0.5490
vt 0.5757 0.5617 0.5366
vt 0.5741 0.5687 0.5347
vt 0.5733 0.5202 0.5471
vt 0.5552 0.5022 0.5366
vt 0.5456 0.5096 0.5366
vt 0.5394 0.5086 0.5347
vt 0.5584 0.5317 0.5471
vt 0.4448 0.5022 0.4634
vt 0.4267 0.5202 0.4529
vt 0.4416 0.5317 0.4529
vt 0.4433 0.5386 0.4510
vt 0.4544 0.5096 0.4634
vt 0.4606 0.5086 0.4653
vt 0.4203 0.5267 0.4529
vt 0.4022 0.5448 0.4634
vt 0.4243 0.5617 0.4634
vt 0.4259 0.5687 0.4653
vt 0.4371 0.5396 0.4529
vt 0.5672 0.5666 0.5366
vt 0.5545 0.5445 0.5471
vt 0.5349 0.5526 0.5471
vt 0.5292 0.5500 0.5490
vt 0.5415 0.5772 0.5366
vt 0.5382 0.5835 0.5347
vt 0.5499 0.5366 0.5471
vt 0.5371 0.5144 0.5366
vt 0.5260 0.5191 0.5366
vt 0.5202 0.5166 0.5347
vt 0.5326 0.5437 0.5471
vt 0.4629 0.5144 0.4634
vt 0.4501 0.5366 0.4529
vt 0.4674 0.5437 0.4529
vt 0.4708 0.5500 0.4510
vt 0.4740 0.5191 0.4634
vt 0.4798 0.5166 0.4653
vt 0.4455 0.5445 0.4529
vt 0.4328 0.5666 0.4634
vt 0.4585 0.5772 0.4634
vt 0.4618 0.5835 0.4653
vt 0.4651 0.5526 0.4529
vt 0.5321 0.5798 0.5366
vt 0.5255 0.5551 0.5471
vt 0.5045 0.5579 0.5471
vt 0.4996 0.5539 0.5490
vt 0.5045 0.5834 0.5366
vt 0.4996 0.5886 0.5347
vt 0.5231 0.5463 0.5471
vt 0.5165 0.5216 0.5366
vt 0.5045 0.5232 0.5366
vt 0.4996 0.5193 0.5347
vt 0.5045 0.5487 0.5471
vt 0.4835 0.5216 0.4634
vt 0.4769 0.5463 0.4529
vt 0.4955 0.5487 0.4529
vt 0.5004 0.5539 0.4510
vt 0.4955 0.5232 0.4634
vt 0.5004 0.5193 0.4653
vt 0.4745 0.5551 0.4529
vt 0.4679 0.5798 0.4634
vt 0.4955 0.5834 0.4634
vt 0.5004 0.5886 0.4653
vt 0.4955 0.5579 0.4529
vt 0.5366 0.6433 0.4446
vt 0.5252 0.6387 0.4439
vt 0.5358 0.6131 0.4439
vt 0.5471 0.6178 0.4446
vt 0.4529 0.4446 0.6178
vt 0.4642 0.4439 0.6131
vt 0.4642 0.4649 0.6104
vt 0.4529 0.4655 0.6150
vt 0.4529 0.6150 0.4655
vt 0.4642 0.6104 0.4649
vt 0.4748 0.6350 0.4715
vt 0.4634 0.6397 0.4721
vt 0.5366 0.4721 0.6397
vt 0.5252 0.4715 0.6350
vt 0.5252 0.4439 0.6387
vt 0.5366 0.4446 0.6433
vt 0.5471 0.6087 0.4446
vt 0.5358 0.6134 0.4452
vt 0.5252 0.5878 0.4452
vt 0.5366 0.5831 0.4446
vt 0.4634 0.4446 0.5831
vt 0.4748 0.4452 0.5878
vt 0.4748 0.4572 0.5862
vt 0.4634 0.4566 0.5816
vt 0.4634 0.5816 0.4566
vt 0.4748 0.5862 0.4572
vt 0.4642 0.6109 0.4638
vt 0.4529 0.6062 0.4632
vt 0.5471 0.4632 0.6062
vt 0.5358 0.4638 0.6109
vt 0.5358 0.4452 0.6134
vt 0.5471 0.4446 0.6087
vt 0.4634 0.5831 0.4446
vt 0.4748 0.5878 0.4452
vt 0.4642 0.6134 0.4452
vt 0.4529 0.6087 0.4446
vt 0.4529 0.4446 0.6087
vt 0.4642 0.4452 0.6134
vt 0.4642 0.4638 0.6109
vt 0.4529 0.4632 0.6062
vt 0.5471 0.6062 0.4632
vt 0.5358 0.6109 0.4638
vt 0.5252 0.5862 0.4572
vt 0.5366 0.5816 0.4566
vt 0.5366 0.4566 0.5816
vt 0.5252 0.4572 0.5862
vt 0.5252 0.4452 0.5878
vt 0.5366 0.4446 0.5831
vt 0.4529 0.6178 0.4446
vt 0.4642 0.6131 0.4439
vt 0.4748 0.6387 0.4439
vt 0.4634 0.6433 0.4446
vt 0.4634 0.4446 0.6433
vt 0.4748 0.4439 0.6387
vt 0.4748 0.4715 0.6350
vt 0.4634 0.4721 0.6397
vt 0.5366 0.6397 0.4721
vt 0.5252 0.6350 0.4715
vt 0.5358 0.6104 0.4649
vt 0.5471 0.6150 0.4655
vt 0.5471 0.4655 0.6150
vt 0.5358 0.4649 0.6104
vt 0.5358 0.4439 0.6131
vt 0.5471 0.4446 0.6178
vt 0.5366 0.6372 0.4816
vt 0.5252 0.6328 0.4798
vt 0.5358 0.6081 0.4732
vt 0.5471 0.6125 0.4750
vt 0.4529 0.4750 0.6125
vt 0.4642 0.4732 0.6081
vt 0.4642 0.4927 0.6001
vt 0.4529 0.4945 0.6044
vt 0.4529 0.6044 0.4945
vt 0.4642 0.6001 0.4927
vt 0.4748 0.6222 0.5055
vt 0.4634 0.6265 0.5073
vt 0.5366 0.5073 0.6265
vt 0.5252 0.5055 0.6222
vt 0.5252 0.4798 0.6328
vt 0.5366 0.4816 0.6372
vt 0.5471 0.6037 0.4726
vt 0.5358 0.6081 0.4744
vt 0.5252 0.5834 0.4678
vt 0.5366 0.5790 0.4660
vt 0.4634 0.4660 0.5790
vt 0.4748 0.4678 0.5834
vt 0.4748 0.4790 0.5788
vt 0.4634 0.4772 0.5744
vt 0.4634 0.5744 0.4772
vt 0.4748 0.5788 0.4790
vt 0.4642 0.6009 0.4918
vt 0.4529 0.5965 0.4900
vt 0.5471 0.4900 0.5965
vt 0.5358 0.4918 0.6009
vt 0.5358 0.4744 0.6081
vt 0.5471 0.4726 0.6037
vt 0.4634 0.5790 0.4660
vt 0.4748 0.5834 0.4678
vt 0.4642 0.6081 0.4744
vt 0.4529 0.6037 0.4726
vt 0.4529 0.4726 0.6037
vt 0.4642 0.4744 0.6081
vt 0.4642 0.4918 0.6009
vt 0.4529 0.4900 0.5965
vt 0.5471 0.5965 0.4900
vt 0.5358 0.6009 0.4918
vt 0.5252 0.5788 0.4790
vt 0.5366 0.5744 0.4772
vt 0.5366 0.4772 0.5744
vt 0.5252 0.4790 0.5788
vt 0.5252 0.4678 0.5834
vt 0.5366 0.4660 0.5790
vt 0.4529 0.6125 0.4750
vt 0.4642 0.6081 0.4732
vt 0.4748 0.6328 0.4798
vt 0.4634 0.6372 0.4816
vt 0.4634 0.4816 0.6372
vt 0.4748 0.4798 0.6328
vt 0.4748 0.5055 0.6222
vt 0.4634 0.5073 0.6265
vt 0.5366 0.6265 0.5073
vt 0.5252 0.6222 0.5055
vt 0.5358 0.6001 0.4927
vt 0.5471 0.6044 0.4945
vt 0.5471 0.4945 0.6044
vt 0.5358 0.4927 0.6001
vt 0.5358 0.4732 0.6081
vt 0.5471 0.4750 0.6125
vt 0.5366 0.6216 0.5158
vt 0.5252 0.6179 0.5129
vt 0.5358 0.5958 0.5001
vt 0.5471 0.5995 0.5030
vt 0.4529 0.5030 0.5995
vt 0.4642 0.5001 0.5958
vt 0.4642 0.5169 0.5829
vt 0.4529 0.5198 0.5866
vt 0.4529 0.5866 0.5198
vt 0.4642 0.5829 0.5169
vt 0.4748 0.6010 0.5350
vt 0.4634 0.6047 0.5378
vt 0.5366 0.5378 0.6047
vt 0.5252 0.5350 0.6010
vt 0.5252 0.5129 0.6179
vt 0.5366 0.5158 0.6216
vt 0.5471 0.5916 0.4984
vt 0.5358 0.5954 0.5013
vt 0.5252 0.5732 0.4885
vt 0.5366 0.5695 0.4857
vt 0.4634 0.4857 0.5695
vt 0.4748 0.4885 0.5732
vt 0.4748 0.4981 0.5659
vt 0.4634 0.4953 0.5621
vt 0.4634 0.5621 0.4953
vt 0.4748 0.5659 0.4981
vt 0.4642 0.5839 0.5162
vt 0.4529 0.5802 0.5133
vt 0.5471 0.5133 0.5802
vt 0.5358 0.5162 0.5839
vt 0.5358 0.5013 0.5954
vt 0.5471 0.4984 0.5916
vt 0.4634 0.5695 0.4857
vt 0.4748 0.5732 0.4885
vt 0.4642 0.5954 0.5013
vt 0.4529 0.5916 0.4984
vt 0.4529 0.4984 0.5916
vt 0.4642 0.5013 0.5954
vt 0.4642 0.5162 0.5839
vt 0.4529 0.5133 0.5802
vt 0.5471 0.5802 0.5133
vt 0.5358 0.5839 0.5162
vt 0.5252 0.5659 0.4981
vt 0.5366 0.5621 0.4953
vt 0.5366 0.4953 0.5621
vt 0.5252 0.4981 0.5659
vt 0.5252 0.4885 0.5732
vt 0.5366 0.4857 0.5695
vt 0.4529 0.5995 0.5030
vt 0.4642 0.5958 0.5001
vt 0.4748 0.6179 0.5129
vt 0.4634 0.6216 0.5158
vt 0.4634 0.5158 0.6216
vt 0.4748 0.5129 0.6179
vt 0.4748 0.5350 0.6010
vt 0.4634 0.5378 0.6047
vt 0.5366 0.6047 0.5378
vt 0.5252 0.6010 0.5350
vt 0.5358 0.5829 0.5169
vt 0.5471 0.5866 0.5198
vt 0.5471 0.5198 0.5866
vt 0.5358 0.5169 0.5829
vt 0.5358 0.5001 0.5958
vt 0.5471 0.5030 0.5995
vt 0.5366 0.5448 0.5978
vt 0.5252 0.5410 0.5949
vt 0.5358 0.5230 0.5768
vt 0.5471 0.5267 0.5797
vt 0.5471 0.5797 0.5267
vt 0.5358 0.5768 0.5230
vt 0.5358 0.5601 0.5358
vt 0.5471 0.5629 0.5396
vt 0.4529 0.5396 0.5629
vt 0.4642 0.5358 0.5601
vt 0.4748 0.5579 0.5728
vt 0.4634 0.5617 0.5757
vt 0.4634 0.5757 0.5617
vt 0.4748 0.5728 0.5579
vt 0.4748 0.5949 0.5410
vt 0.4634 0.5978 0.5448
vt 0.5471 0.5202 0.5733
vt 0.5358 0.5240 0.5761
vt 0.5252 0.5059 0.5581
vt 0.5366 0.5022 0.5552
vt 0.5366 0.5552 0.5022
vt 0.5252 0.5581 0.5059
vt 0.5252 0.5485 0.5133
vt 0.5366 0.5456 0.5096
vt 0.4634 0.5096 0.5456
vt 0.4748 0.5133 0.5485
vt 0.4642 0.5354 0.5613
vt 0.4529 0.5317 0.5584
vt 0.4529 0.5584 0.5317
vt 0.4642 0.5613 0.5354
vt 0.4642 0.5761 0.5240
vt 0.4529 0.5733 0.5202
vt 0.4634 0.5022 0.5552
vt 0.4748 0.5059 0.5581
vt 0.4642 0.5240 0.5761
vt 0.4529 0.5202 0.5733
vt 0.5471 0.5733 0.5202
vt 0.5358 0.5761 0.5240
vt 0.5358 0.5613 0.5354
vt 0.5471 0.5584 0.5317
vt 0.5471 0.5317 0.5584
vt 0.5358 0.5354 0.5613
vt 0.5252 0.5133 0.5485
vt 0.5366 0.5096 0.5456
vt 0.4634 0.5456 0.5096
vt 0.4748 0.5485 0.5133
vt 0.4748 0.5581 0.5059
vt 0.4634 0.5552 0.5022
vt 0.4529 0.5267 0.5797
vt 0.4642 0.5230 0.5768
vt 0.4748 0.5410 0.5949
vt 0.4634 0.5448 0.5978
vt 0.5366 0.5978 0.5448
vt 0.5252 0.5949 0.5410
vt 0.5252 0.5728 0.5579
vt 0.5366 0.5757 0.5617
vt 0.5366 0.5617 0.5757
vt 0.5252 0.5579 0.5728
vt 0.5358 0.5358 0.5601
vt 0.5471 0.5396 0.5629
vt 0.4529 0.5629 0.5396
vt 0.4642 0.5601 0.5358
vt 0.4642 0.5768 0.5230
vt 0.4529 0.5797 0.5267
vt 0.5366 0.5666 0.5672
vt 0.5252 0.5622 0.5654
vt 0.5358 0.5401 0.5527
vt 0.5471 0.5445 0.5545
vt 0.5471 0.5545 0.5445
vt 0.5358 0.5527 0.5401
vt 0.5358 0.5331 0.5482
vt 0.5471 0.5349 0.5526
vt 0.4529 0.5526 0.5349
vt 0.4642 0.5482 0.5331
vt 0.4748 0.5729 0.5397
vt 0.4634 0.5772 0.5415
vt 0.4634 0.5415 0.5772
vt 0.4748 0.5397 0.5729
vt 0.4748 0.5654 0.5622
vt 0.4634 0.5672 0.5666
vt 0.5471 0.5366 0.5499
vt 0.5358 0.5409 0.5517
vt 0.5252 0.5188 0.5389
vt 0.5366 0.5144 0.5371
vt 0.5366 0.5371 0.5144
vt 0.5252 0.5389 0.5188
vt 0.5252 0.5278 0.5234
vt 0.5366 0.5260 0.5191
vt 0.4634 0.5191 0.5260
vt 0.4748 0.5234 0.5278
vt 0.4642 0.5481 0.5344
vt 0.4529 0.5437 0.5326
vt 0.4529 0.5326 0.5437
vt 0.4642 0.5344 0.5481
vt 0.4642 0.5517 0.5409
vt 0.4529 0.5499 0.5366
vt 0.4634 0.5144 0.5371
vt 0.4748 0.5188 0.5389
vt 0.4642 0.5409 0.5517
vt 0.4529 0.5366 0.5499
vt 0.5471 0.5499 0.5366
vt 0.5358 0.5517 0.5409
vt 0.5358 0.5344 0.5481
vt 0.5471 0.5326 0.5437
vt 0.5471 0.5437 0.5326
vt 0.5358 0.5481 0.5344
vt 0.5252 0.5234 0.5278
vt 0.5366 0.5191 0.5260
vt 0.4634 0.5260 0.5191
vt 0.4748 0.5278 0.5234
vt 0.4748 0.5389 0.5188
vt 0.4634 0.5371 0.5144
vt 0.4529 0.5445 0.5545
vt 0.4642 0.5401 0.5527
vt 0.4748 0.5622 0.5654
vt 0.4634 0.5666 0.5672
vt 0.5366 0.5672 0.5666
vt 0.5252 0.5654 0.5622
vt 0.5252 0.5397 0.5729
vt 0.5366 0.5415 0.5772
vt 0.5366 0.5772 0.5415
vt 0.5252 0.5729 0.5397
vt 0.5358 0.5482 0.5331
vt 0.5471 0.5526 0.5349
vt 0.4529 0.5349 0.5526
vt 0.4642 0.5331 0.5482
vt 0.4642 0.5527 0.5401
vt 0.4529 0.5545 0.5445
vt 0.5366 0.5798 0.5321
vt 0.5252 0.5751 0.5315
vt 0.5358 0.5504 0.5249
vt 0.5471 0.5551 0.5255
vt 0.5471 0.5255 0.5551
vt 0.5358 0.5249 0.5504
vt 0.5358 0.5039 0.5532
vt 0.5471 0.5045 0.5579
vt 0.4529 0.5579 0.5045
vt 0.4642 0.5532 0.5039
vt 0.4748 0.5787 0.5039
vt 0.4634 0.5834 0.5045
vt 0.4634 0.5045 0.5834
vt 0.4748 0.5039 0.5787
vt 0.4748 0.5315 0.5751
vt 0.4634 0.5321 0.5798
vt 0.5471 0.5463 0.5231
vt 0.5358 0.5510 0.5237
vt 0.5252 0.5263 0.5171
vt 0.5366 0.5216 0.5165
vt 0.5366 0.5165 0.5216
vt 0.5252 0.5171 0.5263
vt 0.5252 0.5051 0.5279
vt 0.5366 0.5045 0.5232
vt 0.4634 0.5232 0.5045
vt 0.4748 0.5279 0.5051
vt 0.4642 0.5534 0.5051
vt 0.4529 0.5487 0.5045
vt 0.4529 0.5045 0.5487
vt 0.4642 0.5051 0.5534
vt 0.4642 0.5237 0.5510
vt 0.4529 0.5231 0.5463
vt 0.4634 0.5216 0.5165
vt 0.4748 0.5263 0.5171
vt 0.4642 0.5510 0.5237
vt 0.4529 0.5463 0.5231
vt 0.5471 0.5231 0.5463
vt 0.5358 0.5237 0.5510
vt 0.5358 0.5051 0.5534
vt 0.5471 0.5045 0.5487
vt 0.5471 0.5487 0.5045
vt 0.5358 0.5534 0.5051
vt 0.5252 0.5279 0.5051
vt 0.5366 0.5232 0.5045
vt 0.4634 0.5045 0.5232
vt 0.4748 0.5051 0.5279
vt 0.4748 0.5171 0.5263
vt 0.4634 0.5165 0.5216
vt 0.4529 0.5551 0.5255
vt 0.4642 0.5504 0.5249
vt 0.4748 0.5751 0.5315
vt 0.4634 0.5798 0.5321
vt 0.5366 0.5321 0.5798
vt 0.5252 0.5315 0.5751
vt 0.5252 0.5039 0.5787
vt 0.5366 0.5045 0.5834
vt 0.5366 0.5834 0.5045
vt 0.5252 0.5787 0.5039
vt 0.5358 0.5532 0.5039
vt 0.5471 0.5579 0.5045
vt 0.4529 0.5045 0.5579
vt 0.4642 0.5039 0.5532
vt 0.4642 0.5249 0.5504
vt 0.4529 0.5255 0.5551
vt 0.5347 0.4782 0.3557
vt 0.5159 0.4802 0.3482
vt 0.4977 0.4568 0.4357
vt 0.4653 0.4603 0.4227
vt 0.5347 0.4603 0.4227
vt 0.5023 0.4568 0.4357
vt 0.4841 0.4802 0.3482
vt 0.4653 0.4782 0.3557
vt 0.5347 0.5141 0.3706
vt 0.5159 0.5180 0.3639
vt 0.4977 0.4728 0.4423
vt 0.4653 0.4795 0.4307
vt 0.5347 0.4795 0.4307
vt 0.5023 0.4728 0.4423
vt 0.4841 0.5180 0.3639
vt 0.4653 0.5141 0.3706
vt 0.5347 0.5450 0.3943
vt 0.5159 0.5505 0.3888
vt 0.4977 0.4865 0.4528
vt 0.4653 0.4960 0.4433
vt 0.5347 0.4960 0.4433
vt 0.5023 0.4865 0.4528
vt 0.4841 0.5505 0.3888
vt 0.4653 0.5450 0.3943
vt 0.5159 0.3888 0.5505
vt 0.5347 0.3943 0.5450
vt 0.5347 0.4251 0.5687
vt 0.5159 0.4212 0.5754
vt 0.4653 0.4433 0.4960
vt 0.4977 0.4528 0.4865
vt 0.4977 0.4665 0.4970
vt 0.4653 0.4598 0.5086
vt 0.5023 0.4528 0.4865
vt 0.5347 0.4433 0.4960
vt 0.5347 0.4598 0.5086
vt 0.5023 0.4665 0.4970
vt 0.4653 0.3943 0.5450
vt 0.4841 0.3888 0.5505
vt 0.4841 0.4212 0.5754
vt 0.4653 0.4251 0.5687
vt 0.5347 0.4611 0.5835
vt 0.5159 0.4590 0.5911
vt 0.4977 0.4825 0.5036
vt 0.4653 0.4790 0.5166
vt 0.5347 0.4790 0.5166
vt 0.5023 0.4825 0.5036
vt 0.4841 0.4590 0.5911
vt 0.4653 0.4611 0.5835
vt 0.3814 0.4446 0.5471
vt 0.3559 0.4446 0.5366
vt 0.3892 0.4692 0.5490
vt 0.3842 0.4655 0.5471
vt 0.3557 0.4782 0.5347
vt 0.3595 0.4721 0.5366
vt 0.4161 0.4446 0.5366
vt 0.3905 0.4446 0.5471
vt 0.4227 0.4603 0.5347
vt 0.4177 0.4566 0.5366
vt 0.3930 0.4632 0.5471
vt 0.6095 0.4446 0.4529
vt 0.5839 0.4446 0.4634
vt 0.6108 0.4692 0.4510
vt 0.6070 0.4632 0.4529
vt 0.5773 0.4603 0.4653
vt 0.5823 0.4566 0.4634
vt 0.6441 0.4446 0.4634
vt 0.6186 0.4446 0.4529
vt 0.6443 0.4782 0.4653
vt 0.6405 0.4721 0.4634
vt 0.6158 0.4655 0.4529
vt 0.3867 0.4750 0.5471
vt 0.3620 0.4816 0.5366
vt 0.4006 0.4968 0.5490
vt 0.3948 0.4945 0.5471
vt 0.3706 0.5141 0.5347
vt 0.3727 0.5073 0.5366
vt 0.4202 0.4660 0.5366
vt 0.3955 0.4726 0.5471
vt 0.4307 0.4795 0.5347
vt 0.4248 0.4772 0.5366
vt 0.4027 0.4900 0.5471
vt 0.6045 0.4726 0.4529
vt 0.5798 0.4660 0.4634
vt 0.5994 0.4968 0.4510
vt 0.5973 0.4900 0.4529
vt 0.5693 0.4795 0.4653
vt 0.5752 0.4772 0.4634
vt 0.6380 0.4816 0.4634
vt 0.6133 0.4750 0.4529
vt 0.6294 0.5141 0.4653
vt 0.6273 0.5073 0.4634
vt 0.6052 0.4945 0.4529
vt 0.3997 0.5030 0.5471
vt 0.3776 0.5158 0.5366
vt 0.4188 0.5205 0.5490
vt 0.4126 0.5198 0.5471
vt 0.3943 0.5450 0.5347
vt 0.3945 0.5378 0.5366
vt 0.4297 0.4857 0.5366
vt 0.4076 0.4984 0.5471
vt 0.4433 0.4960 0.5347
vt 0.4371 0.4953 0.5366
vt 0.4190 0.5133 0.5471
vt 0.5924 0.4984 0.4529
vt 0.5703 0.4857 0.4634
vt 0.5812 0.5205 0.4510
vt 0.5810 0.5133 0.4529
vt 0.5567 0.4960 0.4653
vt 0.5629 0.4953 0.4634
vt 0.6224 0.5158 0.4634
vt 0.6003 0.5030 0.4529
vt 0.6057 0.5450 0.4653
vt 0.6055 0.5378 0.4634
vt 0.5874 0.5198 0.4529
vt 0.4195 0.5267 0.5471
vt 0.4014 0.5448 0.5366
vt 0.4425 0.5386 0.5490
vt 0.4363 0.5396 0.5471
vt 0.4251 0.5687 0.5347
vt 0.4235 0.5617 0.5366
vt 0.4440 0.5022 0.5366
vt 0.4259 0.5202 0.5471
vt 0.4598 0.5086 0.5347
vt 0.4536 0.5096 0.5366
vt 0.4408 0.5317 0.5471
vt 0.5741 0.5202 0.4529
vt 0.5560 0.5022 0.4634
vt 0.5575 0.5386 0.4510
vt 0.5592 0.5317 0.4529
vt 0.5402 0.5086 0.4653
vt 0.5464 0.5096 0.4634
vt 0.5986 0.5448 0.4634
vt 0.5805 0.5267 0.4529
vt 0.5749 0.5687 0.4653
vt 0.5765 0.5617 0.4634
vt 0.5637 0.5396 0.4529
vt 0.4448 0.5445 0.5471
vt 0.4320 0.5666 0.5366
vt 0.4700 0.5500 0.5490
vt 0.4643 0.5526 0.5471
vt 0.4611 0.5835 0.5347
vt 0.4577 0.5772 0.5366
vt 0.4621 0.5144 0.5366
vt 0.4493 0.5366 0.5471
vt 0.4790 0.5166 0.5347
vt 0.4733 0.5191 0.5366
vt 0.4666 0.5437 0.5471
vt 0.5507 0.5366 0.4529
vt 0.5379 0.5144 0.4634
vt 0.5300 0.5500 0.4510
vt 0.5334 0.5437 0.4529
vt 0.5210 0.5166 0.4653
vt 0.5267 0.5191 0.4634
vt 0.5680 0.5666 0.4634
vt 0.5552 0.5445 0.4529
vt 0.5389 0.5835 0.4653
vt 0.5423 0.5772 0.4634
vt 0.5357 0.5526 0.4529
vt 0.4737 0.5551 0.5471
vt 0.4671 0.5798 0.5366
vt 0.4947 0.5579 0.5471
vt 0.4947 0.5834 0.5366
vt 0.4827 0.5216 0.5366
vt 0.4761 0.5463 0.5471
vt 0.4947 0.5232 0.5366
vt 0.4947 0.5487 0.5471
vt 0.5239 0.5463 0.4529
vt 0.5173 0.5216 0.4634
vt 0.5053 0.5487 0.4529
vt 0.5053 0.5232 0.4634
vt 0.5329 0.5798 0.4634
vt 0.5263 0.5551 0.4529
vt 0.5053 0.5834 0.4634
vt 0.5053 0.5579 0.4529
vt 0.5366 0.3559 0.4446
vt 0.5471 0.3814 0.4446
vt 0.5358 0.3861 0.4439
vt 0.5252 0.3606 0.4439
vt 0.5471 0.4446 0.3814
vt 0.5471 0.4655 0.3842
vt 0.5358 0.4649 0.3889
vt 0.5358 0.4439 0.3861
vt 0.4529 0.3842 0.4655
vt 0.4634 0.3595 0.4721
vt 0.4748 0.3642 0.4715
vt 0.4642 0.3889 0.4649
vt 0.4634 0.4721 0.3595
vt 0.4634 0.4446 0.3559
vt 0.4748 0.4439 0.3606
vt 0.4748 0.4715 0.3642
vt 0.5471 0.3905 0.4446
vt 0.5366 0.4161 0.4446
vt 0.5252 0.4114 0.4452
vt 0.5358 0.3859 0.4452
vt 0.5366 0.4446 0.4161
vt 0.5366 0.4566 0.4177
vt 0.5252 0.4572 0.4130
vt 0.5252 0.4452 0.4114
vt 0.4634 0.4177 0.4566
vt 0.4529 0.3930 0.4632
vt 0.4642 0.3883 0.4638
vt 0.4748 0.4130 0.4572
vt 0.4529 0.4632 0.3930
vt 0.4529 0.4446 0.3905
vt 0.4642 0.4452 0.3859
vt 0.4642 0.4638 0.3883
vt 0.4634 0.4161 0.4446
vt 0.4529 0.3905 0.4446
vt 0.4642 0.3859 0.4452
vt 0.4748 0.4114 0.4452
vt 0.5471 0.4446 0.3905
vt 0.5471 0.4632 0.3930
vt 0.5358 0.4638 0.3883
vt 0.5358 0.4452 0.3859
vt 0.5471 0.3930 0.4632
vt 0.5366 0.4177 0.4566
vt 0.5252 0.4130 0.4572
vt 0.5358 0.3883 0.4638
vt 0.4634 0.4566 0.4177
vt 0.4634 0.4446 0.4161
vt 0.4748 0.4452 0.4114
vt 0.4748 0.4572 0.4130
vt 0.4529 0.3814 0.4446
vt 0.4634 0.3559 0.4446
vt 0.4748 0.3606 0.4439
vt 0.4642 0.3861 0.4439
vt 0.5366 0.4446 0.3559
vt 0.5366 0.4721 0.3595
vt 0.5252 0.4715 0.3642
vt 0.5252 0.4439 0.3606
vt 0.5366 0.3595 0.4721
vt 0.5471 0.3842 0.4655
vt 0.5358 0.3889 0.4649
vt 0.5252 0.3642 0.4715
vt 0.4529 0.4655 0.3842
vt 0.4529 0.4446 0.3814
vt 0.4642 0.4439 0.3861
vt 0.4642 0.4649 0.3889
vt 0.5366 0.3620 0.4816
vt 0.5471 0.3867 0.4750
vt 0.5358 0.3911 0.4732
vt 0.5252 0.3664 0.4798
vt 0.5471 0.4750 0.3867
vt 0.5471 0.4945 0.3948
vt 0.5358 0.4927 0.3992
vt 0.5358 0.4732 0.3911
vt 0.4529 0.3948 0.4945
vt 0.4634 0.3727 0.5073
vt 0.4748 0.3770 0.5055
vt 0.4642 0.3992 0.4927
vt 0.4634 0.5073 0.3727
vt 0.4634 0.4816 0.3620
vt 0.4748 0.4798 0.3664
vt 0.4748 0.5055 0.3770
vt 0.5471 0.3955 0.4726
vt 0.5366 0.4202 0.4660
vt 0.5252 0.4158 0.4678
vt 0.5358 0.3912 0.4744
vt 0.5366 0.4660 0.4202
vt 0.5366 0.4772 0.4248
vt 0.5252 0.4790 0.4205
vt 0.5252 0.4678 0.4158
vt 0.4634 0.4248 0.4772
vt 0.4529 0.4027 0.4900
vt 0.4642 0.3983 0.4918
vt 0.4748 0.4205 0.4790
vt 0.4529 0.4900 0.4027
vt 0.4529 0.4726 0.3955
vt 0.4642 0.4744 0.3912
vt 0.4642 0.4918 0.3983
vt 0.4634 0.4202 0.4660
vt 0.4529 0.3955 0.4726
vt 0.4642 0.3912 0.4744
vt 0.4748 0.4158 0.4678
vt 0.5471 0.4726 0.3955
vt 0.5471 0.4900 0.4027
vt 0.5358 0.4918 0.3983
vt 0.5358 0.4744 0.3912
vt 0.5471 0.4027 0.4900
vt 0.5366 0.4248 0.4772
vt 0.5252 0.4205 0.4790
vt 0.5358 0.3983 0.4918
vt 0.4634 0.4772 0.4248
vt 0.4634 0.4660 0.4202
vt 0.4748 0.4678 0.4158
vt 0.4748 0.4790 0.4205
vt 0.4529 0.3867 0.4750
vt 0.4634 0.3620 0.4816
vt 0.4748 0.3664 0.4798
vt 0.4642 0.3911 0.4732
vt 0.5366 0.4816 0.3620
vt 0.5366 0.5073 0.3727
vt 0.5252 0.5055 0.3770
vt 0.5252 0.4798 0.3664
vt 0.5366 0.3727 0.5073
vt 0.5471 0.3948 0.4945
vt 0.5358 0.3992 0.4927
vt 0.5252 0.3770 0.5055
vt 0.4529 0.4945 0.3948
vt 0.4529 0.4750 0.3867
vt 0.4642 0.4732 0.3911
vt 0.4642 0.4927 0.3992
vt 0.5366 0.3776 0.5158
vt 0.5471 0.3997 0.5030
vt 0.5358 0.4034 0.5001
vt 0.5252 0.3813 0.5129
vt 0.5471 0.5030 0.3997
vt 0.5471 0.5198 0.4126
vt 0.5358 0.5169 0.4163
vt 0.5358 0.5001 0.4034
vt 0.4529 0.4126 0.5198
vt 0.4634 0.3945 0.5378
vt 0.4748 0.3983 0.5350
vt 0.4642 0.4163 0.5169
vt 0.4634 0.5378 0.3945
vt 0.4634 0.5158 0.3776
vt 0.4748 0.5129 0.3813
vt 0.4748 0.5350 0.3983
vt 0.5471 0.4076 0.4984
vt 0.5366 0.4297 0.4857
vt 0.5252 0.4260 0.4885
vt 0.5358 0.4039 0.5013
vt 0.5366 0.4857 0.4297
vt 0.5366 0.4953 0.4371
vt 0.5252 0.4981 0.4333
vt 0.5252 0.4885 0.4260
vt 0.4634 0.4371 0.4953
vt 0.4529 0.4190 0.5133
vt 0.4642 0.4153 0.5162
vt 0.4748 0.4333 0.4981
vt 0.4529 0.5133 0.4190
vt 0.4529 0.4984 0.4076
vt 0.4642 0.5013 0.4039
vt 0.4642 0.5162 0.4153
vt 0.4634 0.4297 0.4857
vt 0.4529 0.4076 0.4984
vt 0.4642 0.4039 0.5013
vt 0.4748 0.4260 0.4885
vt 0.5471 0.4984 0.4076
vt 0.5471 0.5133 0.4190
vt 0.5358 0.5162 0.4153
vt 0.5358 0.5013 0.4039
vt 0.5471 0.4190 0.5133
vt 0.5366 0.4371 0.4953
vt 0.5252 0.4333 0.4981
vt 0.5358 0.4153 0.5162
vt 0.4634 0.4953 0.4371
vt 0.4634 0.4857 0.4297
vt 0.4748 0.4885 0.4260
vt 0.4748 0.4981 0.4333
vt 0.4529 0.3997 0.5030
vt 0.4634 0.3776 0.5158
vt 0.4748 0.3813 0.5129
vt 0.4642 0.4034 0.5001
vt 0.5366 0.5158 0.3776
vt 0.5366 0.5378 0.3945
vt 0.5252 0.5350 0.3983
vt 0.5252 0.5129 0.3813
vt 0.5366 0.3945 0.5378
vt 0.5471 0.4126 0.5198
vt 0.5358 0.4163 0.5169
vt 0.5252 0.3983 0.5350
vt 0.4529 0.5198 0.4126
vt 0.4529 0.5030 0.3997
vt 0.4642 0.5001 0.4034
vt 0.4642 0.5169 0.4163
vt 0.4634 0.5448 0.4014
vt 0.4529 0.5267 0.4195
vt 0.4642 0.5230 0.4224
vt 0.4748 0.5410 0.4043
vt 0.5471 0.4195 0.5267
vt 0.5471 0.4363 0.5396
vt 0.5358 0.4391 0.5358
vt 0.5358 0.4224 0.5230
vt 0.5471 0.5396 0.4363
vt 0.5366 0.5617 0.4235
vt 0.5252 0.5579 0.4264
vt 0.5358 0.5358 0.4391
vt 0.4634 0.4235 0.5617
vt 0.4634 0.4014 0.5448
vt 0.4748 0.4043 0.5410
vt 0.4748 0.4264 0.5579
vt 0.4529 0.5202 0.4259
vt 0.4634 0.5022 0.4440
vt 0.4748 0.5059 0.4411
vt 0.4642 0.5240 0.4231
vt 0.5366 0.4440 0.5022
vt 0.5366 0.4536 0.5096
vt 0.5252 0.4507 0.5133
vt 0.5252 0.4411 0.5059
vt 0.5366 0.5096 0.4536
vt 0.5471 0.5317 0.4408
vt 0.5358 0.5354 0.4380
vt 0.5252 0.5133 0.4507
vt 0.4529 0.4408 0.5317
vt 0.4529 0.4259 0.5202
vt 0.4642 0.4231 0.5240
vt 0.4642 0.4380 0.5354
vt 0.5366 0.5022 0.4440
vt 0.5471 0.5202 0.4259
vt 0.5358 0.5240 0.4231
vt 0.5252 0.5059 0.4411
vt 0.5471 0.4259 0.5202
vt 0.5471 0.4408 0.5317
vt 0.5358 0.4380 0.5354
vt 0.5358 0.4231 0.5240
vt 0.4529 0.5317 0.4408
vt 0.4634 0.5096 0.4536
vt 0.4748 0.5133 0.4507
vt 0.4642 0.5354 0.4380
vt 0.4634 0.4536 0.5096
vt 0.4634 0.4440 0.5022
vt 0.4748 0.4411 0.5059
vt 0.4748 0.4507 0.5133
vt 0.5471 0.5267 0.4195
vt 0.5366 0.5448 0.4014
vt 0.5252 0.5410 0.4043
vt 0.5358 0.5230 0.4224
vt 0.5366 0.4014 0.5448
vt 0.5366 0.4235 0.5617
vt 0.5252 0.4264 0.5579
vt 0.5252 0.4043 0.5410
vt 0.4634 0.5617 0.4235
vt 0.4529 0.5396 0.4363
vt 0.4642 0.5358 0.4391
vt 0.4748 0.5579 0.4264
vt 0.4529 0.4363 0.5396
vt 0.4529 0.4195 0.5267
vt 0.4642 0.4224 0.5230
vt 0.4642 0.4391 0.5358
vt 0.4634 0.5666 0.4320
vt 0.4529 0.5445 0.4448
vt 0.4642 0.5401 0.4466
vt 0.4748 0.5622 0.4338
vt 0.5471 0.4448 0.5445
vt 0.5471 0.4643 0.5526
vt 0.5358 0.4661 0.5482
vt 0.5358 0.4466 0.5401
vt 0.5471 0.5526 0.4643
vt 0.5366 0.5772 0.4577
vt 0.5252 0.5729 0.4595
vt 0.5358 0.5482 0.4661
vt 0.4634 0.4577 0.5772
vt 0.4634 0.4320 0.5666
vt 0.4748 0.4338 0.5622
vt 0.4748 0.4595 0.5729
vt 0.4529 0.5366 0.4493
vt 0.4634 0.5144 0.4621
vt 0.4748 0.5188 0.4603
vt 0.4642 0.5409 0.4475
vt 0.5366 0.4621 0.5144
vt 0.5366 0.4733 0.5191
vt 0.5252 0.4715 0.5234
vt 0.5252 0.4603 0.5188
vt 0.5366 0.5191 0.4733
vt 0.5471 0.5437 0.4666
vt 0.5358 0.5481 0.4648
vt 0.5252 0.5234 0.4715
vt 0.4529 0.4666 0.5437
vt 0.4529 0.4493 0.5366
vt 0.4642 0.4475 0.5409
vt 0.4642 0.4648 0.5481
vt 0.5366 0.5144 0.4621
vt 0.5471 0.5366 0.4493
vt 0.5358 0.5409 0.4475
vt 0.5252 0.5188 0.4603
vt 0.5471 0.4493 0.5366
vt 0.5471 0.4666 0.5437
vt 0.5358 0.4648 0.5481
vt 0.5358 0.4475 0.5409
vt 0.4529 0.5437 0.4666
vt 0.4634 0.5191 0.4733
vt 0.4748 0.5234 0.4715
vt 0.4642 0.5481 0.4648
vt 0.4634 0.4733 0.5191
vt 0.4634 0.4621 0.5144
vt 0.4748 0.4603 0.5188
vt 0.4748 0.4715 0.5234
vt 0.5471 0.5445 0.4448
vt 0.5366 0.5666 0.4320
vt 0.5252 0.5622 0.4338
vt 0.5358 0.5401 0.4466
vt 0.5366 0.4320 0.5666
vt 0.5366 0.4577 0.5772
vt 0.5252 0.4595 0.5729
vt 0.5252 0.4338 0.5622
vt 0.4634 0.5772 0.4577
vt 0.4529 0.5526 0.4643
vt 0.4642 0.5482 0.4661
vt 0.4748 0.5729 0.4595
vt 0.4529 0.4643 0.5526
vt 0.4529 0.4448 0.5445
vt 0.4642 0.4466 0.5401
vt 0.4642 0.4661 0.5482
vt 0.4634 0.5798 0.4671
vt 0.4529 0.5551 0.4737
vt 0.4642 0.5504 0.4744
vt 0.4748 0.5751 0.4678
vt 0.5471 0.4737 0.5551
vt 0.5471 0.4947 0.5579
vt 0.5358 0.4953 0.5532
vt 0.5358 0.4744 0.5504
vt 0.5471 0.5579 0.4947
vt 0.5366 0.5834 0.4947
vt 0.5252 0.5787 0.4953
vt 0.5358 0.5532 0.4953
vt 0.4634 0.4947 0.5834
vt 0.4634 0.4671 0.5798
vt 0.4748 0.4678 0.5751
vt 0.4748 0.4953 0.5787
vt 0.4529 0.5463 0.4761
vt 0.4634 0.5216 0.4827
vt 0.4748 0.5263 0.4821
vt 0.4642 0.5510 0.4755
vt 0.5366 0.4827 0.5216
vt 0.5366 0.4947 0.5232
vt 0.5252 0.4941 0.5279
vt 0.5252 0.4821 0.5263
vt 0.5366 0.5232 0.4947
vt 0.5471 0.5487 0.4947
vt 0.5358 0.5534 0.4941
vt 0.5252 0.5279 0.4941
vt 0.4529 0.4947 0.5487
vt 0.4529 0.4761 0.5463
vt 0.4642 0.4755 0.5510
vt 0.4642 0.4941 0.5534
vt 0.5366 0.5216 0.4827
vt 0.5471 0.5463 0.4761
vt 0.5358 0.5510 0.4755
vt 0.5252 0.5263 0.4821
vt 0.5471 0.4761 0.5463
vt 0.5471 0.4947 0.5487
vt 0.5358 0.4941 0.5534
vt 0.5358 0.4755 0.5510
vt 0.4529 0.5487 0.4947
vt 0.4634 0.5232 0.4947
vt 0.4748 0.5279 0.4941
vt 0.4642 0.5534 0.4941
vt 0.4634 0.4947 0.5232
vt 0.4634 0.4827 0.5216
vt 0.4748 0.4821 0.5263
vt 0.4748 0.4941 0.5279
vt 0.5471 0.5551 0.4737
vt 0.5366 0.5798 0.4671
vt 0.5252 0.5751 0.4678
vt 0.5358 0.5504 0.4744
vt 0.5366 0.4671 0.5798
vt 0.5366 0.4947 0.5834
vt 0.5252 0.4953 0.5787
vt 0.5252 0.4678 0.5751
vt 0.4634 0.5834 0.4947
vt 0.4529 0.5579 0.4947
vt 0.4642 0.5532 0.4953
vt 0.4748 0.5787 0.4953
vt 0.4529 0.4947 0.5579
vt 0.4529 0.4737 0.5551
vt 0.4642 0.4744 0.5504
vt 0.4642 0.4953 0.5532
vt 0.5392 0.7240 0.4809
vt 0.4632 0.7240 0.4809
vt 0.4641 0.5840 0.4809
vt 0.5367 0.5840 0.4809
vt 0.4633 0.7216 0.5163
vt 0.4633 0.5840 0.5163
vt 0.5359 0.5840 0.5163
vt 0.5368 0.7240 0.5163
vt 0.4608 0.7240 0.5163
vt 0.4608 0.7698 0.5163
vt 0.3897 0.7376 0.5059
vt 0.3897 0.6923 0.5059
vt 0.5392 0.7698 0.4809
vt 0.6103 0.6923 0.4913
vt 0.6103 0.7376 0.4913
vt 0.4632 0.7698 0.4809
vt 0.3921 0.7376 0.4913
vt 0.3921 0.6923 0.4913
vt 0.5368 0.7698 0.5163
vt 0.6079 0.6923 0.5059
vt 0.6079 0.7376 0.5059
vt 0.2347 0.3311 0.4809
vt 0.2727 0.2652 0.4809
vt 0.3935 0.3361 0.4809
vt 0.3573 0.3989 0.4809
vt 0.7619 0.3302 0.5163
vt 0.6427 0.3989 0.5163
vt 0.6065 0.3361 0.5163
vt 0.7273 0.2652 0.5163
vt 0.7653 0.3311 0.5163
vt 0.8049 0.3082 0.5163
vt 0.8126 0.3858 0.5059
vt 0.7733 0.4085 0.5059
vt 0.1951 0.3082 0.4809
vt 0.2267 0.4085 0.4913
vt 0.1874 0.3858 0.4913
vt 0.2331 0.2424 0.4809
vt 0.2965 0.1969 0.4913
vt 0.3358 0.2195 0.4913
vt 0.7669 0.2424 0.5163
vt 0.6642 0.2195 0.5059
vt 0.7035 0.1969 0.5059
vt 0.7273 0.2639 0.4809
vt 0.7653 0.3297 0.4809
vt 0.6435 0.3989 0.4809
vt 0.6072 0.3361 0.4809
vt 0.2736 0.2672 0.5163
vt 0.3928 0.3361 0.5163
vt 0.3565 0.3989 0.5163
vt 0.2347 0.3297 0.5163
vt 0.2727 0.2639 0.5163
vt 0.2331 0.2410 0.5163
vt 0.2965 0.1955 0.5059
vt 0.3358 0.2182 0.5059
vt 0.7669 0.2410 0.4809
vt 0.6642 0.2182 0.4913
vt 0.7035 0.1955 0.4913
vt 0.8049 0.3068 0.4809
vt 0.8126 0.3845 0.4913
vt 0.7733 0.4072 0.4913
vt 0.1951 0.3068 0.5163
vt 0.2267 0.4072 0.5059
vt 0.1874 0.3845 0.5059
# 2351 texture coords

o stargate_a_base
g stargate_a_base
usemtl 01___Default
s 1
f 737/1013/333 738/1014/334 739/1015/335 740/1016/336 
f 741/1017/337 742/1018/338 743/1019/339 744/1020/340 
f 745/1021/341 746/1022/342 747/1023/343 748/1024/344 
f 749/1025/345 750/1026/346 751/1027/347 752/1028/348 
f 740/1016/336 739/1015/335 753/1029/349 754/1030/350 
f 744/1020/340 743/1019/339 755/1031/351 756/1032/352 
f 748/1024/344 747/1023/343 757/1033/353 758/1034/354 
f 752/1028/348 751/1027/347 759/1035/355 760/1036/356 
f 754/1030/350 753/1029/349 761/1037/357 762/1038/358 
f 756/1032/352 755/1031/351 763/1039/359 764/1040/360 
f 758/1034/354 757/1033/353 765/1041/361 766/1042/362 
f 760/1036/356 759/1035/355 767/1043/363 768/1044/364 
f 762/1045/358 761/1046/357 769/1047/365 770/1048/366 
f 764/1049/360 763/1050/359 771/1051/367 772/1052/368 
f 766/1053/362 765/1054/361 773/1055/369 774/1056/370 
f 768/1057/364 767/1058/363 775/1059/371 776/1060/372 
f 770/1048/366 769/1047/365 777/1061/373 778/1062/374 
f 772/1052/368 771/1051/367 779/1063/375 780/1064/376 
f 774/1056/370 773/1055/369 781/1065/377 782/1066/378 
f 776/1060/372 775/1059/371 783/1067/379 784/1068/380 
f 778/1062/374 777/1061/373 785/1069/381 786/1070/382 
f 780/1064/376 779/1063/375 787/1071/383 788/1072/384 
f 782/1066/378 781/1065/377 789/1073/385 790/1074/386 
f 784/1068/380 783/1067/379 791/1075/387 792/1076/388 
s 2
f 738/1077/334 793/1078/389 794/1079/390 795/1080/391 
f 793/1078/389 796/1081/392 797/1082/393 794/1079/390 
f 796/1081/392 739/1083/335 798/1084/394 797/1082/393 
f 739/1083/335 738/1077/334 795/1080/391 798/1084/394 
s 4
f 793/1078/389 741/1085/337 799/1086/395 800/1087/396 
f 741/1085/337 744/1088/340 801/1089/397 799/1086/395 
f 744/1088/340 796/1081/392 802/1090/398 801/1089/397 
f 796/1081/392 793/1078/389 800/1087/396 802/1090/398 
s 2
f 746/1091/342 803/1092/399 804/1093/400 805/1094/401 
f 803/1092/399 806/1095/402 807/1096/403 804/1093/400 
f 806/1095/402 747/1097/343 808/1098/404 807/1096/403 
f 747/1097/343 746/1091/342 805/1094/401 808/1098/404 
s 4
f 803/1092/399 749/1099/345 809/1100/405 810/1101/406 
f 749/1099/345 752/1102/348 811/1103/407 809/1100/405 
f 752/1102/348 806/1095/402 812/1104/408 811/1103/407 
f 806/1095/402 803/1092/399 810/1101/406 812/1104/408 
s 2
f 739/1083/335 796/1081/392 813/1105/409 814/1106/410 
f 796/1081/392 815/1107/411 816/1108/412 813/1105/409 
f 815/1107/411 753/1109/349 817/1110/413 816/1108/412 
f 753/1109/349 739/1083/335 814/1106/410 817/1110/413 
s 4
f 796/1081/392 744/1088/340 818/1111/414 819/1112/415 
f 744/1088/340 756/1113/352 820/1114/416 818/1111/414 
f 756/1113/352 815/1107/411 821/1115/417 820/1114/416 
f 815/1107/411 796/1081/392 819/1112/415 821/1115/417 
s 2
f 747/1097/343 806/1095/402 822/1116/418 823/1117/419 
f 806/1095/402 824/1118/420 825/1119/421 822/1116/418 
f 824/1118/420 757/1120/353 826/1121/422 825/1119/421 
f 757/1120/353 747/1097/343 823/1117/419 826/1121/422 
s 4
f 806/1095/402 752/1102/348 827/1122/423 828/1123/424 
f 752/1102/348 760/1124/356 829/1125/425 827/1122/423 
f 760/1124/356 824/1118/420 830/1126/426 829/1125/425 
f 824/1118/420 806/1095/402 828/1123/424 830/1126/426 
s 2
f 753/1109/349 815/1107/411 831/1127/427 832/1128/428 
f 815/1107/411 833/1129/429 834/1130/430 831/1127/427 
f 833/1129/429 761/1131/357 835/1132/431 834/1130/430 
f 761/1131/357 753/1109/349 832/1128/428 835/1132/431 
s 4
f 815/1107/411 756/1113/352 836/1133/432 837/1134/433 
f 756/1113/352 764/1135/360 838/1136/434 836/1133/432 
f 764/1135/360 833/1129/429 839/1137/435 838/1136/434 
f 833/1129/429 815/1107/411 837/1134/433 839/1137/435 
s 2
f 757/1120/353 824/1118/420 840/1138/436 841/1139/437 
f 824/1118/420 842/1140/438 843/1141/439 840/1138/436 
f 842/1140/438 765/1142/361 844/1143/440 843/1141/439 
f 765/1142/361 757/1120/353 841/1139/437 844/1143/440 
s 4
f 824/1118/420 760/1124/356 845/1144/441 846/1145/442 
f 760/1124/356 768/1146/364 847/1147/443 845/1144/441 
f 768/1146/364 842/1140/438 848/1148/444 847/1147/443 
f 842/1140/438 824/1118/420 846/1145/442 848/1148/444 
s 2
f 761/1131/357 833/1129/429 849/1149/445 850/1150/446 
f 833/1129/429 851/1151/447 852/1152/448 849/1149/445 
f 851/1151/447 769/1153/365 853/1154/449 852/1152/448 
f 769/1153/365 761/1131/357 850/1150/446 853/1154/449 
s 4
f 833/1129/429 764/1135/360 854/1155/450 855/1156/451 
f 764/1135/360 772/1157/368 856/1158/452 854/1155/450 
f 772/1157/368 851/1151/447 857/1159/453 856/1158/452 
f 851/1151/447 833/1129/429 855/1156/451 857/1159/453 
s 2
f 765/1142/361 842/1140/438 858/1160/454 859/1161/455 
f 842/1140/438 860/1162/456 861/1163/457 858/1160/454 
f 860/1162/456 773/1164/369 862/1165/458 861/1163/457 
f 773/1164/369 765/1142/361 859/1161/455 862/1165/458 
s 4
f 842/1140/438 768/1146/364 863/1166/459 864/1167/460 
f 768/1146/364 776/1168/372 865/1169/461 863/1166/459 
f 776/1168/372 860/1162/456 866/1170/462 865/1169/461 
f 860/1162/456 842/1140/438 864/1167/460 866/1170/462 
s 2
f 769/1153/365 851/1151/447 867/1171/463 868/1172/464 
f 851/1151/447 869/1173/465 870/1174/466 867/1171/463 
f 869/1173/465 777/1175/373 871/1176/467 870/1174/466 
f 777/1175/373 769/1153/365 868/1172/464 871/1176/467 
s 4
f 851/1151/447 772/1157/368 872/1177/468 873/1178/469 
f 772/1157/368 780/1179/376 874/1180/470 872/1177/468 
f 780/1179/376 869/1173/465 875/1181/471 874/1180/470 
f 869/1173/465 851/1151/447 873/1178/469 875/1181/471 
s 2
f 773/1164/369 860/1162/456 876/1182/472 877/1183/473 
f 860/1162/456 878/1184/474 879/1185/475 876/1182/472 
f 878/1184/474 781/1186/377 880/1187/476 879/1185/475 
f 781/1186/377 773/1164/369 877/1183/473 880/1187/476 
s 4
f 860/1162/456 776/1168/372 881/1188/477 882/1189/478 
f 776/1168/372 784/1190/380 883/1191/479 881/1188/477 
f 784/1190/380 878/1184/474 884/1192/480 883/1191/479 
f 878/1184/474 860/1162/456 882/1189/478 884/1192/480 
s 2
f 777/1175/373 869/1173/465 885/1193/481 886/1194/482 
f 869/1173/465 887/1195/483 888/1196/484 885/1193/481 
f 887/1195/483 785/1197/381 889/1198/485 888/1196/484 
f 785/1197/381 777/1175/373 886/1194/482 889/1198/485 
s 4
f 869/1173/465 780/1179/376 890/1199/486 891/1200/487 
f 780/1179/376 788/1201/384 892/1202/488 890/1199/486 
f 788/1201/384 887/1195/483 893/1203/489 892/1202/488 
f 887/1195/483 869/1173/465 891/1200/487 893/1203/489 
s 2
f 781/1186/377 878/1184/474 894/1204/490 895/1205/491 
f 878/1184/474 896/1206/492 897/1207/493 894/1204/490 
f 896/1206/492 789/1208/385 898/1209/494 897/1207/493 
f 789/1208/385 781/1186/377 895/1205/491 898/1209/494 
s 4
f 878/1184/474 784/1190/380 899/1210/495 900/1211/496 
f 784/1190/380 792/1212/388 901/1213/497 899/1210/495 
usemtl 03___Default
f 792/1212/388 896/1206/492 902/1214/498 901/1213/497 
usemtl 01___Default
f 896/1206/492 878/1184/474 900/1211/496 902/1214/498 
s 1
f 795/1215/391 794/1216/390 903/1217/499 904/1218/500 
s 4
f 794/1219/390 797/1220/393 905/1221/501 903/1222/499 
s 1
f 797/1223/393 798/1224/394 906/1225/502 905/1226/501 
s 4
f 798/1227/394 795/1228/391 904/1229/500 906/1230/502 
s 1
f 800/1231/396 799/1232/395 907/1233/503 908/1234/504 
s 2
f 799/1235/395 801/1236/397 909/1237/505 907/1238/503 
s 1
f 801/1239/397 802/1240/398 910/1241/506 909/1242/505 
s 2
f 802/1243/398 800/1244/396 908/1245/504 910/1246/506 
s 1
f 805/1247/401 804/1248/400 911/1249/507 912/1250/508 
s 4
f 804/1251/400 807/1252/403 913/1253/509 911/1254/507 
s 1
f 807/1255/403 808/1256/404 914/1257/510 913/1258/509 
s 4
f 808/1259/404 805/1260/401 912/1261/508 914/1262/510 
s 1
f 810/1263/406 809/1264/405 915/1265/511 916/1266/512 
s 2
f 809/1267/405 811/1268/407 917/1269/506 915/1270/511 
s 1
f 811/1271/407 812/1272/408 918/1273/505 917/1274/506 
s 2
f 812/1275/408 810/1276/406 916/1277/512 918/1278/505 
s 1
f 814/1279/410 813/1280/409 919/1281/513 920/1282/514 
s 4
f 813/1283/409 816/1284/412 921/1285/515 919/1286/513 
s 1
f 816/1287/412 817/1288/413 922/1289/516 921/1290/515 
s 4
f 817/1291/413 814/1292/410 920/1293/514 922/1294/516 
s 1
f 819/1295/415 818/1296/414 923/1297/517 924/1298/518 
s 2
f 818/1299/414 820/1300/416 925/1301/519 923/1302/517 
s 1
f 820/1303/416 821/1304/417 926/1305/520 925/1306/519 
s 2
f 821/1307/417 819/1308/415 924/1309/518 926/1310/520 
s 1
f 823/1311/419 822/1312/418 927/1313/514 928/1314/513 
s 4
f 822/1315/418 825/1316/421 929/1317/516 927/1318/514 
s 1
f 825/1319/421 826/1320/422 930/1321/521 929/1322/516 
s 4
f 826/1323/422 823/1324/419 928/1325/513 930/1326/521 
s 1
f 828/1327/424 827/1328/423 931/1329/522 932/1330/517 
s 2
f 827/1331/423 829/1332/425 933/1333/520 931/1334/522 
s 1
f 829/1335/425 830/1336/426 934/1337/523 933/1338/520 
s 2
f 830/1339/426 828/1340/424 932/1341/517 934/1342/523 
s 1
f 832/1343/428 831/1344/427 935/1345/524 936/1346/525 
s 4
f 831/1347/427 834/1348/430 937/1349/526 935/1350/524 
s 1
f 834/1351/430 835/1352/431 938/1353/527 937/1354/526 
s 4
f 835/1355/431 832/1356/428 936/1357/525 938/1358/527 
s 1
f 837/1359/433 836/1360/432 939/1361/528 940/1362/529 
s 2
f 836/1363/432 838/1364/434 941/1365/530 939/1366/528 
s 1
f 838/1367/434 839/1368/435 942/1369/531 941/1370/530 
s 2
f 839/1371/435 837/1372/433 940/1373/529 942/1374/531 
s 1
f 841/1375/437 840/1376/436 943/1377/525 944/1378/524 
s 4
f 840/1379/436 843/1380/439 945/1381/527 943/1382/525 
s 1
f 843/1383/439 844/1384/440 946/1385/526 945/1386/527 
s 4
f 844/1387/440 841/1388/437 944/1389/524 946/1390/526 
s 1
f 846/1391/442 845/1392/441 947/1393/532 948/1394/528 
s 2
f 845/1395/441 847/1396/443 949/1397/531 947/1398/532 
s 1
f 847/1399/443 848/1400/444 950/1401/530 949/1402/531 
s 2
f 848/1403/444 846/1404/442 948/1405/528 950/1406/530 
s 1
f 850/1407/446 849/1408/445 951/1409/533 952/1410/534 
s 4
f 849/1411/445 852/1412/448 953/1413/535 951/1414/533 
s 1
f 852/1415/448 853/1416/449 954/1417/536 953/1418/535 
s 4
f 853/1419/449 850/1420/446 952/1421/534 954/1422/536 
s 1
f 855/1423/451 854/1424/450 955/1425/537 956/1426/538 
s 2
f 854/1427/450 856/1428/452 957/1429/539 955/1430/537 
s 1
f 856/1431/452 857/1432/453 958/1433/540 957/1434/539 
s 2
f 857/1435/453 855/1436/451 956/1437/538 958/1438/540 
s 1
f 859/1439/455 858/1440/454 959/1441/534 960/1442/533 
s 4
f 858/1443/454 861/1444/457 961/1445/541 959/1446/534 
s 1
f 861/1447/457 862/1448/458 962/1449/535 961/1450/541 
s 4
f 862/1451/458 859/1452/455 960/1453/533 962/1454/535 
s 1
f 864/1455/460 863/1456/459 963/1457/542 964/1458/543 
s 2
f 863/1459/459 865/1460/461 965/1461/540 963/1462/542 
s 1
f 865/1463/461 866/1464/462 966/1465/539 965/1466/540 
s 2
f 866/1467/462 864/1468/460 964/1469/543 966/1470/539 
s 1
f 868/1471/464 867/1472/463 967/1473/544 968/1474/545 
s 4
f 867/1475/463 870/1476/466 969/1477/546 967/1478/544 
s 1
f 870/1479/466 871/1480/467 970/1481/547 969/1482/546 
s 4
f 871/1483/467 868/1484/464 968/1485/545 970/1486/547 
s 1
f 873/1487/469 872/1488/468 971/1489/548 972/1490/549 
s 2
f 872/1491/468 874/1492/470 973/1493/550 971/1494/548 
s 1
f 874/1495/470 875/1496/471 974/1497/551 973/1498/550 
s 2
f 875/1499/471 873/1500/469 972/1501/549 974/1502/551 
s 1
f 877/1503/473 876/1504/472 975/1505/552 976/1506/544 
s 4
f 876/1507/472 879/1508/475 977/1509/553 975/1510/552 
s 1
f 879/1511/475 880/1512/476 978/1513/554 977/1514/553 
s 4
f 880/1515/476 877/1516/473 976/1517/544 978/1518/554 
s 1
f 882/1519/478 881/1520/477 979/1521/549 980/1522/555 
s 2
f 881/1523/477 883/1524/479 981/1525/556 979/1526/549 
s 1
f 883/1527/479 884/1528/480 982/1529/550 981/1530/556 
s 2
f 884/1531/480 882/1532/478 980/1533/555 982/1534/550 
s 1
f 886/1535/482 885/1536/481 983/1537/557 984/1538/558 
s 4
f 885/1539/481 888/1540/484 985/1541/559 983/1542/557 
s 1
f 888/1543/484 889/1544/485 986/1545/560 985/1546/559 
s 4
f 889/1547/485 886/1548/482 984/1549/558 986/1550/560 
s 1
f 891/1551/487 890/1552/486 987/1553/561 988/1554/562 
s 2
f 890/1555/486 892/1556/488 989/1557/563 987/1558/561 
s 1
f 892/1559/488 893/1560/489 990/1561/564 989/1562/563 
s 2
f 893/1563/489 891/1564/487 988/1565/562 990/1566/564 
s 1
f 895/1567/491 894/1568/490 991/1569/565 992/1570/557 
usemtl 03___Default
s 4
f 894/1571/490 897/1572/493 993/1573/566 991/1574/565 
usemtl 01___Default
s 1
f 897/1575/493 898/1576/494 994/1577/567 993/1578/566 
s 4
f 898/1579/494 895/1580/491 992/1581/557 994/1582/567 
s 1
f 900/1583/496 899/1584/495 995/1585/568 996/1586/569 
s 2
f 899/1587/495 901/1588/497 997/1589/564 995/1590/568 
usemtl 03___Default
s 1
f 901/1591/497 902/1592/498 998/1593/570 997/1594/564 
s 2
f 902/1595/498 900/1596/496 996/1597/569 998/1598/570 
s 1
f 742/1018/338 745/1021/341 748/1024/344 743/1019/339 
f 743/1019/339 748/1024/344 758/1034/354 755/1031/351 
f 755/1031/351 758/1034/354 766/1042/362 763/1039/359 
f 763/1050/359 766/1053/362 774/1056/370 771/1051/367 
f 771/1051/367 774/1056/370 782/1066/378 779/1063/375 
f 779/1063/375 782/1066/378 790/1074/386 787/1071/383 
usemtl 01___Default
f 999/1599/571 1000/1600/572 1001/1601/573 1002/1602/574 
f 1003/1603/575 1004/1604/576 1005/1605/577 1006/1606/578 
f 1007/1607/579 1008/1608/580 1009/1609/581 1010/1610/582 
f 1011/1611/583 1012/1612/584 1013/1613/585 1014/1614/586 
f 1000/1600/572 1015/1615/587 1016/1616/588 1001/1601/573 
f 1004/1604/576 1017/1617/589 1018/1618/590 1005/1605/577 
f 1008/1608/580 1019/1619/591 1020/1620/592 1009/1609/581 
f 1012/1612/584 1021/1621/593 1022/1622/594 1013/1613/585 
f 1015/1615/587 1023/1623/595 1024/1624/596 1016/1616/588 
f 1017/1617/589 1025/1625/597 1026/1626/598 1018/1618/590 
f 1019/1619/591 1027/1627/599 1028/1628/600 1020/1620/592 
f 1021/1621/593 1029/1629/601 1030/1630/602 1022/1622/594 
f 1023/1631/595 1031/1632/603 1032/1633/604 1024/1634/596 
f 1025/1635/597 1033/1636/605 1034/1637/606 1026/1638/598 
f 1027/1639/599 1035/1640/607 1036/1641/608 1028/1642/600 
f 1029/1643/601 1037/1644/609 1038/1645/610 1030/1646/602 
f 1031/1632/603 1039/1647/611 1040/1648/612 1032/1633/604 
f 1033/1636/605 1041/1649/613 1042/1650/614 1034/1637/606 
f 1035/1640/607 1043/1651/615 1044/1652/616 1036/1641/608 
f 1037/1644/609 1045/1653/617 1046/1654/618 1038/1645/610 
f 1039/1647/611 786/1070/382 785/1069/381 1040/1648/612 
f 1041/1649/613 788/1072/384 787/1071/383 1042/1650/614 
f 1043/1651/615 790/1074/386 789/1073/385 1044/1652/616 
f 1045/1653/617 792/1076/388 791/1075/387 1046/1654/618 
s 2
f 1002/1655/574 1047/1656/619 1048/1657/620 1049/1658/621 
f 1049/1658/621 1048/1657/620 1050/1659/622 1051/1660/623 
f 1051/1660/623 1050/1659/622 1052/1661/624 1001/1662/573 
f 1001/1662/573 1052/1661/624 1047/1656/619 1002/1655/574 
s 4
f 1049/1658/621 1053/1663/625 1054/1664/626 1003/1665/575 
f 1003/1665/575 1054/1664/626 1055/1666/627 1004/1667/576 
f 1004/1667/576 1055/1666/627 1056/1668/628 1051/1660/623 
f 1051/1660/623 1056/1668/628 1053/1663/625 1049/1658/621 
s 2
f 1010/1669/582 1057/1670/629 1058/1671/630 1059/1672/631 
f 1059/1672/631 1058/1671/630 1060/1673/632 1061/1674/633 
f 1061/1674/633 1060/1673/632 1062/1675/634 1009/1676/581 
f 1009/1676/581 1062/1675/634 1057/1670/629 1010/1669/582 
s 4
f 1059/1672/631 1063/1677/635 1064/1678/636 1011/1679/583 
f 1011/1679/583 1064/1678/636 1065/1680/637 1012/1681/584 
f 1012/1681/584 1065/1680/637 1066/1682/638 1061/1674/633 
f 1061/1674/633 1066/1682/638 1063/1677/635 1059/1672/631 
s 2
f 1001/1662/573 1067/1683/639 1068/1684/640 1051/1660/623 
f 1051/1660/623 1068/1684/640 1069/1685/641 1070/1686/642 
f 1070/1686/642 1069/1685/641 1071/1687/643 1016/1688/588 
f 1016/1688/588 1071/1687/643 1067/1683/639 1001/1662/573 
s 4
f 1051/1660/623 1072/1689/644 1073/1690/645 1004/1667/576 
f 1004/1667/576 1073/1690/645 1074/1691/646 1017/1692/589 
f 1017/1692/589 1074/1691/646 1075/1693/647 1070/1686/642 
f 1070/1686/642 1075/1693/647 1072/1689/644 1051/1660/623 
s 2
f 1009/1676/581 1076/1694/648 1077/1695/649 1061/1674/633 
f 1061/1674/633 1077/1695/649 1078/1696/650 1079/1697/651 
f 1079/1697/651 1078/1696/650 1080/1698/652 1020/1699/592 
f 1020/1699/592 1080/1698/652 1076/1694/648 1009/1676/581 
s 4
f 1061/1674/633 1081/1700/653 1082/1701/654 1012/1681/584 
f 1012/1681/584 1082/1701/654 1083/1702/655 1021/1703/593 
f 1021/1703/593 1083/1702/655 1084/1704/656 1079/1697/651 
f 1079/1697/651 1084/1704/656 1081/1700/653 1061/1674/633 
s 2
f 1016/1688/588 1085/1705/657 1086/1706/658 1070/1686/642 
f 1070/1686/642 1086/1706/658 1087/1707/659 1088/1708/660 
f 1088/1708/660 1087/1707/659 1089/1709/661 1024/1710/596 
f 1024/1710/596 1089/1709/661 1085/1705/657 1016/1688/588 
s 4
f 1070/1686/642 1090/1711/662 1091/1712/663 1017/1692/589 
f 1017/1692/589 1091/1712/663 1092/1713/664 1025/1714/597 
f 1025/1714/597 1092/1713/664 1093/1715/665 1088/1708/660 
f 1088/1708/660 1093/1715/665 1090/1711/662 1070/1686/642 
s 2
f 1020/1699/592 1094/1716/666 1095/1717/667 1079/1697/651 
f 1079/1697/651 1095/1717/667 1096/1718/668 1097/1719/669 
f 1097/1719/669 1096/1718/668 1098/1720/670 1028/1721/600 
f 1028/1721/600 1098/1720/670 1094/1716/666 1020/1699/592 
s 4
f 1079/1697/651 1099/1722/671 1100/1723/672 1021/1703/593 
f 1021/1703/593 1100/1723/672 1101/1724/673 1029/1725/601 
f 1029/1725/601 1101/1724/673 1102/1726/674 1097/1719/669 
f 1097/1719/669 1102/1726/674 1099/1722/671 1079/1697/651 
s 2
f 1024/1710/596 1103/1727/675 1104/1728/676 1088/1708/660 
f 1088/1708/660 1104/1728/676 1105/1729/677 1106/1730/678 
f 1106/1730/678 1105/1729/677 1107/1731/679 1032/1732/604 
f 1032/1732/604 1107/1731/679 1103/1727/675 1024/1710/596 
s 4
f 1088/1708/660 1108/1733/680 1109/1734/681 1025/1714/597 
f 1025/1714/597 1109/1734/681 1110/1735/682 1033/1736/605 
f 1033/1736/605 1110/1735/682 1111/1737/683 1106/1730/678 
f 1106/1730/678 1111/1737/683 1108/1733/680 1088/1708/660 
s 2
f 1028/1721/600 1112/1738/684 1113/1739/685 1097/1719/669 
f 1097/1719/669 1113/1739/685 1114/1740/686 1115/1741/687 
f 1115/1741/687 1114/1740/686 1116/1742/688 1036/1743/608 
f 1036/1743/608 1116/1742/688 1112/1738/684 1028/1721/600 
s 4
f 1097/1719/669 1117/1744/689 1118/1745/690 1029/1725/601 
f 1029/1725/601 1118/1745/690 1119/1746/691 1037/1747/609 
f 1037/1747/609 1119/1746/691 1120/1748/692 1115/1741/687 
f 1115/1741/687 1120/1748/692 1117/1744/689 1097/1719/669 
s 2
f 1032/1732/604 1121/1749/693 1122/1750/694 1106/1730/678 
f 1106/1730/678 1122/1750/694 1123/1751/695 1124/1752/696 
f 1124/1752/696 1123/1751/695 1125/1753/697 1040/1754/612 
f 1040/1754/612 1125/1753/697 1121/1749/693 1032/1732/604 
s 4
f 1106/1730/678 1126/1755/698 1127/1756/699 1033/1736/605 
f 1033/1736/605 1127/1756/699 1128/1757/700 1041/1758/613 
f 1041/1758/613 1128/1757/700 1129/1759/701 1124/1752/696 
f 1124/1752/696 1129/1759/701 1126/1755/698 1106/1730/678 
s 2
f 1036/1743/608 1130/1760/702 1131/1761/703 1115/1741/687 
f 1115/1741/687 1131/1761/703 1132/1762/704 1133/1763/705 
f 1133/1763/705 1132/1762/704 1134/1764/706 1044/1765/616 
f 1044/1765/616 1134/1764/706 1130/1760/702 1036/1743/608 
s 4
f 1115/1741/687 1135/1766/707 1136/1767/708 1037/1747/609 
f 1037/1747/609 1136/1767/708 1137/1768/709 1045/1769/617 
f 1045/1769/617 1137/1768/709 1138/1770/710 1133/1763/705 
f 1133/1763/705 1138/1770/710 1135/1766/707 1115/1741/687 
s 2
f 1040/1754/612 1139/1771/711 1140/1772/712 1124/1752/696 
f 1124/1752/696 1140/1772/712 1141/1773/713 887/1195/483 
f 887/1195/483 1141/1773/713 1142/1774/714 785/1197/381 
f 785/1197/381 1142/1774/714 1139/1771/711 1040/1754/612 
s 4
f 1124/1752/696 1143/1775/715 1144/1776/716 1041/1758/613 
f 1041/1758/613 1144/1776/716 1145/1777/717 788/1201/384 
f 788/1201/384 1145/1777/717 1146/1778/718 887/1195/483 
f 887/1195/483 1146/1778/718 1143/1775/715 1124/1752/696 
s 2
f 1044/1765/616 1147/1779/719 1148/1780/720 1133/1763/705 
f 1133/1763/705 1148/1780/720 1149/1781/721 896/1206/492 
f 896/1206/492 1149/1781/721 1150/1782/722 789/1208/385 
f 789/1208/385 1150/1782/722 1147/1779/719 1044/1765/616 
s 4
f 1133/1763/705 1151/1783/723 1152/1784/724 1045/1769/617 
f 1045/1769/617 1152/1784/724 1153/1785/725 792/1212/388 
usemtl 03___Default
f 792/1212/388 1153/1785/725 1154/1786/726 896/1206/492 
usemtl 01___Default
f 896/1206/492 1154/1786/726 1151/1783/723 1133/1763/705 
s 1
f 1047/1787/619 1155/1788/727 1156/1789/728 1048/1790/620 
s 4
f 1048/1791/620 1156/1792/728 1157/1793/729 1050/1794/622 
s 1
f 1050/1795/622 1157/1796/729 1158/1797/730 1052/1798/624 
s 4
f 1052/1799/624 1158/1800/730 1155/1801/727 1047/1802/619 
s 1
f 1053/1803/625 1159/1804/731 1160/1805/732 1054/1806/626 
s 2
f 1054/1807/626 1160/1808/732 1161/1809/733 1055/1810/627 
s 1
f 1055/1811/627 1161/1812/733 1162/1813/734 1056/1814/628 
s 2
f 1056/1815/628 1162/1816/734 1159/1817/731 1053/1818/625 
s 1
f 1057/1819/629 1163/1820/735 1164/1821/736 1058/1822/630 
s 4
f 1058/1823/630 1164/1824/736 1165/1825/737 1060/1826/632 
s 1
f 1060/1827/632 1165/1828/737 1166/1829/738 1062/1830/634 
s 4
f 1062/1831/634 1166/1832/738 1163/1833/735 1057/1834/629 
s 1
f 1063/1835/635 1167/1836/739 1168/1837/740 1064/1838/636 
s 2
f 1064/1839/636 1168/1840/740 1169/1841/734 1065/1842/637 
s 1
f 1065/1843/637 1169/1844/734 1170/1845/733 1066/1846/638 
s 2
f 1066/1847/638 1170/1848/733 1167/1849/739 1063/1850/635 
s 1
f 1067/1851/639 1171/1852/741 1172/1853/742 1068/1854/640 
s 4
f 1068/1855/640 1172/1856/742 1173/1857/743 1069/1858/641 
s 1
f 1069/1859/641 1173/1860/743 1174/1861/744 1071/1862/643 
s 4
f 1071/1863/643 1174/1864/744 1171/1865/741 1067/1866/639 
s 1
f 1072/1867/644 1175/1868/745 1176/1869/746 1073/1870/645 
s 2
f 1073/1871/645 1176/1872/746 1177/1873/747 1074/1874/646 
s 1
f 1074/1875/646 1177/1876/747 1178/1877/748 1075/1878/647 
s 2
f 1075/1879/647 1178/1880/748 1175/1881/745 1072/1882/644 
s 1
f 1076/1883/648 1179/1884/742 1180/1885/741 1077/1886/649 
s 4
f 1077/1887/649 1180/1888/741 1181/1889/744 1078/1890/650 
s 1
f 1078/1891/650 1181/1892/744 1182/1893/749 1080/1894/652 
s 4
f 1080/1895/652 1182/1896/749 1179/1897/742 1076/1898/648 
s 1
f 1081/1899/653 1183/1900/746 1184/1901/750 1082/1902/654 
s 2
f 1082/1903/654 1184/1904/750 1185/1905/748 1083/1906/655 
s 1
f 1083/1907/655 1185/1908/748 1186/1909/751 1084/1910/656 
s 2
f 1084/1911/656 1186/1912/751 1183/1913/746 1081/1914/653 
s 1
f 1085/1915/657 1187/1916/752 1188/1917/753 1086/1918/658 
s 4
f 1086/1919/658 1188/1920/753 1189/1921/754 1087/1922/659 
s 1
f 1087/1923/659 1189/1924/754 1190/1925/755 1089/1926/661 
s 4
f 1089/1927/661 1190/1928/755 1187/1929/752 1085/1930/657 
s 1
f 1090/1931/662 1191/1932/756 1192/1933/757 1091/1934/663 
s 2
f 1091/1935/663 1192/1936/757 1193/1937/758 1092/1938/664 
s 1
f 1092/1939/664 1193/1940/758 1194/1941/759 1093/1942/665 
s 2
f 1093/1943/665 1194/1944/759 1191/1945/756 1090/1946/662 
s 1
f 1094/1947/666 1195/1948/753 1196/1949/752 1095/1950/667 
s 4
f 1095/1951/667 1196/1952/752 1197/1953/755 1096/1954/668 
s 1
f 1096/1955/668 1197/1956/755 1198/1957/754 1098/1958/670 
s 4
f 1098/1959/670 1198/1960/754 1195/1961/753 1094/1962/666 
s 1
f 1099/1963/671 1199/1964/757 1200/1965/760 1100/1966/672 
s 2
f 1100/1967/672 1200/1968/760 1201/1969/759 1101/1970/673 
s 1
f 1101/1971/673 1201/1972/759 1202/1973/758 1102/1974/674 
s 2
f 1102/1975/674 1202/1976/758 1199/1977/757 1099/1978/671 
s 1
f 1103/1979/675 1203/1980/761 1204/1981/762 1104/1982/676 
s 4
f 1104/1983/676 1204/1984/762 1205/1985/763 1105/1986/677 
s 1
f 1105/1987/677 1205/1988/763 1206/1989/764 1107/1990/679 
s 4
f 1107/1991/679 1206/1992/764 1203/1993/761 1103/1994/675 
s 1
f 1108/1995/680 1207/1996/765 1208/1997/766 1109/1998/681 
s 2
f 1109/1999/681 1208/2000/766 1209/2001/767 1110/2002/682 
s 1
f 1110/2003/682 1209/2004/767 1210/2005/768 1111/2006/683 
s 2
f 1111/2007/683 1210/2008/768 1207/2009/765 1108/2010/680 
s 1
f 1112/2011/684 1211/2012/762 1212/2013/761 1113/2014/685 
s 4
f 1113/2015/685 1212/2016/761 1213/2017/769 1114/2018/686 
s 1
f 1114/2019/686 1213/2020/769 1214/2021/763 1116/2022/688 
s 4
f 1116/2023/688 1214/2024/763 1211/2025/762 1112/2026/684 
s 1
f 1117/2027/689 1215/2028/770 1216/2029/771 1118/2030/690 
s 2
f 1118/2031/690 1216/2032/771 1217/2033/768 1119/2034/691 
s 1
f 1119/2035/691 1217/2036/768 1218/2037/767 1120/2038/692 
s 2
f 1120/2039/692 1218/2040/767 1215/2041/770 1117/2042/689 
s 1
f 1121/2043/693 1219/2044/772 1220/2045/773 1122/2046/694 
s 4
f 1122/2047/694 1220/2048/773 1221/2049/774 1123/2050/695 
s 1
f 1123/2051/695 1221/2052/774 1222/2053/775 1125/2054/697 
s 4
f 1125/2055/697 1222/2056/775 1219/2057/772 1121/2058/693 
s 1
f 1126/2059/698 1223/2060/776 1224/2061/777 1127/2062/699 
s 2
f 1127/2063/699 1224/2064/777 1225/2065/778 1128/2066/700 
s 1
f 1128/2067/700 1225/2068/778 1226/2069/779 1129/2070/701 
s 2
f 1129/2071/701 1226/2072/779 1223/2073/776 1126/2074/698 
s 1
f 1130/2075/702 1227/2076/773 1228/2077/780 1131/2078/703 
s 4
f 1131/2079/703 1228/2080/780 1229/2081/781 1132/2082/704 
s 1
f 1132/2083/704 1229/2084/781 1230/2085/782 1134/2086/706 
s 4
f 1134/2087/706 1230/2088/782 1227/2089/773 1130/2090/702 
s 1
f 1135/2091/707 1231/2092/783 1232/2093/776 1136/2094/708 
s 2
f 1136/2095/708 1232/2096/776 1233/2097/784 1137/2098/709 
s 1
f 1137/2099/709 1233/2100/784 1234/2101/778 1138/2102/710 
s 2
f 1138/2103/710 1234/2104/778 1231/2105/783 1135/2106/707 
s 1
f 1139/2107/711 1235/2108/785 1236/2109/786 1140/2110/712 
s 4
f 1140/2111/712 1236/2112/786 1237/2113/787 1141/2114/713 
s 1
f 1141/2115/713 1237/2116/787 1238/2117/788 1142/2118/714 
s 4
f 1142/2119/714 1238/2120/788 1235/2121/785 1139/2122/711 
s 1
f 1143/2123/715 1239/2124/789 1240/2125/790 1144/2126/716 
s 2
f 1144/2127/716 1240/2128/790 1241/2129/791 1145/2130/717 
s 1
f 1145/2131/717 1241/2132/791 1242/2133/792 1146/2134/718 
s 2
f 1146/2135/718 1242/2136/792 1239/2137/789 1143/2138/715 
s 1
f 1147/2139/719 1243/2140/786 1244/2141/793 1148/2142/720 
usemtl 03___Default
s 4
f 1148/2143/720 1244/2144/793 1245/2145/794 1149/2146/721 
usemtl 01___Default
s 1
f 1149/2147/721 1245/2148/794 1246/2149/795 1150/2150/722 
s 4
f 1150/2151/722 1246/2152/795 1243/2153/786 1147/2154/719 
s 1
f 1151/2155/723 1247/2156/796 1248/2157/797 1152/2158/724 
s 2
f 1152/2159/724 1248/2160/797 1249/2161/792 1153/2162/725 
usemtl 03___Default
s 1
f 1153/2163/725 1249/2164/792 1250/2165/798 1154/2166/726 
s 2
f 1154/2167/726 1250/2168/798 1247/2169/796 1151/2170/723 
s 1
f 1006/1606/578 1005/1605/577 1008/1608/580 1007/1607/579 
f 1005/1605/577 1018/1618/590 1019/1619/591 1008/1608/580 
f 1018/1618/590 1026/1626/598 1027/1627/599 1019/1619/591 
f 1026/1638/598 1034/1637/606 1035/1640/607 1027/1639/599 
f 1034/1637/606 1042/1650/614 1043/1651/615 1035/1640/607 
f 1042/1650/614 787/1071/383 790/1074/386 1043/1651/615 
usemtl 01___Default
f 737/1013/333 1251/2171/799 1252/2172/800 738/1014/334 
f 741/1017/337 1253/2173/801 1254/2174/802 742/1018/338 
f 745/1021/341 1255/2175/803 1256/2176/804 746/1022/342 
f 749/1025/345 1257/2177/805 1258/2178/806 750/1026/346 
f 1251/2171/799 1259/2179/807 1260/2180/808 1252/2172/800 
f 1253/2173/801 1261/2181/809 1262/2182/810 1254/2174/802 
f 1255/2175/803 1263/2183/811 1264/2184/812 1256/2176/804 
f 1257/2177/805 1265/2185/813 1266/2186/814 1258/2178/806 
f 1259/2179/807 1267/2187/815 1268/2188/816 1260/2180/808 
f 1261/2181/809 1269/2189/817 1270/2190/818 1262/2182/810 
f 1263/2183/811 1271/2191/819 1272/2192/820 1264/2184/812 
f 1265/2185/813 1273/2193/821 1274/2194/822 1266/2186/814 
f 1267/2195/815 1275/2196/823 1276/2197/824 1268/2198/816 
f 1269/2199/817 1277/2200/825 1278/2201/826 1270/2202/818 
f 1271/2203/819 1279/2204/827 1280/2205/828 1272/2206/820 
f 1273/2207/821 1281/2208/829 1282/2209/830 1274/2210/822 
f 1275/2196/823 1283/2211/831 1284/2212/832 1276/2197/824 
f 1277/2200/825 1285/2213/833 1286/2214/834 1278/2201/826 
f 1279/2204/827 1287/2215/835 1288/2216/836 1280/2205/828 
f 1281/2208/829 1289/2217/837 1290/2218/838 1282/2209/830 
f 1283/2211/831 1291/2219/839 1292/2220/840 1284/2212/832 
f 1285/2213/833 1293/2221/841 1294/2222/842 1286/2214/834 
f 1287/2215/835 1295/2223/843 1296/2224/844 1288/2216/836 
f 1289/2217/837 1297/2225/845 1298/2226/846 1290/2218/838 
s 2
f 738/1077/334 1299/2227/847 1300/2228/848 793/1078/389 
f 793/1078/389 1300/2228/848 1301/2229/849 1302/2230/850 
f 1302/2230/850 1301/2229/849 1303/2231/851 1252/2232/800 
f 1252/2232/800 1303/2231/851 1299/2227/847 738/1077/334 
s 4
f 793/1078/389 1304/2233/852 1305/2234/853 741/1085/337 
f 741/1085/337 1305/2234/853 1306/2235/854 1253/2236/801 
f 1253/2236/801 1306/2235/854 1307/2237/855 1302/2230/850 
f 1302/2230/850 1307/2237/855 1304/2233/852 793/1078/389 
s 2
f 746/1091/342 1308/2238/856 1309/2239/857 803/1092/399 
f 803/1092/399 1309/2239/857 1310/2240/858 1311/2241/859 
f 1311/2241/859 1310/2240/858 1312/2242/860 1256/2243/804 
f 1256/2243/804 1312/2242/860 1308/2238/856 746/1091/342 
s 4
f 803/1092/399 1313/2244/861 1314/2245/862 749/1099/345 
f 749/1099/345 1314/2245/862 1315/2246/863 1257/2247/805 
f 1257/2247/805 1315/2246/863 1316/2248/864 1311/2241/859 
f 1311/2241/859 1316/2248/864 1313/2244/861 803/1092/399 
s 2
f 1252/2232/800 1317/2249/865 1318/2250/866 1302/2230/850 
f 1302/2230/850 1318/2250/866 1319/2251/867 1320/2252/868 
f 1320/2252/868 1319/2251/867 1321/2253/869 1260/2254/808 
f 1260/2254/808 1321/2253/869 1317/2249/865 1252/2232/800 
s 4
f 1302/2230/850 1322/2255/870 1323/2256/871 1253/2236/801 
f 1253/2236/801 1323/2256/871 1324/2257/872 1261/2258/809 
f 1261/2258/809 1324/2257/872 1325/2259/873 1320/2252/868 
f 1320/2252/868 1325/2259/873 1322/2255/870 1302/2230/850 
s 2
f 1256/2243/804 1326/2260/874 1327/2261/875 1311/2241/859 
f 1311/2241/859 1327/2261/875 1328/2262/876 1329/2263/877 
f 1329/2263/877 1328/2262/876 1330/2264/878 1264/2265/812 
f 1264/2265/812 1330/2264/878 1326/2260/874 1256/2243/804 
s 4
f 1311/2241/859 1331/2266/879 1332/2267/880 1257/2247/805 
f 1257/2247/805 1332/2267/880 1333/2268/881 1265/2269/813 
f 1265/2269/813 1333/2268/881 1334/2270/882 1329/2263/877 
f 1329/2263/877 1334/2270/882 1331/2266/879 1311/2241/859 
s 2
f 1260/2254/808 1335/2271/883 1336/2272/884 1320/2252/868 
f 1320/2252/868 1336/2272/884 1337/2273/885 1338/2274/886 
f 1338/2274/886 1337/2273/885 1339/2275/887 1268/2276/816 
f 1268/2276/816 1339/2275/887 1335/2271/883 1260/2254/808 
s 4
f 1320/2252/868 1340/2277/888 1341/2278/889 1261/2258/809 
f 1261/2258/809 1341/2278/889 1342/2279/890 1269/2280/817 
f 1269/2280/817 1342/2279/890 1343/2281/891 1338/2274/886 
f 1338/2274/886 1343/2281/891 1340/2277/888 1320/2252/868 
s 2
f 1264/2265/812 1344/2282/892 1345/2283/893 1329/2263/877 
f 1329/2263/877 1345/2283/893 1346/2284/894 1347/2285/895 
f 1347/2285/895 1346/2284/894 1348/2286/896 1272/2287/820 
f 1272/2287/820 1348/2286/896 1344/2282/892 1264/2265/812 
s 4
f 1329/2263/877 1349/2288/897 1350/2289/898 1265/2269/813 
f 1265/2269/813 1350/2289/898 1351/2290/899 1273/2291/821 
f 1273/2291/821 1351/2290/899 1352/2292/900 1347/2285/895 
f 1347/2285/895 1352/2292/900 1349/2288/897 1329/2263/877 
s 2
f 1268/2276/816 1353/2293/901 1354/2294/902 1338/2274/886 
f 1338/2274/886 1354/2294/902 1355/2295/903 1356/2296/904 
f 1356/2296/904 1355/2295/903 1357/2297/905 1276/2298/824 
f 1276/2298/824 1357/2297/905 1353/2293/901 1268/2276/816 
s 4
f 1338/2274/886 1358/2299/906 1359/2300/907 1269/2280/817 
f 1269/2280/817 1359/2300/907 1360/2301/908 1277/2302/825 
f 1277/2302/825 1360/2301/908 1361/2303/909 1356/2296/904 
f 1356/2296/904 1361/2303/909 1358/2299/906 1338/2274/886 
s 2
f 1272/2287/820 1362/2304/910 1363/2305/911 1347/2285/895 
f 1347/2285/895 1363/2305/911 1364/2306/912 1365/2307/913 
f 1365/2307/913 1364/2306/912 1366/2308/914 1280/2309/828 
f 1280/2309/828 1366/2308/914 1362/2304/910 1272/2287/820 
s 4
f 1347/2285/895 1367/2310/915 1368/2311/916 1273/2291/821 
f 1273/2291/821 1368/2311/916 1369/2312/917 1281/2313/829 
f 1281/2313/829 1369/2312/917 1370/2314/918 1365/2307/913 
f 1365/2307/913 1370/2314/918 1367/2310/915 1347/2285/895 
s 2
f 1276/2298/824 1371/2315/919 1372/2316/920 1356/2296/904 
f 1356/2296/904 1372/2316/920 1373/2317/921 1374/2318/922 
f 1374/2318/922 1373/2317/921 1375/2319/923 1284/2320/832 
f 1284/2320/832 1375/2319/923 1371/2315/919 1276/2298/824 
s 4
f 1356/2296/904 1376/2321/924 1377/2322/925 1277/2302/825 
f 1277/2302/825 1377/2322/925 1378/2323/926 1285/2324/833 
f 1285/2324/833 1378/2323/926 1379/2325/927 1374/2318/922 
f 1374/2318/922 1379/2325/927 1376/2321/924 1356/2296/904 
s 2
f 1280/2309/828 1380/2326/928 1381/2327/929 1365/2307/913 
f 1365/2307/913 1381/2327/929 1382/2328/930 1383/2329/931 
f 1383/2329/931 1382/2328/930 1384/2330/932 1288/2331/836 
f 1288/2331/836 1384/2330/932 1380/2326/928 1280/2309/828 
s 4
f 1365/2307/913 1385/2332/933 1386/2333/934 1281/2313/829 
f 1281/2313/829 1386/2333/934 1387/2334/935 1289/2335/837 
f 1289/2335/837 1387/2334/935 1388/2336/936 1383/2329/931 
f 1383/2329/931 1388/2336/936 1385/2332/933 1365/2307/913 
s 2
f 1284/2320/832 1389/2337/937 1390/2338/938 1374/2318/922 
f 1374/2318/922 1390/2338/938 1391/2339/939 1392/2340/940 
f 1392/2340/940 1391/2339/939 1393/2341/941 1292/2342/840 
f 1292/2342/840 1393/2341/941 1389/2337/937 1284/2320/832 
s 4
f 1374/2318/922 1394/2343/942 1395/2344/943 1285/2324/833 
f 1285/2324/833 1395/2344/943 1396/2345/944 1293/2346/841 
f 1293/2346/841 1396/2345/944 1397/2347/945 1392/2340/940 
f 1392/2340/940 1397/2347/945 1394/2343/942 1374/2318/922 
s 2
f 1288/2331/836 1398/2348/946 1399/2349/947 1383/2329/931 
f 1383/2329/931 1399/2349/947 1400/2350/948 1401/2351/949 
f 1401/2351/949 1400/2350/948 1402/2352/950 1296/2353/844 
f 1296/2353/844 1402/2352/950 1398/2348/946 1288/2331/836 
s 4
f 1383/2329/931 1403/2354/951 1404/2355/952 1289/2335/837 
f 1289/2335/837 1404/2355/952 1405/2356/953 1297/2357/845 
usemtl 03___Default
f 1297/2357/845 1405/2356/953 1406/2358/954 1401/2351/949 
usemtl 01___Default
f 1401/2351/949 1406/2358/954 1403/2354/951 1383/2329/931 
s 1
f 1299/2359/847 1407/2360/955 1408/2361/956 1300/2362/848 
s 4
f 1300/2363/848 1408/2364/956 1409/2365/957 1301/2366/849 
s 1
f 1301/2367/849 1409/2368/957 1410/2369/958 1303/2370/851 
s 4
f 1303/2371/851 1410/2372/958 1407/2373/955 1299/2374/847 
s 1
f 1304/2375/852 1411/2376/959 1412/2377/960 1305/2378/853 
s 2
f 1305/2379/853 1412/2380/960 1413/2381/961 1306/2382/854 
s 1
f 1306/2383/854 1413/2384/961 1414/2385/962 1307/2386/855 
s 2
f 1307/2387/855 1414/2388/962 1411/2389/959 1304/2390/852 
s 1
f 1308/2391/856 1415/2392/963 1416/2393/964 1309/2394/857 
s 4
f 1309/2395/857 1416/2396/964 1417/2397/965 1310/2398/858 
s 1
f 1310/2399/858 1417/2400/965 1418/2401/966 1312/2402/860 
s 4
f 1312/2403/860 1418/2404/966 1415/2405/963 1308/2406/856 
s 1
f 1313/2407/861 1419/2408/967 1420/2409/968 1314/2410/862 
s 2
f 1314/2411/862 1420/2412/968 1421/2413/969 1315/2414/863 
s 1
f 1315/2415/863 1421/2416/969 1422/2417/961 1316/2418/864 
s 2
f 1316/2419/864 1422/2420/961 1419/2421/967 1313/2422/861 
s 1
f 1317/2423/865 1423/2424/970 1424/2425/971 1318/2426/866 
s 4
f 1318/2427/866 1424/2428/971 1425/2429/972 1319/2430/867 
s 1
f 1319/2431/867 1425/2432/972 1426/2433/973 1321/2434/869 
s 4
f 1321/2435/869 1426/2436/973 1423/2437/970 1317/2438/865 
s 1
f 1322/2439/870 1427/2440/974 1428/2441/975 1323/2442/871 
s 2
f 1323/2443/871 1428/2444/975 1429/2445/976 1324/2446/872 
s 1
f 1324/2447/872 1429/2448/976 1430/2449/977 1325/2450/873 
s 2
f 1325/2451/873 1430/2452/977 1427/2453/974 1322/2454/870 
s 1
f 1326/2455/874 1431/2456/978 1432/2457/979 1327/2458/875 
s 4
f 1327/2459/875 1432/2460/979 1433/2461/973 1328/2462/876 
s 1
f 1328/2463/876 1433/2464/973 1434/2465/980 1330/2466/878 
s 4
f 1330/2467/878 1434/2468/980 1431/2469/978 1326/2470/874 
s 1
f 1331/2471/879 1435/2472/981 1436/2473/974 1332/2474/880 
s 2
f 1332/2475/880 1436/2476/974 1437/2477/977 1333/2478/881 
s 1
f 1333/2479/881 1437/2480/977 1438/2481/976 1334/2482/882 
s 2
f 1334/2483/882 1438/2484/976 1435/2485/981 1331/2486/879 
s 1
f 1335/2487/883 1439/2488/982 1440/2489/983 1336/2490/884 
s 4
f 1336/2491/884 1440/2492/983 1441/2493/984 1337/2494/885 
s 1
f 1337/2495/885 1441/2496/984 1442/2497/985 1339/2498/887 
s 4
f 1339/2499/887 1442/2500/985 1439/2501/982 1335/2502/883 
s 1
f 1340/2503/888 1443/2504/986 1444/2505/987 1341/2506/889 
s 2
f 1341/2507/889 1444/2508/987 1445/2509/988 1342/2510/890 
s 1
f 1342/2511/890 1445/2512/988 1446/2513/989 1343/2514/891 
s 2
f 1343/2515/891 1446/2516/989 1443/2517/986 1340/2518/888 
s 1
f 1344/2519/892 1447/2520/983 1448/2521/990 1345/2522/893 
s 4
f 1345/2523/893 1448/2524/990 1449/2525/985 1346/2526/894 
s 1
f 1346/2527/894 1449/2528/985 1450/2529/991 1348/2530/896 
s 4
f 1348/2531/896 1450/2532/991 1447/2533/983 1344/2534/892 
s 1
f 1349/2535/897 1451/2536/987 1452/2537/992 1350/2538/898 
s 2
f 1350/2539/898 1452/2540/992 1453/2541/989 1351/2542/899 
s 1
f 1351/2543/899 1453/2544/989 1454/2545/993 1352/2546/900 
s 2
f 1352/2547/900 1454/2548/993 1451/2549/987 1349/2550/897 
s 1
f 1353/2551/901 1455/2552/994 1456/2553/995 1354/2554/902 
s 4
f 1354/2555/902 1456/2556/995 1457/2557/996 1355/2558/903 
s 1
f 1355/2559/903 1457/2560/996 1458/2561/997 1357/2562/905 
s 4
f 1357/2563/905 1458/2564/997 1455/2565/994 1353/2566/901 
s 1
f 1358/2567/906 1459/2568/998 1460/2569/999 1359/2570/907 
s 2
f 1359/2571/907 1460/2572/999 1461/2573/1000 1360/2574/908 
s 1
f 1360/2575/908 1461/2576/1000 1462/2577/1001 1361/2578/909 
s 2
f 1361/2579/909 1462/2580/1001 1459/2581/998 1358/2582/906 
s 1
f 1362/2583/910 1463/2584/1002 1464/2585/1003 1363/2586/911 
s 4
f 1363/2587/911 1464/2588/1003 1465/2589/1004 1364/2590/912 
s 1
f 1364/2591/912 1465/2592/1004 1466/2593/996 1366/2594/914 
s 4
f 1366/2595/914 1466/2596/996 1463/2597/1002 1362/2598/910 
s 1
f 1367/2599/915 1467/2600/1005 1468/2601/1006 1368/2602/916 
s 2
f 1368/2603/916 1468/2604/1006 1469/2605/1007 1369/2606/917 
s 1
f 1369/2607/917 1469/2608/1007 1470/2609/1000 1370/2610/918 
s 2
f 1370/2611/918 1470/2612/1000 1467/2613/1005 1367/2614/915 
s 1
f 1371/2615/919 1471/2616/1008 1472/2617/1009 1372/2618/920 
s 4
f 1372/2619/920 1472/2620/1009 1473/2621/1010 1373/2622/921 
s 1
f 1373/2623/921 1473/2624/1010 1474/2625/1011 1375/2626/923 
s 4
f 1375/2627/923 1474/2628/1011 1471/2629/1008 1371/2630/919 
s 1
f 1376/2631/924 1475/2632/1012 1476/2633/1013 1377/2634/925 
s 2
f 1377/2635/925 1476/2636/1013 1477/2637/1014 1378/2638/926 
s 1
f 1378/2639/926 1477/2640/1014 1478/2641/1015 1379/2642/927 
s 2
f 1379/2643/927 1478/2644/1015 1475/2645/1012 1376/2646/924 
s 1
f 1380/2647/928 1479/2648/1009 1480/2649/1008 1381/2650/929 
s 4
f 1381/2651/929 1480/2652/1008 1481/2653/1016 1382/2654/930 
s 1
f 1382/2655/930 1481/2656/1016 1482/2657/1010 1384/2658/932 
s 4
f 1384/2659/932 1482/2660/1010 1479/2661/1009 1380/2662/928 
s 1
f 1385/2663/933 1483/2664/1013 1484/2665/1012 1386/2666/934 
s 2
f 1386/2667/934 1484/2668/1012 1485/2669/1017 1387/2670/935 
s 1
f 1387/2671/935 1485/2672/1017 1486/2673/1018 1388/2674/936 
s 2
f 1388/2675/936 1486/2676/1018 1483/2677/1013 1385/2678/933 
s 1
f 1389/2679/937 1487/2680/1019 1488/2681/1020 1390/2682/938 
s 4
f 1390/2683/938 1488/2684/1020 1489/2685/1021 1391/2686/939 
s 1
f 1391/2687/939 1489/2688/1021 1490/2689/1022 1393/2690/941 
s 4
f 1393/2691/941 1490/2692/1022 1487/2693/1019 1389/2694/937 
s 1
f 1394/2695/942 1491/2696/1023 1492/2697/1024 1395/2698/943 
s 2
f 1395/2699/943 1492/2700/1024 1493/2701/1025 1396/2702/944 
s 1
f 1396/2703/944 1493/2704/1025 1494/2705/1026 1397/2706/945 
s 2
f 1397/2707/945 1494/2708/1026 1491/2709/1023 1394/2710/942 
s 1
f 1398/2711/946 1495/2712/1020 1496/2713/1027 1399/2714/947 
usemtl 03___Default
s 4
f 1399/2715/947 1496/2716/1027 1497/2717/1028 1400/2718/948 
usemtl 01___Default
s 1
f 1400/2719/948 1497/2720/1028 1498/2721/1029 1402/2722/950 
s 4
f 1402/2723/950 1498/2724/1029 1495/2725/1020 1398/2726/946 
s 1
f 1403/2727/951 1499/2728/1030 1500/2729/1031 1404/2730/952 
s 2
f 1404/2731/952 1500/2732/1031 1501/2733/1026 1405/2734/953 
usemtl 03___Default
s 1
f 1405/2735/953 1501/2736/1026 1502/2737/1032 1406/2738/954 
s 2
f 1406/2739/954 1502/2740/1032 1499/2741/1030 1403/2742/951 
s 1
f 742/1018/338 1254/2174/802 1255/2175/803 745/1021/341 
f 1254/2174/802 1262/2182/810 1263/2183/811 1255/2175/803 
f 1262/2182/810 1270/2190/818 1271/2191/819 1263/2183/811 
f 1270/2202/818 1278/2201/826 1279/2204/827 1271/2203/819 
f 1278/2201/826 1286/2214/834 1287/2215/835 1279/2204/827 
f 1286/2214/834 1294/2222/842 1295/2223/843 1287/2215/835 
usemtl 01___Default
f 999/1599/571 1002/1602/574 1503/2743/1033 1504/2744/1034 
f 1003/1603/575 1006/1606/578 1505/2745/1035 1506/2746/1036 
f 1007/1607/579 1010/1610/582 1507/2747/1037 1508/2748/1038 
f 1011/1611/583 1014/1614/586 1509/2749/1039 1510/2750/1040 
f 1504/2744/1034 1503/2743/1033 1511/2751/1041 1512/2752/1042 
f 1506/2746/1036 1505/2745/1035 1513/2753/1043 1514/2754/1044 
f 1508/2748/1038 1507/2747/1037 1515/2755/1045 1516/2756/1046 
f 1510/2750/1040 1509/2749/1039 1517/2757/1047 1518/2758/1048 
f 1512/2752/1042 1511/2751/1041 1519/2759/1049 1520/2760/1050 
f 1514/2754/1044 1513/2753/1043 1521/2761/1051 1522/2762/1052 
f 1516/2756/1046 1515/2755/1045 1523/2763/1053 1524/2764/1054 
f 1518/2758/1048 1517/2757/1047 1525/2765/1055 1526/2766/1056 
f 1520/2767/1050 1519/2768/1049 1527/2769/1057 1528/2770/1058 
f 1522/2771/1052 1521/2772/1051 1529/2773/1059 1530/2774/1060 
f 1524/2775/1054 1523/2776/1053 1531/2777/1061 1532/2778/1062 
f 1526/2779/1056 1525/2780/1055 1533/2781/1063 1534/2782/1064 
f 1528/2770/1058 1527/2769/1057 1535/2783/1065 1536/2784/1066 
f 1530/2774/1060 1529/2773/1059 1537/2785/1067 1538/2786/1068 
f 1532/2778/1062 1531/2777/1061 1539/2787/1069 1540/2788/1070 
f 1534/2782/1064 1533/2781/1063 1541/2789/1071 1542/2790/1072 
f 1536/2784/1066 1535/2783/1065 1292/2220/840 1291/2219/839 
f 1538/2786/1068 1537/2785/1067 1294/2222/842 1293/2221/841 
f 1540/2788/1070 1539/2787/1069 1296/2224/844 1295/2223/843 
f 1542/2790/1072 1541/2789/1071 1298/2226/846 1297/2225/845 
s 2
f 1002/1655/574 1049/1658/621 1543/2791/1073 1544/2792/1074 
f 1049/1658/621 1545/2793/1075 1546/2794/1076 1543/2791/1073 
f 1545/2793/1075 1503/2795/1033 1547/2796/1077 1546/2794/1076 
f 1503/2795/1033 1002/1655/574 1544/2792/1074 1547/2796/1077 
s 4
f 1049/1658/621 1003/1665/575 1548/2797/1078 1549/2798/1079 
f 1003/1665/575 1506/2799/1036 1550/2800/1080 1548/2797/1078 
f 1506/2799/1036 1545/2793/1075 1551/2801/1081 1550/2800/1080 
f 1545/2793/1075 1049/1658/621 1549/2798/1079 1551/2801/1081 
s 2
f 1010/1669/582 1059/1672/631 1552/2802/1082 1553/2803/1083 
f 1059/1672/631 1554/2804/1084 1555/2805/1085 1552/2802/1082 
f 1554/2804/1084 1507/2806/1037 1556/2807/1086 1555/2805/1085 
f 1507/2806/1037 1010/1669/582 1553/2803/1083 1556/2807/1086 
s 4
f 1059/1672/631 1011/1679/583 1557/2808/1087 1558/2809/1088 
f 1011/1679/583 1510/2810/1040 1559/2811/1089 1557/2808/1087 
f 1510/2810/1040 1554/2804/1084 1560/2812/1090 1559/2811/1089 
f 1554/2804/1084 1059/1672/631 1558/2809/1088 1560/2812/1090 
s 2
f 1503/2795/1033 1545/2793/1075 1561/2813/1091 1562/2814/1092 
f 1545/2793/1075 1563/2815/1093 1564/2816/1094 1561/2813/1091 
f 1563/2815/1093 1511/2817/1041 1565/2818/1095 1564/2816/1094 
f 1511/2817/1041 1503/2795/1033 1562/2814/1092 1565/2818/1095 
s 4
f 1545/2793/1075 1506/2799/1036 1566/2819/1096 1567/2820/1097 
f 1506/2799/1036 1514/2821/1044 1568/2822/1098 1566/2819/1096 
f 1514/2821/1044 1563/2815/1093 1569/2823/1099 1568/2822/1098 
f 1563/2815/1093 1545/2793/1075 1567/2820/1097 1569/2823/1099 
s 2
f 1507/2806/1037 1554/2804/1084 1570/2824/1100 1571/2825/1101 
f 1554/2804/1084 1572/2826/1102 1573/2827/1103 1570/2824/1100 
f 1572/2826/1102 1515/2828/1045 1574/2829/1104 1573/2827/1103 
f 1515/2828/1045 1507/2806/1037 1571/2825/1101 1574/2829/1104 
s 4
f 1554/2804/1084 1510/2810/1040 1575/2830/1105 1576/2831/1106 
f 1510/2810/1040 1518/2832/1048 1577/2833/1107 1575/2830/1105 
f 1518/2832/1048 1572/2826/1102 1578/2834/1108 1577/2833/1107 
f 1572/2826/1102 1554/2804/1084 1576/2831/1106 1578/2834/1108 
s 2
f 1511/2817/1041 1563/2815/1093 1579/2835/1109 1580/2836/1110 
f 1563/2815/1093 1581/2837/1111 1582/2838/1112 1579/2835/1109 
f 1581/2837/1111 1519/2839/1049 1583/2840/1113 1582/2838/1112 
f 1519/2839/1049 1511/2817/1041 1580/2836/1110 1583/2840/1113 
s 4
f 1563/2815/1093 1514/2821/1044 1584/2841/1114 1585/2842/1115 
f 1514/2821/1044 1522/2843/1052 1586/2844/1116 1584/2841/1114 
f 1522/2843/1052 1581/2837/1111 1587/2845/1117 1586/2844/1116 
f 1581/2837/1111 1563/2815/1093 1585/2842/1115 1587/2845/1117 
s 2
f 1515/2828/1045 1572/2826/1102 1588/2846/1118 1589/2847/1119 
f 1572/2826/1102 1590/2848/1120 1591/2849/1121 1588/2846/1118 
f 1590/2848/1120 1523/2850/1053 1592/2851/1122 1591/2849/1121 
f 1523/2850/1053 1515/2828/1045 1589/2847/1119 1592/2851/1122 
s 4
f 1572/2826/1102 1518/2832/1048 1593/2852/1123 1594/2853/1124 
f 1518/2832/1048 1526/2854/1056 1595/2855/1125 1593/2852/1123 
f 1526/2854/1056 1590/2848/1120 1596/2856/1126 1595/2855/1125 
f 1590/2848/1120 1572/2826/1102 1594/2853/1124 1596/2856/1126 
s 2
f 1519/2839/1049 1581/2837/1111 1597/2857/1127 1598/2858/1128 
f 1581/2837/1111 1599/2859/1129 1600/2860/1130 1597/2857/1127 
f 1599/2859/1129 1527/2861/1057 1601/2862/1131 1600/2860/1130 
f 1527/2861/1057 1519/2839/1049 1598/2858/1128 1601/2862/1131 
s 4
f 1581/2837/1111 1522/2843/1052 1602/2863/1132 1603/2864/1133 
f 1522/2843/1052 1530/2865/1060 1604/2866/1134 1602/2863/1132 
f 1530/2865/1060 1599/2859/1129 1605/2867/1135 1604/2866/1134 
f 1599/2859/1129 1581/2837/1111 1603/2864/1133 1605/2867/1135 
s 2
f 1523/2850/1053 1590/2848/1120 1606/2868/1136 1607/2869/1137 
f 1590/2848/1120 1608/2870/1138 1609/2871/1139 1606/2868/1136 
f 1608/2870/1138 1531/2872/1061 1610/2873/1140 1609/2871/1139 
f 1531/2872/1061 1523/2850/1053 1607/2869/1137 1610/2873/1140 
s 4
f 1590/2848/1120 1526/2854/1056 1611/2874/1141 1612/2875/1142 
f 1526/2854/1056 1534/2876/1064 1613/2877/1143 1611/2874/1141 
f 1534/2876/1064 1608/2870/1138 1614/2878/1144 1613/2877/1143 
f 1608/2870/1138 1590/2848/1120 1612/2875/1142 1614/2878/1144 
s 2
f 1527/2861/1057 1599/2859/1129 1615/2879/1145 1616/2880/1146 
f 1599/2859/1129 1617/2881/1147 1618/2882/1148 1615/2879/1145 
f 1617/2881/1147 1535/2883/1065 1619/2884/1149 1618/2882/1148 
f 1535/2883/1065 1527/2861/1057 1616/2880/1146 1619/2884/1149 
s 4
f 1599/2859/1129 1530/2865/1060 1620/2885/1150 1621/2886/1151 
f 1530/2865/1060 1538/2887/1068 1622/2888/1152 1620/2885/1150 
f 1538/2887/1068 1617/2881/1147 1623/2889/1153 1622/2888/1152 
f 1617/2881/1147 1599/2859/1129 1621/2886/1151 1623/2889/1153 
s 2
f 1531/2872/1061 1608/2870/1138 1624/2890/1154 1625/2891/1155 
f 1608/2870/1138 1626/2892/1156 1627/2893/1157 1624/2890/1154 
f 1626/2892/1156 1539/2894/1069 1628/2895/1158 1627/2893/1157 
f 1539/2894/1069 1531/2872/1061 1625/2891/1155 1628/2895/1158 
s 4
f 1608/2870/1138 1534/2876/1064 1629/2896/1159 1630/2897/1160 
f 1534/2876/1064 1542/2898/1072 1631/2899/1161 1629/2896/1159 
f 1542/2898/1072 1626/2892/1156 1632/2900/1162 1631/2899/1161 
f 1626/2892/1156 1608/2870/1138 1630/2897/1160 1632/2900/1162 
s 2
f 1535/2883/1065 1617/2881/1147 1633/2901/1163 1634/2902/1164 
f 1617/2881/1147 1392/2340/940 1635/2903/1165 1633/2901/1163 
f 1392/2340/940 1292/2342/840 1636/2904/1166 1635/2903/1165 
f 1292/2342/840 1535/2883/1065 1634/2902/1164 1636/2904/1166 
s 4
f 1617/2881/1147 1538/2887/1068 1637/2905/1167 1638/2906/1168 
f 1538/2887/1068 1293/2346/841 1639/2907/1169 1637/2905/1167 
f 1293/2346/841 1392/2340/940 1640/2908/1170 1639/2907/1169 
f 1392/2340/940 1617/2881/1147 1638/2906/1168 1640/2908/1170 
s 2
f 1539/2894/1069 1626/2892/1156 1641/2909/1171 1642/2910/1172 
f 1626/2892/1156 1401/2351/949 1643/2911/1173 1641/2909/1171 
f 1401/2351/949 1296/2353/844 1644/2912/1174 1643/2911/1173 
f 1296/2353/844 1539/2894/1069 1642/2910/1172 1644/2912/1174 
s 4
f 1626/2892/1156 1542/2898/1072 1645/2913/1175 1646/2914/1176 
f 1542/2898/1072 1297/2357/845 1647/2915/1177 1645/2913/1175 
usemtl 03___Default
f 1297/2357/845 1401/2351/949 1648/2916/1178 1647/2915/1177 
usemtl 01___Default
f 1401/2351/949 1626/2892/1156 1646/2914/1176 1648/2916/1178 
s 1
f 1544/2917/1074 1543/2918/1073 1649/2919/1179 1650/2920/1180 
s 4
f 1543/2921/1073 1546/2922/1076 1651/2923/1181 1649/2924/1179 
s 1
f 1546/2925/1076 1547/2926/1077 1652/2927/1182 1651/2928/1181 
s 4
f 1547/2929/1077 1544/2930/1074 1650/2931/1180 1652/2932/1182 
s 1
f 1549/2933/1079 1548/2934/1078 1653/2935/1183 1654/2936/1184 
s 2
f 1548/2937/1078 1550/2938/1080 1655/2939/1185 1653/2940/1183 
s 1
f 1550/2941/1080 1551/2942/1081 1656/2943/1186 1655/2944/1185 
s 2
f 1551/2945/1081 1549/2946/1079 1654/2947/1184 1656/2948/1186 
s 1
f 1553/2949/1083 1552/2950/1082 1657/2951/1187 1658/2952/1188 
s 4
f 1552/2953/1082 1555/2954/1085 1659/2955/1189 1657/2956/1187 
s 1
f 1555/2957/1085 1556/2958/1086 1660/2959/1190 1659/2960/1189 
s 4
f 1556/2961/1086 1553/2962/1083 1658/2963/1188 1660/2964/1190 
s 1
f 1558/2965/1088 1557/2966/1087 1661/2967/1191 1662/2968/1192 
s 2
f 1557/2969/1087 1559/2970/1089 1663/2971/1193 1661/2972/1191 
s 1
f 1559/2973/1089 1560/2974/1090 1664/2975/1185 1663/2976/1193 
s 2
f 1560/2977/1090 1558/2978/1088 1662/2979/1192 1664/2980/1185 
s 1
f 1562/2981/1092 1561/2982/1091 1665/2983/1194 1666/2984/1195 
s 4
f 1561/2985/1091 1564/2986/1094 1667/2987/1196 1665/2988/1194 
s 1
f 1564/2989/1094 1565/2990/1095 1668/2991/1197 1667/2992/1196 
s 4
f 1565/2993/1095 1562/2994/1092 1666/2995/1195 1668/2996/1197 
s 1
f 1567/2997/1097 1566/2998/1096 1669/2999/1198 1670/3000/1199 
s 2
f 1566/3001/1096 1568/3002/1098 1671/3003/1200 1669/3004/1198 
s 1
f 1568/3005/1098 1569/3006/1099 1672/3007/1201 1671/3008/1200 
s 2
f 1569/3009/1099 1567/3010/1097 1670/3011/1199 1672/3012/1201 
s 1
f 1571/3013/1101 1570/3014/1100 1673/3015/1202 1674/3016/1203 
s 4
f 1570/3017/1100 1573/3018/1103 1675/3019/1197 1673/3020/1202 
s 1
f 1573/3021/1103 1574/3022/1104 1676/3023/1204 1675/3024/1197 
s 4
f 1574/3025/1104 1571/3026/1101 1674/3027/1203 1676/3028/1204 
s 1
f 1576/3029/1106 1575/3030/1105 1677/3031/1199 1678/3032/1205 
s 2
f 1575/3033/1105 1577/3034/1107 1679/3035/1201 1677/3036/1199 
s 1
f 1577/3037/1107 1578/3038/1108 1680/3039/1200 1679/3040/1201 
s 2
f 1578/3041/1108 1576/3042/1106 1678/3043/1205 1680/3044/1200 
s 1
f 1580/3045/1110 1579/3046/1109 1681/3047/1206 1682/3048/1207 
s 4
f 1579/3049/1109 1582/3050/1112 1683/3051/1208 1681/3052/1206 
s 1
f 1582/3053/1112 1583/3054/1113 1684/3055/1209 1683/3056/1208 
s 4
f 1583/3057/1113 1580/3058/1110 1682/3059/1207 1684/3060/1209 
s 1
f 1585/3061/1115 1584/3062/1114 1685/3063/1210 1686/3064/1211 
s 2
f 1584/3065/1114 1586/3066/1116 1687/3067/1212 1685/3068/1210 
s 1
f 1586/3069/1116 1587/3070/1117 1688/3071/1213 1687/3072/1212 
s 2
f 1587/3073/1117 1585/3074/1115 1686/3075/1211 1688/3076/1213 
s 1
f 1589/3077/1119 1588/3078/1118 1689/3079/1214 1690/3080/1206 
s 4
f 1588/3081/1118 1591/3082/1121 1691/3083/1209 1689/3084/1214 
s 1
f 1591/3085/1121 1592/3086/1122 1692/3087/1215 1691/3088/1209 
s 4
f 1592/3089/1122 1589/3090/1119 1690/3091/1206 1692/3092/1215 
s 1
f 1594/3093/1124 1593/3094/1123 1693/3095/1216 1694/3096/1210 
s 2
f 1593/3097/1123 1595/3098/1125 1695/3099/1213 1693/3100/1216 
s 1
f 1595/3101/1125 1596/3102/1126 1696/3103/1217 1695/3104/1213 
s 2
f 1596/3105/1126 1594/3106/1124 1694/3107/1210 1696/3108/1217 
s 1
f 1598/3109/1128 1597/3110/1127 1697/3111/1218 1698/3112/1219 
s 4
f 1597/3113/1127 1600/3114/1130 1699/3115/1220 1697/3116/1218 
s 1
f 1600/3117/1130 1601/3118/1131 1700/3119/1221 1699/3120/1220 
s 4
f 1601/3121/1131 1598/3122/1128 1698/3123/1219 1700/3124/1221 
s 1
f 1603/3125/1133 1602/3126/1132 1701/3127/1222 1702/3128/1223 
s 2
f 1602/3129/1132 1604/3130/1134 1703/3131/1224 1701/3132/1222 
s 1
f 1604/3133/1134 1605/3134/1135 1704/3135/1225 1703/3136/1224 
s 2
f 1605/3137/1135 1603/3138/1133 1702/3139/1223 1704/3140/1225 
s 1
f 1607/3141/1137 1606/3142/1136 1705/3143/1226 1706/3144/1227 
s 4
f 1606/3145/1136 1609/3146/1139 1707/3147/1228 1705/3148/1226 
s 1
f 1609/3149/1139 1610/3150/1140 1708/3151/1220 1707/3152/1228 
s 4
f 1610/3153/1140 1607/3154/1137 1706/3155/1227 1708/3156/1220 
s 1
f 1612/3157/1142 1611/3158/1141 1709/3159/1229 1710/3160/1230 
s 2
f 1611/3161/1141 1613/3162/1143 1711/3163/1231 1709/3164/1229 
s 1
f 1613/3165/1143 1614/3166/1144 1712/3167/1224 1711/3168/1231 
s 2
f 1614/3169/1144 1612/3170/1142 1710/3171/1230 1712/3172/1224 
s 1
f 1616/3173/1146 1615/3174/1145 1713/3175/1232 1714/3176/1233 
s 4
f 1615/3177/1145 1618/3178/1148 1715/3179/1234 1713/3180/1232 
s 1
f 1618/3181/1148 1619/3182/1149 1716/3183/1235 1715/3184/1234 
s 4
f 1619/3185/1149 1616/3186/1146 1714/3187/1233 1716/3188/1235 
s 1
f 1621/3189/1151 1620/3190/1150 1717/3191/1236 1718/3192/1237 
s 2
f 1620/3193/1150 1622/3194/1152 1719/3195/1238 1717/3196/1236 
s 1
f 1622/3197/1152 1623/3198/1153 1720/3199/1239 1719/3200/1238 
s 2
f 1623/3201/1153 1621/3202/1151 1718/3203/1237 1720/3204/1239 
s 1
f 1625/3205/1155 1624/3206/1154 1721/3207/1233 1722/3208/1232 
s 4
f 1624/3209/1154 1627/3210/1157 1723/3211/1240 1721/3212/1233 
s 1
f 1627/3213/1157 1628/3214/1158 1724/3215/1234 1723/3216/1240 
s 4
f 1628/3217/1158 1625/3218/1155 1722/3219/1232 1724/3220/1234 
s 1
f 1630/3221/1160 1629/3222/1159 1725/3223/1237 1726/3224/1236 
s 2
f 1629/3225/1159 1631/3226/1161 1727/3227/1241 1725/3228/1237 
s 1
f 1631/3229/1161 1632/3230/1162 1728/3231/1242 1727/3232/1241 
s 2
f 1632/3233/1162 1630/3234/1160 1726/3235/1236 1728/3236/1242 
s 1
f 1634/3237/1164 1633/3238/1163 1729/3239/1243 1730/3240/1244 
s 4
f 1633/3241/1163 1635/3242/1165 1731/3243/1245 1729/3244/1243 
s 1
f 1635/3245/1165 1636/3246/1166 1732/3247/1246 1731/3248/1245 
s 4
f 1636/3249/1166 1634/3250/1164 1730/3251/1244 1732/3252/1246 
s 1
f 1638/3253/1168 1637/3254/1167 1733/3255/1247 1734/3256/1248 
s 2
f 1637/3257/1167 1639/3258/1169 1735/3259/1249 1733/3260/1247 
s 1
f 1639/3261/1169 1640/3262/1170 1736/3263/1250 1735/3264/1249 
s 2
f 1640/3265/1170 1638/3266/1168 1734/3267/1248 1736/3268/1250 
s 1
f 1642/3269/1172 1641/3270/1171 1737/3271/1251 1738/3272/1243 
usemtl 03___Default
s 4
f 1641/3273/1171 1643/3274/1173 1739/3275/1252 1737/3276/1251 
usemtl 01___Default
s 1
f 1643/3277/1173 1644/3278/1174 1740/3279/1253 1739/3280/1252 
s 4
f 1644/3281/1174 1642/3282/1172 1738/3283/1243 1740/3284/1253 
s 1
f 1646/3285/1176 1645/3286/1175 1741/3287/1254 1742/3288/1255 
s 2
f 1645/3289/1175 1647/3290/1177 1743/3291/1250 1741/3292/1254 
usemtl 03___Default
s 1
f 1647/3293/1177 1648/3294/1178 1744/3295/1256 1743/3296/1250 
s 2
f 1648/3297/1178 1646/3298/1176 1742/3299/1255 1744/3300/1256 
s 1
f 1006/1606/578 1007/1607/579 1508/2748/1038 1505/2745/1035 
f 1505/2745/1035 1508/2748/1038 1516/2756/1046 1513/2753/1043 
f 1513/2753/1043 1516/2756/1046 1524/2764/1054 1521/2761/1051 
f 1521/2772/1051 1524/2775/1054 1532/2778/1062 1529/2773/1059 
f 1529/2773/1059 1532/2778/1062 1540/2788/1070 1537/2785/1067 
f 1537/2785/1067 1540/2788/1070 1295/2223/843 1294/2222/842 
usemtl 01___Default
f 1745/3301/1257 1746/3302/1258 1747/3303/1259 1748/3304/1259 
f 1749/3305/1260 1750/3306/1260 1751/3307/1260 1752/3308/1261 
f 1753/3309/1262 1754/3310/1262 1755/3311/1262 1756/3312/1262 
s 4
f 1757/3313/1263 1745/3301/1257 1758/3314/1263 1759/3315/1263 
f 1746/3302/1258 1760/3316/1264 1761/3317/1264 1762/3318/1264 
f 1763/3319/1265 1752/3308/1261 1764/3320/1265 1765/3321/1265 
s 1
f 1766/3322/1266 1767/3323/1267 1768/3324/1259 1769/3325/1259 
f 1770/3326/1260 1771/3327/1268 1772/3328/1268 1773/3329/1269 
f 1774/3330/1270 1775/3331/1270 1776/3332/1270 1777/3333/1270 
s 4
f 1778/3334/1271 1766/3322/1266 1779/3335/1271 1780/3336/1271 
f 1767/3323/1267 1781/3337/1272 1782/3338/1272 1783/3339/1272 
f 1784/3340/1273 1773/3329/1269 1785/3341/1273 1786/3342/1273 
s 1
f 1787/3343/1274 1788/3344/1275 1789/3345/1276 1790/3346/1276 
f 1791/3347/1260 1792/3348/1260 1793/3349/1260 1794/3350/1277 
f 1795/3351/1278 1796/3352/1278 1797/3353/1278 1798/3354/1278 
s 4
f 1799/3355/1279 1787/3343/1274 1800/3356/1279 1801/3357/1279 
f 1788/3344/1275 1802/3358/1280 1803/3359/1280 1804/3360/1280 
f 1805/3361/1281 1794/3350/1277 1806/3362/1281 1807/3363/1281 
# 906 polygons

