# 3ds Max Wavefront OBJ Exporter v0.97b - (c)2007 guruware
# File Created: 12.09.2026 17:56:03

mtllib turret_a_building.mtl

#
# object turret_a_base
#

v  -0.0000 0.8882 1.0104
v  -0.0000 1.2225 0.8882
v  -0.3778 1.1626 0.8882
v  -0.2745 0.8447 1.0104
v  -0.7185 0.9890 0.8882
v  -0.5221 0.7185 1.0104
v  -0.9890 0.7185 0.8882
v  -0.7185 0.5221 1.0104
v  -1.1626 0.3778 0.8882
v  -0.8447 0.2745 1.0104
v  -1.2225 -0.0000 0.8882
v  -0.8882 -0.0000 1.0104
v  -1.1626 -0.3778 0.8882
v  -0.8447 -0.2745 1.0104
v  -0.9890 -0.7185 0.8882
v  -0.7185 -0.5221 1.0104
v  -0.7185 -0.9890 0.8882
v  -0.5221 -0.7185 1.0104
v  -0.3778 -1.1626 0.8882
v  -0.2745 -0.8447 1.0104
v  0.0000 -1.2225 0.8882
v  0.0000 -0.8882 1.0104
v  0.3778 -1.1626 0.8882
v  0.2745 -0.8447 1.0104
v  0.7185 -0.9890 0.8882
v  0.5221 -0.7185 1.0104
v  0.9890 -0.7185 0.8882
v  0.7185 -0.5221 1.0104
v  1.1626 -0.3778 0.8882
v  0.8447 -0.2745 1.0104
v  1.2225 0.0000 0.8882
v  0.8882 0.0000 1.0104
v  1.1626 0.3778 0.8882
v  0.8447 0.2745 1.0104
v  0.9890 0.7185 0.8882
v  0.7185 0.5221 1.0104
v  0.7185 0.9890 0.8882
v  0.5221 0.7185 1.0104
v  0.3778 1.1626 0.8882
v  0.2745 0.8447 1.0104
v  -0.0000 1.4371 0.4669
v  -0.4441 1.3668 0.4669
v  -0.8447 1.1626 0.4669
v  -1.1626 0.8447 0.4669
v  -1.3668 0.4441 0.4669
v  -1.4371 -0.0000 0.4669
v  -1.3668 -0.4441 0.4669
v  -1.1626 -0.8447 0.4669
v  -0.8447 -1.1626 0.4669
v  -0.4441 -1.3668 0.4669
v  0.0000 -1.4371 0.4669
v  0.4441 -1.3668 0.4669
v  0.8447 -1.1626 0.4669
v  1.1626 -0.8447 0.4669
v  1.3668 -0.4441 0.4669
v  1.4371 0.0000 0.4669
v  1.3668 0.4441 0.4669
v  1.1626 0.8447 0.4669
v  0.8447 1.1626 0.4669
v  0.4441 1.3668 0.4669
v  -0.0000 1.4371 -0.4669
v  -0.0000 1.2225 -0.8882
v  -0.3778 1.1626 -0.8882
v  -0.4441 1.3668 -0.4669
v  -0.7185 0.9890 -0.8882
v  -0.8447 1.1626 -0.4669
v  -0.9890 0.7185 -0.8882
v  -1.1626 0.8447 -0.4669
v  -1.1626 0.3778 -0.8882
v  -1.3668 0.4441 -0.4669
v  -1.2225 -0.0000 -0.8882
v  -1.4371 -0.0000 -0.4669
v  -1.1626 -0.3778 -0.8882
v  -1.3668 -0.4441 -0.4669
v  -0.9890 -0.7185 -0.8882
v  -1.1626 -0.8447 -0.4669
v  -0.7185 -0.9890 -0.8882
v  -0.8447 -1.1626 -0.4669
v  -0.3778 -1.1626 -0.8882
v  -0.4441 -1.3668 -0.4669
v  0.0000 -1.2225 -0.8882
v  0.0000 -1.4371 -0.4669
v  0.3778 -1.1626 -0.8882
v  0.4441 -1.3668 -0.4669
v  0.7185 -0.9890 -0.8882
v  0.8447 -1.1626 -0.4669
v  0.9890 -0.7185 -0.8882
v  1.1626 -0.8447 -0.4669
v  1.1626 -0.3778 -0.8882
v  1.3668 -0.4441 -0.4669
v  1.2225 0.0000 -0.8882
v  1.4371 0.0000 -0.4669
v  1.1626 0.3778 -0.8882
v  1.3668 0.4441 -0.4669
v  0.9890 0.7185 -0.8882
v  1.1626 0.8447 -0.4669
v  0.7185 0.9890 -0.8882
v  0.8447 1.1626 -0.4669
v  0.3778 1.1626 -0.8882
v  0.4441 1.3668 -0.4669
v  -0.0000 0.8882 -1.2225
v  -0.2745 0.8447 -1.2225
v  -0.5221 0.7185 -1.2225
v  -0.7185 0.5221 -1.2225
v  -0.8447 0.2745 -1.2225
v  -0.8882 -0.0000 -1.2225
v  -0.8447 -0.2745 -1.2225
v  -0.7185 -0.5221 -1.2225
v  -0.5221 -0.7185 -1.2225
v  -0.2745 -0.8447 -1.2225
v  0.0000 -0.8882 -1.2225
v  0.2745 -0.8447 -1.2225
v  0.5221 -0.7185 -1.2225
v  0.7185 -0.5221 -1.2225
v  0.8447 -0.2745 -1.2225
v  0.8882 0.0000 -1.2225
v  0.8447 0.2745 -1.2225
v  0.7185 0.5221 -1.2225
v  0.5221 0.7185 -1.2225
v  0.2745 0.8447 -1.2225
v  -0.0000 0.4669 -1.4371
v  -0.1443 0.4441 -1.4371
v  -0.2745 0.3778 -1.4371
v  -0.3778 0.2745 -1.4371
v  -0.4441 0.1443 -1.4371
v  -0.4669 -0.0000 -1.4371
v  -0.4441 -0.1443 -1.4371
v  -0.3778 -0.2745 -1.4371
v  -0.2745 -0.3778 -1.4371
v  -0.1443 -0.4441 -1.4371
v  0.0000 -0.4669 -1.4371
v  0.1443 -0.4441 -1.4371
v  0.2745 -0.3778 -1.4371
v  0.3778 -0.2745 -1.4371
v  0.4441 -0.1443 -1.4371
v  0.4669 0.0000 -1.4371
v  0.4441 0.1443 -1.4371
v  0.3778 0.2745 -1.4371
v  0.2745 0.3778 -1.4371
v  0.1443 0.4441 -1.4371
v  0.0000 0.0000 -1.5110
v  1.4051 -0.2266 -0.3441
v  1.4051 -0.1461 -0.3225
v  2.7186 -0.1461 -0.3225
v  2.7186 -0.2266 -0.3441
v  1.4051 -0.0872 -0.2636
v  2.7186 -0.0872 -0.2636
v  1.4051 -0.0872 -0.1026
v  1.4051 -0.1461 -0.0436
v  2.7186 -0.1461 -0.0436
v  2.7186 -0.0872 -0.1026
v  1.4051 -0.2266 -0.0221
v  2.7186 -0.2266 -0.0221
v  1.4051 -0.3071 -0.0436
v  2.7186 -0.3071 -0.0436
v  1.4051 -0.3660 -0.1026
v  2.7186 -0.3660 -0.1026
v  1.4051 -0.3660 -0.2636
v  1.4051 -0.3071 -0.3225
v  2.7186 -0.3071 -0.3225
v  2.7186 -0.3660 -0.2636
v  3.1591 -0.2266 -0.4002
v  3.1591 -0.1180 -0.3711
v  4.0360 -0.1180 -0.3711
v  4.0360 -0.2266 -0.4002
v  3.1591 -0.0385 -0.2916
v  4.0360 -0.0385 -0.2916
v  3.1591 -0.0385 -0.0745
v  3.1591 -0.1180 0.0050
v  4.0360 -0.1180 0.0050
v  4.0360 -0.0385 -0.0745
v  3.1591 -0.2266 0.0341
v  4.0360 -0.2266 0.0341
v  3.1591 -0.3351 0.0050
v  4.0360 -0.3351 0.0050
v  3.1591 -0.4146 -0.0745
v  4.0360 -0.4146 -0.0745
v  3.1591 -0.4146 -0.2916
v  3.1591 -0.3351 -0.3711
v  4.0360 -0.3351 -0.3711
v  4.0360 -0.4146 -0.2916
v  3.1591 -0.2266 -0.3441
v  3.1591 -0.1461 -0.3225
v  3.1591 -0.0872 -0.2636
v  3.1591 -0.0656 -0.1831
v  3.1591 -0.0095 -0.1831
v  3.1591 -0.0872 -0.1026
v  3.1591 -0.1461 -0.0436
v  3.1591 -0.2266 -0.0221
v  3.1591 -0.3071 -0.0436
v  3.1591 -0.3660 -0.1026
v  3.1591 -0.3876 -0.1831
v  3.1591 -0.4437 -0.1831
v  3.1591 -0.3660 -0.2636
v  3.1591 -0.3071 -0.3225
v  4.0360 -0.1461 -0.3225
v  4.0360 -0.2266 -0.3441
v  4.0360 -0.3071 -0.3225
v  4.0360 -0.3660 -0.2636
v  4.0360 -0.3876 -0.1831
v  4.0360 -0.4437 -0.1831
v  4.0360 -0.3660 -0.1026
v  4.0360 -0.3071 -0.0436
v  4.0360 -0.2266 -0.0221
v  4.0360 -0.1461 -0.0436
v  4.0360 -0.0872 -0.1026
v  4.0360 -0.0656 -0.1831
v  4.0360 -0.0095 -0.1831
v  4.0360 -0.0872 -0.2636
v  3.5614 -0.1461 -0.3225
v  3.5614 -0.2266 -0.3441
v  3.5614 -0.0872 -0.2636
v  3.5614 -0.0656 -0.1831
v  3.5614 -0.0872 -0.1026
v  3.5614 -0.1461 -0.0436
v  3.5614 -0.2266 -0.0221
v  3.5614 -0.3071 -0.0436
v  3.5614 -0.3660 -0.1026
v  3.5614 -0.3876 -0.1831
v  3.5614 -0.3660 -0.2636
v  3.5614 -0.3071 -0.3225
v  2.7933 -0.1461 -0.3225
v  2.8680 -0.1461 -0.3225
v  2.8680 -0.2266 -0.3441
v  2.7933 -0.2266 -0.3441
v  2.9428 -0.1461 -0.3225
v  3.0175 -0.1461 -0.3225
v  3.0175 -0.2266 -0.3441
v  2.9428 -0.2266 -0.3441
v  3.0922 -0.1461 -0.3225
v  3.0922 -0.2266 -0.3441
v  2.7933 -0.0872 -0.2636
v  2.8680 -0.0872 -0.2636
v  2.9428 -0.0872 -0.2636
v  3.0175 -0.0872 -0.2636
v  3.0922 -0.0872 -0.2636
v  2.7933 -0.0656 -0.1831
v  2.8680 -0.0656 -0.1831
v  2.9428 -0.0656 -0.1831
v  3.0175 -0.0656 -0.1831
v  3.0922 -0.0656 -0.1831
v  2.7933 -0.0872 -0.1026
v  2.8680 -0.0872 -0.1026
v  2.9428 -0.0872 -0.1026
v  3.0175 -0.0872 -0.1026
v  3.0922 -0.0872 -0.1026
v  2.7933 -0.1461 -0.0436
v  2.8680 -0.1461 -0.0436
v  2.9428 -0.1461 -0.0436
v  3.0175 -0.1461 -0.0436
v  3.0922 -0.1461 -0.0436
v  2.7933 -0.2266 -0.0221
v  2.8680 -0.2266 -0.0221
v  2.9428 -0.2266 -0.0221
v  3.0175 -0.2266 -0.0221
v  3.0922 -0.2266 -0.0221
v  2.7933 -0.3071 -0.0436
v  2.8680 -0.3071 -0.0436
v  2.9428 -0.3071 -0.0436
v  3.0175 -0.3071 -0.0436
v  3.0922 -0.3071 -0.0436
v  2.7933 -0.3660 -0.1026
v  2.8680 -0.3660 -0.1026
v  2.9428 -0.3660 -0.1026
v  3.0175 -0.3660 -0.1026
v  3.0922 -0.3660 -0.1026
v  2.7933 -0.3876 -0.1831
v  2.8680 -0.3876 -0.1831
v  2.9428 -0.3876 -0.1831
v  3.0175 -0.3876 -0.1831
v  3.0922 -0.3876 -0.1831
v  2.7933 -0.3660 -0.2636
v  2.8680 -0.3660 -0.2636
v  2.9428 -0.3660 -0.2636
v  3.0175 -0.3660 -0.2636
v  3.0922 -0.3660 -0.2636
v  2.7933 -0.3071 -0.3225
v  2.8680 -0.3071 -0.3225
v  2.9428 -0.3071 -0.3225
v  3.0175 -0.3071 -0.3225
v  3.0922 -0.3071 -0.3225
v  2.7186 -0.1489 -0.3176
v  2.7186 -0.2266 -0.3384
v  2.7186 -0.0920 -0.2608
v  2.7186 -0.0656 -0.1831
v  2.7186 -0.0712 -0.1831
v  2.7186 -0.0920 -0.1054
v  2.7186 -0.1489 -0.0485
v  2.7186 -0.2266 -0.0277
v  2.7186 -0.3043 -0.0485
v  2.7186 -0.3611 -0.1054
v  2.7186 -0.3876 -0.1831
v  2.7186 -0.3820 -0.1831
v  2.7186 -0.3611 -0.2608
v  2.7186 -0.3043 -0.3176
v  2.7933 -0.2266 -0.3384
v  2.7933 -0.1489 -0.3176
v  2.7933 -0.3043 -0.3176
v  2.7933 -0.3611 -0.2608
v  2.7933 -0.3820 -0.1831
v  2.7933 -0.3611 -0.1054
v  2.7933 -0.3043 -0.0485
v  2.7933 -0.2266 -0.0277
v  2.7933 -0.1489 -0.0485
v  2.7933 -0.0920 -0.1054
v  2.7933 -0.0712 -0.1831
v  2.7933 -0.0920 -0.2608
v  2.8680 -0.1489 -0.3176
v  2.8680 -0.2266 -0.3384
v  2.8680 -0.0920 -0.2608
v  2.8680 -0.0712 -0.1831
v  2.8680 -0.0920 -0.1054
v  2.8680 -0.1489 -0.0485
v  2.8680 -0.2266 -0.0277
v  2.8680 -0.3043 -0.0485
v  2.8680 -0.3611 -0.1054
v  2.8680 -0.3820 -0.1831
v  2.8680 -0.3611 -0.2608
v  2.8680 -0.3043 -0.3176
v  2.9428 -0.2266 -0.3384
v  2.9428 -0.1489 -0.3176
v  2.9428 -0.3043 -0.3176
v  2.9428 -0.3611 -0.2608
v  2.9428 -0.3820 -0.1831
v  2.9428 -0.3611 -0.1054
v  2.9428 -0.3043 -0.0485
v  2.9428 -0.2266 -0.0277
v  2.9428 -0.1489 -0.0485
v  2.9428 -0.0920 -0.1054
v  2.9428 -0.0712 -0.1831
v  2.9428 -0.0920 -0.2608
v  3.0175 -0.1489 -0.3176
v  3.0175 -0.2266 -0.3384
v  3.0175 -0.0920 -0.2608
v  3.0175 -0.0712 -0.1831
v  3.0175 -0.0920 -0.1054
v  3.0175 -0.1489 -0.0485
v  3.0175 -0.2266 -0.0277
v  3.0175 -0.3043 -0.0485
v  3.0175 -0.3611 -0.1054
v  3.0175 -0.3820 -0.1831
v  3.0175 -0.3611 -0.2608
v  3.0175 -0.3043 -0.3176
v  3.0922 -0.2266 -0.3384
v  3.0922 -0.1489 -0.3176
v  3.0922 -0.3043 -0.3176
v  3.0922 -0.3611 -0.2608
v  3.0922 -0.3820 -0.1831
v  3.0922 -0.3611 -0.1054
v  3.0922 -0.3043 -0.0485
v  3.0922 -0.2266 -0.0277
v  3.0922 -0.1489 -0.0485
v  3.0922 -0.0920 -0.1054
v  3.0922 -0.0712 -0.1831
v  3.0922 -0.0920 -0.2608
v  1.4051 0.2266 -0.3441
v  2.7186 0.2266 -0.3441
v  2.7186 0.1461 -0.3225
v  1.4051 0.1461 -0.3225
v  2.7186 0.0872 -0.2636
v  1.4051 0.0872 -0.2636
v  1.4051 0.0872 -0.1026
v  2.7186 0.0872 -0.1026
v  2.7186 0.1461 -0.0436
v  1.4051 0.1461 -0.0436
v  2.7186 0.2266 -0.0221
v  1.4051 0.2266 -0.0221
v  2.7186 0.3071 -0.0436
v  1.4051 0.3071 -0.0436
v  2.7186 0.3660 -0.1026
v  1.4051 0.3660 -0.1026
v  1.4051 0.3660 -0.2636
v  2.7186 0.3660 -0.2636
v  2.7186 0.3071 -0.3225
v  1.4051 0.3071 -0.3225
v  3.1591 0.2266 -0.4002
v  4.0360 0.2266 -0.4002
v  4.0360 0.1180 -0.3711
v  3.1591 0.1180 -0.3711
v  4.0360 0.0385 -0.2916
v  3.1591 0.0385 -0.2916
v  3.1591 0.0385 -0.0745
v  4.0360 0.0385 -0.0745
v  4.0360 0.1180 0.0050
v  3.1591 0.1180 0.0050
v  4.0360 0.2266 0.0341
v  3.1591 0.2266 0.0341
v  4.0360 0.3351 0.0050
v  3.1591 0.3351 0.0050
v  4.0360 0.4146 -0.0745
v  3.1591 0.4146 -0.0745
v  3.1591 0.4146 -0.2916
v  4.0360 0.4146 -0.2916
v  4.0360 0.3351 -0.3711
v  3.1591 0.3351 -0.3711
v  3.1591 0.2266 -0.3441
v  3.1591 0.1461 -0.3225
v  3.1591 0.0872 -0.2636
v  3.1591 0.0095 -0.1831
v  3.1591 0.0656 -0.1831
v  3.1591 0.0872 -0.1026
v  3.1591 0.1461 -0.0436
v  3.1591 0.2266 -0.0221
v  3.1591 0.3071 -0.0436
v  3.1591 0.3660 -0.1026
v  3.1591 0.4437 -0.1831
v  3.1591 0.3876 -0.1831
v  3.1591 0.3660 -0.2636
v  3.1591 0.3071 -0.3225
v  4.0360 0.1461 -0.3225
v  4.0360 0.2266 -0.3441
v  4.0360 0.3071 -0.3225
v  4.0360 0.3660 -0.2636
v  4.0360 0.4437 -0.1831
v  4.0360 0.3876 -0.1831
v  4.0360 0.3660 -0.1026
v  4.0360 0.3071 -0.0436
v  4.0360 0.2266 -0.0221
v  4.0360 0.1461 -0.0436
v  4.0360 0.0872 -0.1026
v  4.0360 0.0095 -0.1831
v  4.0360 0.0656 -0.1831
v  4.0360 0.0872 -0.2636
v  3.5614 0.2266 -0.3441
v  3.5614 0.1461 -0.3225
v  3.5614 0.0872 -0.2636
v  3.5614 0.0656 -0.1831
v  3.5614 0.0872 -0.1026
v  3.5614 0.1461 -0.0436
v  3.5614 0.2266 -0.0221
v  3.5614 0.3071 -0.0436
v  3.5614 0.3660 -0.1026
v  3.5614 0.3876 -0.1831
v  3.5614 0.3660 -0.2636
v  3.5614 0.3071 -0.3225
v  2.7933 0.1461 -0.3225
v  2.7933 0.2266 -0.3441
v  2.8680 0.2266 -0.3441
v  2.8680 0.1461 -0.3225
v  2.9428 0.1461 -0.3225
v  2.9428 0.2266 -0.3441
v  3.0175 0.2266 -0.3441
v  3.0175 0.1461 -0.3225
v  3.0922 0.1461 -0.3225
v  3.0922 0.2266 -0.3441
v  2.7933 0.0872 -0.2636
v  2.8680 0.0872 -0.2636
v  2.9428 0.0872 -0.2636
v  3.0175 0.0872 -0.2636
v  3.0922 0.0872 -0.2636
v  2.7933 0.0656 -0.1831
v  2.8680 0.0656 -0.1831
v  2.9428 0.0656 -0.1831
v  3.0175 0.0656 -0.1831
v  3.0922 0.0656 -0.1831
v  2.7933 0.0872 -0.1026
v  2.8680 0.0872 -0.1026
v  2.9428 0.0872 -0.1026
v  3.0175 0.0872 -0.1026
v  3.0922 0.0872 -0.1026
v  2.7933 0.1461 -0.0436
v  2.8680 0.1461 -0.0436
v  2.9428 0.1461 -0.0436
v  3.0175 0.1461 -0.0436
v  3.0922 0.1461 -0.0436
v  2.7933 0.2266 -0.0221
v  2.8680 0.2266 -0.0221
v  2.9428 0.2266 -0.0221
v  3.0175 0.2266 -0.0221
v  3.0922 0.2266 -0.0221
v  2.7933 0.3071 -0.0436
v  2.8680 0.3071 -0.0436
v  2.9428 0.3071 -0.0436
v  3.0175 0.3071 -0.0436
v  3.0922 0.3071 -0.0436
v  2.7933 0.3660 -0.1026
v  2.8680 0.3660 -0.1026
v  2.9428 0.3660 -0.1026
v  3.0175 0.3660 -0.1026
v  3.0922 0.3660 -0.1026
v  2.7933 0.3876 -0.1831
v  2.8680 0.3876 -0.1831
v  2.9428 0.3876 -0.1831
v  3.0175 0.3876 -0.1831
v  3.0922 0.3876 -0.1831
v  2.7933 0.3660 -0.2636
v  2.8680 0.3660 -0.2636
v  2.9428 0.3660 -0.2636
v  3.0175 0.3660 -0.2636
v  3.0922 0.3660 -0.2636
v  2.7933 0.3071 -0.3225
v  2.8680 0.3071 -0.3225
v  2.9428 0.3071 -0.3225
v  3.0175 0.3071 -0.3225
v  3.0922 0.3071 -0.3225
v  2.7186 0.2266 -0.3384
v  2.7186 0.1489 -0.3176
v  2.7186 0.0920 -0.2608
v  2.7186 0.0712 -0.1831
v  2.7186 0.0656 -0.1831
v  2.7186 0.0920 -0.1054
v  2.7186 0.1489 -0.0485
v  2.7186 0.2266 -0.0277
v  2.7186 0.3043 -0.0485
v  2.7186 0.3611 -0.1054
v  2.7186 0.3820 -0.1831
v  2.7186 0.3876 -0.1831
v  2.7186 0.3611 -0.2608
v  2.7186 0.3043 -0.3176
v  2.8680 0.2266 -0.3384
v  2.8680 0.1489 -0.3176
v  2.8680 0.0920 -0.2608
v  2.8680 0.0712 -0.1831
v  2.8680 0.0920 -0.1054
v  2.8680 0.1489 -0.0485
v  2.8680 0.2266 -0.0277
v  2.8680 0.3043 -0.0485
v  2.8680 0.3611 -0.1054
v  2.8680 0.3820 -0.1831
v  2.8680 0.3611 -0.2608
v  2.8680 0.3043 -0.3176
v  2.9428 0.1489 -0.3176
v  2.9428 0.2266 -0.3384
v  2.9428 0.2266 -0.0277
v  2.9428 0.1489 -0.0485
v  2.9428 0.0920 -0.1054
v  2.9428 0.0712 -0.1831
v  2.9428 0.0920 -0.2608
v  3.0175 0.2266 -0.3384
v  3.0175 0.1489 -0.3176
v  3.0175 0.0920 -0.2608
v  3.0175 0.0712 -0.1831
v  3.0175 0.0920 -0.1054
v  3.0175 0.1489 -0.0485
v  3.0175 0.2266 -0.0277
v  3.0175 0.3043 -0.0485
v  3.0175 0.3611 -0.1054
v  3.0175 0.3820 -0.1831
v  3.0175 0.3611 -0.2608
v  3.0175 0.3043 -0.3176
v  3.0922 0.0920 -0.1054
v  3.0922 0.0712 -0.1831
v  3.0922 0.0920 -0.2608
v  1.4051 0.0000 0.0360
v  2.7186 0.0000 0.0360
v  2.7186 -0.0805 0.0576
v  1.4051 -0.0805 0.0576
v  2.7186 -0.1394 0.1165
v  1.4051 -0.1394 0.1165
v  1.4051 -0.1394 0.2775
v  2.7186 -0.1394 0.2775
v  2.7186 -0.0805 0.3364
v  1.4051 -0.0805 0.3364
v  2.7186 0.0000 0.3580
v  1.4051 0.0000 0.3580
v  2.7186 0.0805 0.3364
v  1.4051 0.0805 0.3364
v  2.7186 0.1394 0.2775
v  1.4051 0.1394 0.2775
v  1.4051 0.1394 0.1165
v  2.7186 0.1394 0.1165
v  2.7186 0.0805 0.0576
v  1.4051 0.0805 0.0576
v  3.1591 0.0000 -0.0201
v  4.0360 0.0000 -0.0201
v  4.0360 -0.1086 0.0090
v  3.1591 -0.1086 0.0090
v  4.0360 -0.1880 0.0884
v  3.1591 -0.1880 0.0884
v  3.1591 -0.1880 0.3056
v  4.0360 -0.1880 0.3056
v  4.0360 -0.1086 0.3850
v  3.1591 -0.1086 0.3850
v  4.0360 0.0000 0.4141
v  3.1591 0.0000 0.4141
v  4.0360 0.1086 0.3850
v  3.1591 0.1086 0.3850
v  4.0360 0.1880 0.3056
v  3.1591 0.1880 0.3056
v  3.1591 0.1880 0.0884
v  4.0360 0.1880 0.0884
v  4.0360 0.1086 0.0090
v  3.1591 0.1086 0.0090
v  3.1591 0.0000 0.0360
v  3.1591 -0.0805 0.0576
v  3.1591 -0.1394 0.1165
v  3.1591 -0.2171 0.1970
v  3.1591 -0.1610 0.1970
v  3.1591 -0.1394 0.2775
v  3.1591 -0.0805 0.3364
v  3.1591 0.0000 0.3580
v  3.1591 0.0805 0.3364
v  3.1591 0.1394 0.2775
v  3.1591 0.2171 0.1970
v  3.1591 0.1610 0.1970
v  3.1591 0.1394 0.1165
v  3.1591 0.0805 0.0576
v  4.0360 -0.0805 0.0576
v  4.0360 0.0000 0.0360
v  4.0360 0.0805 0.0576
v  4.0360 0.1394 0.1165
v  4.0360 0.2171 0.1970
v  4.0360 0.1610 0.1970
v  4.0360 0.1394 0.2775
v  4.0360 0.0805 0.3364
v  4.0360 0.0000 0.3580
v  4.0360 -0.0805 0.3364
v  4.0360 -0.1394 0.2775
v  4.0360 -0.2171 0.1970
v  4.0360 -0.1610 0.1970
v  4.0360 -0.1394 0.1165
v  3.5614 0.0000 0.0360
v  3.5614 -0.0805 0.0576
v  3.5614 -0.1394 0.1165
v  3.5614 -0.1610 0.1970
v  3.5614 -0.1394 0.2775
v  3.5614 -0.0805 0.3364
v  3.5614 0.0000 0.3580
v  3.5614 0.0805 0.3364
v  3.5614 0.1394 0.2775
v  3.5614 0.1610 0.1970
v  3.5614 0.1394 0.1165
v  3.5614 0.0805 0.0576
v  2.7933 -0.0805 0.0576
v  2.7933 0.0000 0.0360
v  2.8680 0.0000 0.0360
v  2.8680 -0.0805 0.0576
v  2.9428 -0.0805 0.0576
v  2.9428 0.0000 0.0360
v  3.0175 0.0000 0.0360
v  3.0175 -0.0805 0.0576
v  3.0922 -0.0805 0.0576
v  3.0922 0.0000 0.0360
v  2.7933 -0.1394 0.1165
v  2.8680 -0.1394 0.1165
v  2.9428 -0.1394 0.1165
v  3.0175 -0.1394 0.1165
v  3.0922 -0.1394 0.1165
v  2.7933 -0.1610 0.1970
v  2.8680 -0.1610 0.1970
v  2.9428 -0.1610 0.1970
v  3.0175 -0.1610 0.1970
v  3.0922 -0.1610 0.1970
v  2.7933 -0.1394 0.2775
v  2.8680 -0.1394 0.2775
v  2.9428 -0.1394 0.2775
v  3.0175 -0.1394 0.2775
v  3.0922 -0.1394 0.2775
v  2.7933 -0.0805 0.3364
v  2.8680 -0.0805 0.3364
v  2.9428 -0.0805 0.3364
v  3.0175 -0.0805 0.3364
v  3.0922 -0.0805 0.3364
v  2.7933 0.0000 0.3580
v  2.8680 0.0000 0.3580
v  2.9428 0.0000 0.3580
v  3.0175 0.0000 0.3580
v  3.0922 0.0000 0.3580
v  2.7933 0.0805 0.3364
v  2.8680 0.0805 0.3364
v  2.9428 0.0805 0.3364
v  3.0175 0.0805 0.3364
v  3.0922 0.0805 0.3364
v  2.7933 0.1394 0.2775
v  2.8680 0.1394 0.2775
v  2.9428 0.1394 0.2775
v  3.0175 0.1394 0.2775
v  3.0922 0.1394 0.2775
v  2.7933 0.1610 0.1970
v  2.8680 0.1610 0.1970
v  2.9428 0.1610 0.1970
v  3.0175 0.1610 0.1970
v  3.0922 0.1610 0.1970
v  2.7933 0.1394 0.1165
v  2.8680 0.1394 0.1165
v  2.9428 0.1394 0.1165
v  3.0175 0.1394 0.1165
v  3.0922 0.1394 0.1165
v  2.7933 0.0805 0.0576
v  2.8680 0.0805 0.0576
v  2.9428 0.0805 0.0576
v  3.0175 0.0805 0.0576
v  3.0922 0.0805 0.0576
v  2.7186 0.0000 0.0416
v  2.7186 -0.0777 0.0624
v  2.7186 -0.1346 0.1193
v  2.7186 -0.1554 0.1970
v  2.7186 -0.1610 0.1970
v  2.7186 -0.1346 0.2747
v  2.7186 -0.0777 0.3316
v  2.7186 0.0000 0.3524
v  2.7186 0.0777 0.3316
v  2.7186 0.1346 0.2747
v  2.7186 0.1554 0.1970
v  2.7186 0.1610 0.1970
v  2.7186 0.1346 0.1193
v  2.7186 0.0777 0.0624
v  2.7933 -0.0777 0.0624
v  2.7933 0.0000 0.0416
v  2.7933 0.0000 0.3524
v  2.7933 -0.0777 0.3316
v  2.7933 -0.1346 0.2747
v  2.7933 -0.1554 0.1970
v  2.7933 -0.1346 0.1193
v  2.8680 0.0000 0.0416
v  2.8680 -0.0777 0.0624
v  2.8680 -0.1346 0.1193
v  2.8680 -0.1554 0.1970
v  2.8680 -0.1346 0.2747
v  2.8680 -0.0777 0.3316
v  2.8680 0.0000 0.3524
v  2.8680 0.0777 0.3316
v  2.8680 0.1346 0.2747
v  2.8680 0.1554 0.1970
v  2.8680 0.1346 0.1193
v  2.8680 0.0777 0.0624
v  2.9428 -0.0777 0.0624
v  2.9428 0.0000 0.0416
v  2.9428 0.0777 0.0624
v  2.9428 0.1346 0.1193
v  2.9428 0.1554 0.1970
v  2.9428 0.1346 0.2747
v  2.9428 0.0777 0.3316
v  2.9428 0.0000 0.3524
v  2.9428 -0.0777 0.3316
v  2.9428 -0.1346 0.2747
v  2.9428 -0.1554 0.1970
v  2.9428 -0.1346 0.1193
v  3.0175 0.0000 0.0416
v  3.0175 -0.0777 0.0624
v  3.0175 -0.1346 0.1193
v  3.0175 -0.1554 0.1970
v  3.0175 -0.1346 0.2747
v  3.0175 -0.0777 0.3316
v  3.0175 0.0000 0.3524
v  3.0175 0.0777 0.3316
v  3.0175 0.1346 0.2747
v  3.0175 0.1554 0.1970
v  3.0175 0.1346 0.1193
v  3.0175 0.0777 0.0624
v  3.0922 -0.0777 0.0624
v  3.0922 0.0000 0.0416
v  3.0922 0.0777 0.0624
v  3.0922 0.0777 0.3316
v  3.0922 0.0000 0.3524
v  3.0922 -0.0777 0.3316
v  3.0922 -0.1346 0.2747
v  3.0922 -0.1554 0.1970
v  3.0922 -0.1346 0.1193
# 749 vertices

vn -0.0000 0.3435 0.9392
vn -0.0000 0.6827 0.7307
vn -0.2110 0.6493 0.7307
vn -0.1061 0.3267 0.9392
vn -0.4013 0.5523 0.7307
vn -0.2019 0.2779 0.9392
vn -0.5523 0.4013 0.7307
vn -0.2779 0.2019 0.9392
vn -0.6493 0.2110 0.7307
vn -0.3267 0.1061 0.9392
vn -0.6827 -0.0000 0.7307
vn -0.3435 -0.0000 0.9392
vn -0.6493 -0.2110 0.7307
vn -0.3267 -0.1061 0.9392
vn -0.5523 -0.4013 0.7307
vn -0.2779 -0.2019 0.9392
vn -0.4013 -0.5523 0.7307
vn -0.2019 -0.2779 0.9392
vn -0.2110 -0.6493 0.7307
vn -0.1061 -0.3267 0.9392
vn 0.0000 -0.6827 0.7307
vn 0.0000 -0.3435 0.9392
vn 0.2110 -0.6493 0.7307
vn 0.1061 -0.3267 0.9392
vn 0.4013 -0.5523 0.7307
vn 0.2019 -0.2779 0.9392
vn 0.5523 -0.4013 0.7307
vn 0.2779 -0.2019 0.9392
vn 0.6493 -0.2110 0.7307
vn 0.3267 -0.1061 0.9392
vn 0.6827 0.0000 0.7307
vn 0.3435 0.0000 0.9392
vn 0.6493 0.2110 0.7307
vn 0.3267 0.1061 0.9392
vn 0.5523 0.4013 0.7307
vn 0.2779 0.2019 0.9392
vn 0.4013 0.5523 0.7307
vn 0.2019 0.2779 0.9392
vn 0.2110 0.6493 0.7307
vn 0.1061 0.3267 0.9392
vn -0.0000 0.8910 0.4540
vn -0.2753 0.8474 0.4540
vn -0.5237 0.7208 0.4540
vn -0.7208 0.5237 0.4540
vn -0.8474 0.2753 0.4540
vn -0.8910 -0.0000 0.4540
vn -0.8474 -0.2753 0.4540
vn -0.7208 -0.5237 0.4540
vn -0.5237 -0.7208 0.4540
vn -0.2753 -0.8474 0.4540
vn 0.0000 -0.8910 0.4540
vn 0.2753 -0.8474 0.4540
vn 0.5237 -0.7208 0.4540
vn 0.7208 -0.5237 0.4540
vn 0.8474 -0.2753 0.4540
vn 0.8910 0.0000 0.4540
vn 0.8474 0.2753 0.4540
vn 0.7208 0.5237 0.4540
vn 0.5237 0.7208 0.4540
vn 0.2753 0.8474 0.4540
vn -0.0000 0.8910 -0.4540
vn -0.0000 0.8143 -0.5805
vn -0.2516 0.7744 -0.5805
vn -0.2753 0.8474 -0.4540
vn -0.4786 0.6588 -0.5805
vn -0.5237 0.7208 -0.4540
vn -0.6588 0.4786 -0.5805
vn -0.7208 0.5237 -0.4540
vn -0.7744 0.2516 -0.5805
vn -0.8474 0.2753 -0.4540
vn -0.8143 -0.0000 -0.5805
vn -0.8910 -0.0000 -0.4540
vn -0.7744 -0.2516 -0.5805
vn -0.8474 -0.2753 -0.4540
vn -0.6588 -0.4786 -0.5805
vn -0.7208 -0.5237 -0.4540
vn -0.4786 -0.6588 -0.5805
vn -0.5237 -0.7208 -0.4540
vn -0.2516 -0.7744 -0.5805
vn -0.2753 -0.8474 -0.4540
vn 0.0000 -0.8143 -0.5805
vn 0.0000 -0.8910 -0.4540
vn 0.2516 -0.7744 -0.5805
vn 0.2753 -0.8474 -0.4540
vn 0.4786 -0.6588 -0.5805
vn 0.5237 -0.7208 -0.4540
vn 0.6588 -0.4786 -0.5805
vn 0.7208 -0.5237 -0.4540
vn 0.7744 -0.2516 -0.5805
vn 0.8474 -0.2753 -0.4540
vn 0.8143 0.0000 -0.5805
vn 0.8910 0.0000 -0.4540
vn 0.7744 0.2516 -0.5805
vn 0.8474 0.2753 -0.4540
vn 0.6588 0.4786 -0.5805
vn 0.7208 0.5237 -0.4540
vn 0.4786 0.6588 -0.5805
vn 0.5237 0.7208 -0.4540
vn 0.2516 0.7744 -0.5805
vn 0.2753 0.8474 -0.4540
vn -0.0000 0.5978 -0.8016
vn -0.1847 0.5686 -0.8016
vn -0.3514 0.4837 -0.8016
vn -0.4837 0.3514 -0.8016
vn -0.5686 0.1847 -0.8016
vn -0.5978 -0.0000 -0.8016
vn -0.5686 -0.1847 -0.8016
vn -0.4837 -0.3514 -0.8016
vn -0.3514 -0.4837 -0.8016
vn -0.1847 -0.5686 -0.8016
vn 0.0000 -0.5978 -0.8016
vn 0.1847 -0.5686 -0.8016
vn 0.3514 -0.4837 -0.8016
vn 0.4837 -0.3514 -0.8016
vn 0.5686 -0.1847 -0.8016
vn 0.5978 0.0000 -0.8016
vn 0.5686 0.1847 -0.8016
vn 0.4837 0.3514 -0.8016
vn 0.3514 0.4837 -0.8016
vn 0.1847 0.5686 -0.8016
vn -0.0000 0.3230 -0.9464
vn -0.0998 0.3072 -0.9464
vn -0.1899 0.2613 -0.9464
vn -0.2613 0.1899 -0.9464
vn -0.3072 0.0998 -0.9464
vn -0.3230 -0.0000 -0.9464
vn -0.3072 -0.0998 -0.9464
vn -0.2613 -0.1899 -0.9464
vn -0.1899 -0.2613 -0.9464
vn -0.0998 -0.3072 -0.9464
vn 0.0000 -0.3230 -0.9464
vn 0.0998 -0.3072 -0.9464
vn 0.1899 -0.2613 -0.9464
vn 0.2613 -0.1899 -0.9464
vn 0.3072 -0.0998 -0.9464
vn 0.3230 0.0000 -0.9464
vn 0.3072 0.0998 -0.9464
vn 0.2613 0.1899 -0.9464
vn 0.1899 0.2613 -0.9464
vn 0.0998 0.3072 -0.9464
vn 0.0000 0.0000 -1.0000
vn -0.0000 -0.0000 -1.0000
vn -0.0000 0.5000 -0.8660
vn 0.6533 0.3785 -0.6557
vn 0.6532 0.0000 -0.7572
vn -0.0000 0.7071 -0.7071
vn 0.8574 0.3639 -0.3639
vn 0.0000 0.7071 0.7071
vn 0.0000 0.5000 0.8660
vn 0.6532 0.3786 0.6557
vn 0.8575 0.3637 0.3637
vn 0.0000 -0.0000 1.0000
vn 0.6532 0.0000 0.7572
vn 0.0000 -0.5000 0.8660
vn 0.6532 -0.3786 0.6557
vn 0.0000 -0.7071 0.7071
vn 0.8575 -0.3638 0.3638
vn 0.0000 -0.7071 -0.7071
vn -0.0000 -0.5000 -0.8660
vn 0.6532 -0.3786 -0.6557
vn 0.8575 -0.3638 -0.3638
vn -0.6532 -0.0000 -0.7572
vn -0.6532 0.3786 -0.6557
vn 0.6532 0.3786 -0.6557
vn 0.6532 -0.0000 -0.7572
vn -0.8575 0.3637 -0.3637
vn 0.8575 0.3638 -0.3638
vn -0.8574 0.3639 0.3639
vn -0.6533 0.3785 0.6557
vn 0.8575 0.3638 0.3638
vn -0.6532 0.0000 0.7572
vn -0.6532 -0.3786 0.6557
vn -0.8575 -0.3638 0.3638
vn -0.8575 -0.3637 -0.3637
vn -0.6532 -0.3786 -0.6557
vn -0.7703 -0.0000 -0.6377
vn -0.7702 0.3189 -0.5523
vn -0.7703 0.5522 -0.3189
vn -0.7703 0.6377 -0.0000
vn -1.0000 0.0000 0.0000
vn -0.7702 0.5523 0.3189
vn -0.7703 0.3189 0.5523
vn -0.7703 0.0000 0.6377
vn -0.7702 -0.3189 0.5523
vn -0.7703 -0.5523 0.3188
vn -0.7702 -0.6378 -0.0000
vn -0.7703 -0.5522 -0.3189
vn -0.7703 -0.3189 -0.5523
vn 0.7703 -0.3189 0.5523
vn 0.7703 0.0000 0.6377
vn 0.7703 0.3189 0.5523
vn 0.7703 0.5523 0.3189
vn 0.7703 0.6377 -0.0000
vn 1.0000 0.0000 0.0000
vn 0.7703 0.5523 -0.3189
vn 0.7703 0.3189 -0.5523
vn 0.7702 -0.0000 -0.6378
vn 0.7703 -0.3189 -0.5522
vn 0.7703 -0.5523 -0.3189
vn 0.7703 -0.6377 0.0000
vn 0.7703 -0.5523 0.3189
vn 0.0000 -0.5001 0.8660
vn 0.0000 0.0000 1.0000
vn -0.0000 -0.8660 0.5000
vn 0.0000 -1.0000 -0.0000
vn 0.0000 -0.8660 -0.5000
vn -0.0000 0.0000 -1.0000
vn 0.0000 0.5000 -0.8660
vn 0.0000 0.8660 -0.5000
vn 0.0000 1.0000 -0.0000
vn -0.0000 0.8660 0.5000
vn 0.6533 0.3786 -0.6557
vn -0.6533 0.0000 -0.7571
vn -0.6533 0.3786 -0.6557
vn 0.6533 -0.0000 -0.7571
vn -0.6533 -0.0000 -0.7571
vn -0.6532 0.0000 -0.7572
vn -0.6532 0.6558 -0.3786
vn 0.6532 0.6557 -0.3786
vn -0.6532 0.6557 -0.3786
vn -0.6532 0.7572 -0.0000
vn 0.6532 0.7572 0.0000
vn -0.6533 0.7571 0.0000
vn -0.6532 0.7572 0.0000
vn -0.6532 0.6557 0.3786
vn 0.6532 0.6557 0.3786
vn -0.6532 0.3786 0.6557
vn 0.6533 0.0000 0.7571
vn 0.6533 -0.3786 0.6557
vn -0.6532 -0.6557 0.3786
vn 0.6532 -0.6557 0.3786
vn -0.6532 -0.7572 -0.0000
vn 0.6532 -0.7572 0.0000
vn -0.6532 -0.7572 0.0000
vn -0.6532 -0.6557 -0.3786
vn 0.6532 -0.6557 -0.3786
vn -0.6533 -0.3786 -0.6557
vn -1.0000 -0.0000 -0.0000
vn -1.0000 0.0000 -0.0000
vn 0.6533 -0.3785 -0.6557
vn 0.8574 -0.3639 -0.3639
vn -0.0000 -0.7071 -0.7071
vn 0.6532 -0.0000 0.7572
vn 0.0000 0.7071 -0.7071
vn -0.8575 -0.3638 -0.3638
vn -0.6532 -0.3786 0.6558
vn -0.6533 0.0000 0.7571
vn -0.8575 0.3638 0.3638
vn -0.8575 0.3638 -0.3638
vn 0.8575 0.3637 -0.3637
vn 0.6532 0.3785 -0.6557
vn -0.7703 -0.5523 0.3189
vn -0.7703 0.5523 0.3189
vn -0.7703 0.6377 0.0000
vn -0.7703 0.5523 -0.3189
vn -0.7703 0.3189 -0.5523
vn 0.7703 0.3188 0.5523
vn 0.7703 -0.0000 0.6377
vn 0.7702 -0.5523 0.3189
vn 0.7703 -0.6377 -0.0000
vn 0.7703 -0.3188 -0.5522
vn 0.7702 0.0000 -0.6378
vn 0.7703 0.3189 -0.5522
vn 0.7703 0.6377 0.0000
vn 0.7703 0.5523 0.3188
vn 0.0000 -0.5000 -0.8660
vn 0.0000 -0.0000 -1.0000
vn -0.6533 -0.3785 -0.6557
vn -0.3961 -0.0000 -0.9182
vn 0.6533 -0.6557 -0.3785
vn 0.6532 -0.6558 -0.3786
vn -0.3961 -0.7952 -0.4591
vn -0.6533 -0.7571 0.0000
vn 0.6533 -0.7571 0.0000
vn 0.0000 -0.8660 0.5000
vn 0.6533 -0.6557 0.3785
vn -0.3961 -0.7952 0.4591
vn -0.0000 -0.5000 0.8660
vn 0.6533 -0.3785 0.6557
vn -0.0000 -0.0000 1.0000
vn 0.6533 -0.0000 0.7571
vn -0.3961 -0.0000 0.9182
vn -0.0000 0.5000 0.8660
vn 0.6532 0.3786 0.6558
vn 0.0000 0.8660 0.5000
vn 0.6532 0.6558 0.3786
vn -0.0000 1.0000 0.0000
vn -0.0000 0.8660 -0.5000
vn 1.0000 -0.0000 0.0000
vn 0.6533 0.3785 0.6557
vn -0.8574 -0.3639 0.3639
vn -0.6532 -0.0000 0.7572
vn -0.8574 0.3639 -0.3639
vn -0.7702 0.0000 -0.6378
vn -0.7703 -0.3188 -0.5523
vn -0.7702 -0.5523 -0.3189
vn -0.7703 -0.6377 -0.0000
vn -0.7703 -0.3189 0.5523
vn -0.7703 -0.0000 0.6377
vn -0.7703 0.5523 -0.3188
vn -0.7703 0.3188 -0.5522
vn 0.7703 -0.3188 0.5523
vn 0.7703 -0.5523 0.3188
vn 0.7703 -0.5523 -0.3188
vn 0.7703 -0.3188 -0.5523
vn 0.7703 0.0000 -0.6377
vn 0.0000 1.0000 0.0000
vn -0.0000 -0.8660 -0.5000
vn -0.0000 -1.0000 -0.0000
vn -0.3960 -0.0000 -0.9182
vn -0.6533 -0.6557 -0.3785
vn 0.6533 -0.7571 -0.0000
vn 0.6532 -0.6557 0.3785
vn 0.6532 -0.6558 0.3786
vn -0.6533 -0.6557 0.3786
vn -0.3960 0.4591 0.7952
vn 0.6533 0.6557 0.3785
vn -0.6532 0.6557 0.3785
vn -0.0000 0.8661 0.4999
vn 0.6532 0.7572 -0.0000
vn 0.6533 0.6557 -0.3786
vn -0.6533 0.6557 -0.3786
vn -0.3961 0.4591 -0.7952
# 323 vertex normals

vt 0.1361 0.3847 0.1064
vt 0.1361 0.4456 0.0585
vt 0.0986 0.4347 0.0585
vt 0.1088 0.3768 0.1064
vt 0.0648 0.4031 0.0585
vt 0.0843 0.3539 0.1064
vt 0.0380 0.3539 0.0585
vt 0.0648 0.3181 0.1064
vt 0.0207 0.2918 0.0585
vt 0.0523 0.2730 0.1064
vt 0.0148 0.2230 0.0585
vt 0.0480 0.2230 0.1064
vt 0.0207 0.1543 0.0585
vt 0.0523 0.1731 0.1064
vt 0.0380 0.0922 0.0585
vt 0.0648 0.1280 0.1064
vt 0.0648 0.0430 0.0585
vt 0.0843 0.0922 0.1064
vt 0.0986 0.0114 0.0585
vt 0.1088 0.0693 0.1064
vt 0.1361 0.0005 0.0585
vt 0.1361 0.0614 0.1064
vt 0.1735 0.0114 0.0585
vt 0.1633 0.0693 0.1064
vt 0.2073 0.0430 0.0585
vt 0.1878 0.0922 0.1064
vt 0.2341 0.0922 0.0585
vt 0.2073 0.1280 0.1064
vt 0.2514 0.1543 0.0585
vt 0.2198 0.1731 0.1064
vt 0.2573 0.2230 0.0585
vt 0.2241 0.2230 0.1064
vt 0.2514 0.2918 0.0585
vt 0.2198 0.2730 0.1064
vt 0.2341 0.3539 0.0585
vt 0.2073 0.3181 0.1064
vt 0.2073 0.4031 0.0585
vt 0.1878 0.3539 0.1064
vt 0.1735 0.4347 0.0585
vt 0.1633 0.3768 0.1064
vt 0.6620 0.9931 0.0438
vt 0.6620 0.9146 0.1313
vt 0.7075 0.9146 0.1026
vt 0.7007 0.9931 0.0195
vt 0.7485 0.9146 0.0195
vt 0.7355 0.9931 -0.0512
vt 0.7810 0.9146 -0.1100
vt 0.7632 0.9931 -0.1614
vt 0.0207 0.3768 -0.1064
vt 0.0005 0.3039 -0.1064
vt 0.3423 0.2462 0.0287
vt 0.3330 0.1879 -0.0049
vt 0.3949 0.1879 -0.0165
vt 0.3949 0.2462 0.0188
vt 0.4568 0.1879 -0.0049
vt 0.4476 0.2462 0.0287
vt 0.0005 0.1422 -0.1064
vt 0.0207 0.0693 -0.1064
vt 0.3095 0.9931 0.1614
vt 0.2917 0.9146 0.1100
vt 0.3243 0.9146 -0.0195
vt 0.3372 0.9931 0.0512
vt 0.3653 0.9146 -0.1026
vt 0.3721 0.9931 -0.0195
vt 0.4107 0.9146 -0.1313
vt 0.4107 0.9931 -0.0438
vt 0.4562 0.9146 -0.1026
vt 0.4494 0.9931 -0.0195
vt 0.4972 0.9146 -0.0195
vt 0.4843 0.9931 0.0512
vt 0.5297 0.9146 0.1100
vt 0.5119 0.9931 0.1614
vt 0.2514 0.0693 -0.1064
vt 0.2716 0.1422 -0.1064
vt 0.8207 0.2462 -0.0287
vt 0.8114 0.1879 0.0049
vt 0.8733 0.1879 0.0165
vt 0.8733 0.2462 -0.0188
vt 0.9352 0.1879 0.0049
vt 0.9260 0.2462 -0.0287
vt 0.2716 0.3039 -0.1064
vt 0.2514 0.3768 -0.1064
vt 0.5608 0.9931 -0.1614
vt 0.5430 0.9146 -0.1100
vt 0.5756 0.9146 0.0195
vt 0.5885 0.9931 -0.0512
vt 0.6166 0.9146 0.1026
vt 0.6233 0.9931 0.0195
vt 0.6620 0.7405 0.1313
vt 0.6620 0.6620 0.0438
vt 0.7007 0.6620 0.0195
vt 0.7075 0.7405 0.1026
vt 0.7355 0.6620 -0.0512
vt 0.7485 0.7405 0.0195
vt 0.7632 0.6620 -0.1614
vt 0.7810 0.7405 -0.1100
vt 0.2635 0.9323 0.2104
vt 0.2458 0.9087 0.0406
vt 0.2635 0.8448 0.0406
vt 0.2843 0.8572 0.2104
vt 0.3330 0.0588 -0.0049
vt 0.3423 0.0005 0.0287
vt 0.3949 0.0005 0.0188
vt 0.3949 0.0588 -0.0165
vt 0.4476 0.0005 0.0287
vt 0.4568 0.0588 -0.0049
vt 0.2843 0.6908 0.2104
vt 0.2635 0.7033 0.0406
vt 0.2458 0.6394 0.0406
vt 0.2635 0.6158 0.2104
vt 0.2917 0.7405 0.1100
vt 0.3095 0.6620 0.1614
vt 0.3372 0.6620 0.0512
vt 0.3243 0.7405 -0.0195
vt 0.3721 0.6620 -0.0195
vt 0.3653 0.7405 -0.1026
vt 0.4107 0.6620 -0.0438
vt 0.4107 0.7405 -0.1313
vt 0.4494 0.6620 -0.0195
vt 0.4562 0.7405 -0.1026
vt 0.4843 0.6620 0.0512
vt 0.4972 0.7405 -0.0195
vt 0.5119 0.6620 0.1614
vt 0.5297 0.7405 0.1100
vt 0.0262 0.6158 0.2104
vt 0.0439 0.6394 0.0406
vt 0.0262 0.7033 0.0406
vt 0.0053 0.6908 0.2104
vt 0.8114 0.0588 0.0049
vt 0.8207 0.0005 -0.0287
vt 0.8733 0.0005 -0.0188
vt 0.8733 0.0588 0.0165
vt 0.9260 0.0005 -0.0287
vt 0.9352 0.0588 0.0049
vt 0.0053 0.8572 0.2104
vt 0.0262 0.8448 0.0406
vt 0.0439 0.9087 0.0406
vt 0.0262 0.9323 0.2104
vt 0.5430 0.7405 -0.1100
vt 0.5608 0.6620 -0.1614
vt 0.5885 0.6620 -0.0512
vt 0.5756 0.7405 0.0195
vt 0.6233 0.6620 0.0195
vt 0.6166 0.7405 0.1026
vt 0.6620 0.5997 -0.0923
vt 0.6901 0.5997 -0.1100
vt 0.1834 0.9919 0.0406
vt 0.1729 0.9323 -0.0941
vt 0.1981 0.9087 -0.0941
vt 0.2182 0.9593 0.0406
vt 0.2182 0.8719 -0.0941
vt 0.2311 0.8255 -0.0941
vt 0.2355 0.7740 -0.0941
vt 0.2696 0.7740 0.0406
vt 0.2311 0.7226 -0.0941
vt 0.2182 0.6762 -0.0941
vt 0.1981 0.6394 -0.0941
vt 0.2182 0.5888 0.0406
vt 0.1729 0.6158 -0.0941
vt 0.1834 0.5562 0.0406
vt 0.3826 0.5997 0.1100
vt 0.4107 0.5997 0.0923
vt 0.4388 0.5997 0.1100
vt 0.1063 0.5562 0.0406
vt 0.1168 0.6158 -0.0941
vt 0.0916 0.6394 -0.0941
vt 0.0715 0.5888 0.0406
vt 0.0715 0.6762 -0.0941
vt 0.0586 0.7226 -0.0941
vt 0.0542 0.7740 -0.0941
vt 0.0201 0.7740 0.0406
vt 0.0586 0.8255 -0.0941
vt 0.0715 0.8719 -0.0941
vt 0.0916 0.9087 -0.0941
vt 0.0715 0.9593 0.0406
vt 0.1168 0.9323 -0.0941
vt 0.1063 0.9919 0.0406
vt 0.6339 0.5997 -0.1100
vt 0.1448 0.9404 -0.0941
vt 0.1448 0.8615 -0.1806
vt 0.1596 0.8572 -0.1806
vt 0.1729 0.8448 -0.1806
vt 0.1834 0.8255 -0.1806
vt 0.1902 0.8011 -0.1806
vt 0.1925 0.7740 -0.1806
vt 0.1902 0.7470 -0.1806
vt 0.1834 0.7226 -0.1806
vt 0.1729 0.7033 -0.1806
vt 0.1596 0.6908 -0.1806
vt 0.1448 0.6866 -0.1806
vt 0.1448 0.6076 -0.0941
vt 0.1301 0.6908 -0.1806
vt 0.1168 0.7033 -0.1806
vt 0.1063 0.7226 -0.1806
vt 0.0995 0.7470 -0.1806
vt 0.0972 0.7740 -0.1806
vt 0.0995 0.8011 -0.1806
vt 0.1063 0.8255 -0.1806
vt 0.1168 0.8448 -0.1806
vt 0.1301 0.8572 -0.1806
vt 0.1448 0.7740 -0.2104
vt 0.6118 0.3672 -0.0054
vt 0.6118 0.3859 0.0054
vt 0.4451 0.3859 0.0054
vt 0.4451 0.3672 -0.0054
vt 0.7012 0.0682 -0.0206
vt 0.7012 0.0820 0.0096
vt 0.5321 0.0820 0.0096
vt 0.5321 0.0682 -0.0206
vt 0.7012 0.1197 0.0096
vt 0.7012 0.1335 -0.0206
vt 0.5321 0.1335 -0.0206
vt 0.5321 0.1197 0.0096
vt 0.2180 0.4294 -0.0054
vt 0.2180 0.4107 0.0054
vt 0.3847 0.4107 0.0054
vt 0.3847 0.4294 -0.0054
vt 0.2180 0.3919 -0.0054
vt 0.3847 0.3919 -0.0054
vt 0.5176 0.0659 0.0206
vt 0.5176 0.0521 -0.0096
vt 0.6867 0.0521 -0.0096
vt 0.6867 0.0659 0.0206
vt 0.5176 0.0143 -0.0096
vt 0.5176 0.0005 0.0206
vt 0.6867 0.0005 0.0206
vt 0.6867 0.0143 -0.0096
vt 0.6118 0.3484 0.0054
vt 0.4451 0.3484 0.0054
vt 0.8614 0.4162 -0.0070
vt 0.8614 0.4406 0.0070
vt 0.7543 0.4406 0.0070
vt 0.7543 0.4162 -0.0070
vt 0.9851 0.2518 -0.0271
vt 0.9851 0.2699 0.0126
vt 0.8752 0.2699 0.0126
vt 0.8752 0.2518 -0.0271
vt 0.9851 0.3195 0.0126
vt 0.9851 0.3376 -0.0271
vt 0.8752 0.3376 -0.0271
vt 0.8752 0.3195 0.0126
vt 0.7543 0.3874 -0.0070
vt 0.7543 0.3631 0.0070
vt 0.8614 0.3631 0.0070
vt 0.8614 0.3874 -0.0070
vt 0.7543 0.3388 -0.0070
vt 0.8614 0.3388 -0.0070
vt 0.0102 0.5309 0.0271
vt 0.0102 0.5128 -0.0126
vt 0.1201 0.5128 -0.0126
vt 0.1201 0.5309 0.0271
vt 0.0102 0.4632 -0.0126
vt 0.0102 0.4451 0.0271
vt 0.1201 0.4451 0.0271
vt 0.1201 0.4632 -0.0126
vt 0.8614 0.3919 0.0070
vt 0.7543 0.3919 0.0070
vt 0.6045 0.3945 0.0000
vt 0.5938 0.3974 0.0000
vt 0.5900 0.3909 0.0000
vt 0.6045 0.3871 0.0000
vt 0.5859 0.4052 0.0000
vt 0.5794 0.4014 0.0000
vt 0.5830 0.4158 0.0000
vt 0.5756 0.4158 0.0000
vt 0.5859 0.4265 0.0000
vt 0.5794 0.4302 0.0000
vt 0.5938 0.4342 0.0000
vt 0.5900 0.4407 0.0000
vt 0.6045 0.4371 0.0000
vt 0.6045 0.4445 0.0000
vt 0.6152 0.4342 0.0000
vt 0.6190 0.4407 0.0000
vt 0.6231 0.4265 0.0000
vt 0.6296 0.4302 0.0000
vt 0.6260 0.4158 0.0000
vt 0.6334 0.4158 0.0000
vt 0.6231 0.4052 0.0000
vt 0.6296 0.4014 0.0000
vt 0.6152 0.3974 0.0000
vt 0.6190 0.3909 0.0000
vt 0.9728 0.9434 0.0000
vt 0.9621 0.9406 0.0000
vt 0.9621 0.9331 0.0000
vt 0.9766 0.9370 0.0000
vt 0.9514 0.9434 0.0000
vt 0.9476 0.9370 0.0000
vt 0.9435 0.9512 0.0000
vt 0.9370 0.9475 0.0000
vt 0.9406 0.9619 0.0000
vt 0.9331 0.9619 0.0000
vt 0.9435 0.9725 0.0000
vt 0.9370 0.9762 0.0000
vt 0.9514 0.9803 0.0000
vt 0.9476 0.9867 0.0000
vt 0.9621 0.9832 0.0000
vt 0.9621 0.9906 0.0000
vt 0.9728 0.9803 0.0000
vt 0.9766 0.9867 0.0000
vt 0.9807 0.9725 0.0000
vt 0.9872 0.9762 0.0000
vt 0.9836 0.9619 0.0000
vt 0.9910 0.9619 0.0000
vt 0.9807 0.9512 0.0000
vt 0.9872 0.9475 0.0000
vt 0.4581 0.5079 -0.0051
vt 0.4581 0.5255 0.0051
vt 0.4016 0.5255 0.0051
vt 0.4016 0.5079 -0.0051
vt 0.0706 0.5514 -0.0149
vt 0.0706 0.5651 0.0149
vt 0.0102 0.5651 0.0149
vt 0.0102 0.5514 -0.0149
vt 0.3905 0.4692 -0.0051
vt 0.3905 0.4867 0.0051
vt 0.3339 0.4867 0.0051
vt 0.3339 0.4692 -0.0051
vt 0.3905 0.4886 0.0051
vt 0.3905 0.5061 -0.0051
vt 0.3339 0.5061 -0.0051
vt 0.3339 0.4886 0.0051
vt 0.8631 0.6045 0.0149
vt 0.8631 0.6182 -0.0149
vt 0.8027 0.6182 -0.0149
vt 0.8027 0.6045 0.0149
vt 0.4692 0.5255 -0.0051
vt 0.4692 0.5079 0.0051
vt 0.5257 0.5079 0.0051
vt 0.5257 0.5255 -0.0051
vt 0.4692 0.4868 0.0051
vt 0.4692 0.4692 -0.0051
vt 0.5257 0.4692 -0.0051
vt 0.5257 0.4868 0.0051
vt 0.3581 0.4442 0.0149
vt 0.3581 0.4306 -0.0149
vt 0.4185 0.4306 -0.0149
vt 0.4185 0.4442 0.0149
vt 0.2663 0.5254 0.0051
vt 0.2663 0.5079 -0.0051
vt 0.3229 0.5079 -0.0051
vt 0.3229 0.5254 0.0051
vt 0.2663 0.4867 -0.0051
vt 0.2663 0.4692 0.0051
vt 0.3229 0.4692 0.0051
vt 0.3229 0.4867 -0.0051
vt 0.6915 0.0383 -0.0149
vt 0.6915 0.0247 0.0149
vt 0.7519 0.0247 0.0149
vt 0.7519 0.0383 -0.0149
vt 0.5499 0.4499 0.0051
vt 0.5499 0.4675 -0.0051
vt 0.4934 0.4675 -0.0051
vt 0.4934 0.4499 0.0051
vt 0.6696 0.5503 0.0040
vt 0.6625 0.5503 0.0040
vt 0.6625 0.5363 -0.0040
vt 0.6696 0.5363 -0.0040
vt 0.0172 0.5986 0.0040
vt 0.0102 0.5986 0.0040
vt 0.0102 0.5847 -0.0040
vt 0.0172 0.5847 -0.0040
vt 0.7219 0.5450 0.0040
vt 0.7157 0.5450 0.0040
vt 0.7157 0.5313 -0.0040
vt 0.7219 0.5313 -0.0040
vt 0.9747 0.8815 0.0077
vt 0.9670 0.8815 0.0077
vt 0.9670 0.8703 -0.0167
vt 0.9747 0.8703 -0.0167
vt 0.0421 0.5819 0.0077
vt 0.0343 0.5819 0.0077
vt 0.0343 0.5707 -0.0167
vt 0.0421 0.5707 -0.0167
vt 0.6549 0.4078 0.0076
vt 0.6480 0.4078 0.0076
vt 0.6480 0.3968 -0.0165
vt 0.6549 0.3968 -0.0165
vt 0.9747 0.8967 0.0167
vt 0.9670 0.8967 0.0167
vt 0.0421 0.5971 0.0167
vt 0.0343 0.5971 0.0167
vt 0.6549 0.4229 0.0165
vt 0.6480 0.4229 0.0165
vt 0.9747 0.9120 0.0077
vt 0.9670 0.9120 0.0077
vt 0.0421 0.6124 0.0077
vt 0.0343 0.6124 0.0077
vt 0.6549 0.4380 0.0076
vt 0.6480 0.4380 0.0076
vt 0.9747 0.9232 -0.0167
vt 0.9670 0.9232 -0.0167
vt 0.0421 0.6236 -0.0167
vt 0.0343 0.6236 -0.0167
vt 0.6549 0.4490 -0.0165
vt 0.6480 0.4490 -0.0165
vt 0.7350 0.3865 0.0040
vt 0.7421 0.3865 0.0040
vt 0.7421 0.4005 -0.0040
vt 0.7350 0.4005 -0.0040
vt 0.7350 0.4155 0.0040
vt 0.7421 0.4155 0.0040
vt 0.7421 0.4295 -0.0040
vt 0.7350 0.4295 -0.0040
vt 0.7157 0.4733 0.0040
vt 0.7219 0.4733 0.0040
vt 0.7219 0.4870 -0.0040
vt 0.7157 0.4870 -0.0040
vt 0.7350 0.3726 -0.0040
vt 0.7421 0.3726 -0.0040
vt 0.7350 0.4016 -0.0040
vt 0.7421 0.4016 -0.0040
vt 0.7157 0.4596 -0.0040
vt 0.7219 0.4596 -0.0040
vt 0.9621 0.8492 -0.0077
vt 0.9699 0.8492 -0.0077
vt 0.9699 0.8603 0.0167
vt 0.9621 0.8603 0.0167
vt 0.9573 0.9120 -0.0077
vt 0.9651 0.9120 -0.0077
vt 0.9651 0.9232 0.0167
vt 0.9573 0.9232 0.0167
vt 0.6577 0.4380 -0.0076
vt 0.6646 0.4380 -0.0076
vt 0.6646 0.4490 0.0165
vt 0.6577 0.4490 0.0165
vt 0.9621 0.8339 -0.0167
vt 0.9699 0.8339 -0.0167
vt 0.9573 0.8967 -0.0167
vt 0.9651 0.8967 -0.0167
vt 0.6577 0.4229 -0.0165
vt 0.6646 0.4229 -0.0165
vt 0.9621 0.8187 -0.0077
vt 0.9699 0.8187 -0.0077
vt 0.9573 0.8815 -0.0077
vt 0.9651 0.8815 -0.0077
vt 0.6577 0.4078 -0.0076
vt 0.6646 0.4078 -0.0076
vt 0.9621 0.8075 0.0167
vt 0.9699 0.8075 0.0167
vt 0.9573 0.8703 0.0167
vt 0.9651 0.8703 0.0167
vt 0.6577 0.3968 0.0165
vt 0.6646 0.3968 0.0165
vt 0.6625 0.5224 0.0040
vt 0.6696 0.5224 0.0040
vt 0.0102 0.5707 0.0040
vt 0.0172 0.5707 0.0040
vt 0.7157 0.5176 0.0040
vt 0.7219 0.5176 0.0040
vt 0.4547 0.5659 0.0000
vt 0.4654 0.5687 0.0000
vt 0.4651 0.5694 0.0000
vt 0.4547 0.5666 0.0000
vt 0.5276 0.6770 0.0000
vt 0.5355 0.6848 0.0000
vt 0.5348 0.6852 0.0000
vt 0.5272 0.6777 0.0000
vt 0.9966 0.4161 0.0000
vt 0.9995 0.4268 0.0000
vt 0.9987 0.4268 0.0000
vt 0.9960 0.4165 0.0000
vt 0.9947 0.8317 0.0000
vt 0.9918 0.8423 0.0000
vt 0.9911 0.8420 0.0000
vt 0.9939 0.8317 0.0000
vt 0.5355 0.6291 0.0000
vt 0.5276 0.6369 0.0000
vt 0.5272 0.6362 0.0000
vt 0.5348 0.6287 0.0000
vt 0.4316 0.5714 0.0000
vt 0.4209 0.5742 0.0000
vt 0.4209 0.5735 0.0000
vt 0.4312 0.5707 0.0000
vt 0.4558 0.5742 0.0000
vt 0.4451 0.5714 0.0000
vt 0.4454 0.5707 0.0000
vt 0.4558 0.5735 0.0000
vt 0.4626 0.6417 0.0000
vt 0.4547 0.6339 0.0000
vt 0.4554 0.6335 0.0000
vt 0.4630 0.6411 0.0000
vt 0.9988 0.2093 0.0000
vt 0.9960 0.1986 0.0000
vt 0.9967 0.1986 0.0000
vt 0.9995 0.2089 0.0000
vt 0.9960 0.6297 0.0000
vt 0.9988 0.6190 0.0000
vt 0.9995 0.6194 0.0000
vt 0.9967 0.6297 0.0000
vt 0.5466 0.6510 0.0000
vt 0.5544 0.6432 0.0000
vt 0.5548 0.6438 0.0000
vt 0.5472 0.6514 0.0000
vt 0.7688 0.0323 0.0000
vt 0.7795 0.0295 0.0000
vt 0.7795 0.0302 0.0000
vt 0.7692 0.0330 0.0000
vt 0.8123 0.6944 0.0000
vt 0.8230 0.6915 0.0000
vt 0.8230 0.6923 0.0000
vt 0.8127 0.6950 0.0000
vt 0.4161 0.5756 0.0000
vt 0.4268 0.5784 0.0000
vt 0.4264 0.5790 0.0000
vt 0.4161 0.5763 0.0000
vt 0.5469 0.6335 0.0000
vt 0.5548 0.6413 0.0000
vt 0.5541 0.6417 0.0000
vt 0.5466 0.6342 0.0000
vt 0.7163 0.5756 0.0000
vt 0.7192 0.5862 0.0000
vt 0.7185 0.5862 0.0000
vt 0.7157 0.5759 0.0000
vt 0.9995 0.6045 0.0000
vt 0.9966 0.6152 0.0000
vt 0.9960 0.6149 0.0000
vt 0.9987 0.6045 0.0000
vt 0.4775 0.5904 0.0000
vt 0.4696 0.5982 0.0000
vt 0.4692 0.5976 0.0000
vt 0.4768 0.5900 0.0000
vt 0.1465 0.5907 0.0000
vt 0.1358 0.5935 0.0000
vt 0.1358 0.5928 0.0000
vt 0.1461 0.5900 0.0000
vt 0.4993 0.5839 0.0000
vt 0.4886 0.5810 0.0000
vt 0.4889 0.5804 0.0000
vt 0.4993 0.5831 0.0000
vt 0.4868 0.6030 0.0000
vt 0.4789 0.5953 0.0000
vt 0.4796 0.5949 0.0000
vt 0.4871 0.6024 0.0000
vt 0.7089 0.4799 0.0000
vt 0.7060 0.4692 0.0000
vt 0.7068 0.4692 0.0000
vt 0.7096 0.4795 0.0000
vt 0.2856 0.6829 0.0000
vt 0.2885 0.6722 0.0000
vt 0.2891 0.6726 0.0000
vt 0.2864 0.6829 0.0000
vt 0.5756 0.5785 0.0000
vt 0.5834 0.5707 0.0000
vt 0.5838 0.5714 0.0000
vt 0.5762 0.5789 0.0000
vt 0.7302 0.5804 0.0000
vt 0.7409 0.5832 0.0000
vt 0.7405 0.5839 0.0000
vt 0.7302 0.5811 0.0000
vt 0.5276 0.6577 0.0000
vt 0.5355 0.6655 0.0000
vt 0.5348 0.6659 0.0000
vt 0.5272 0.6583 0.0000
vt 0.9966 0.3871 0.0000
vt 0.9995 0.3978 0.0000
vt 0.9987 0.3978 0.0000
vt 0.9960 0.3875 0.0000
vt 0.0137 0.6142 0.0000
vt 0.0108 0.6249 0.0000
vt 0.0102 0.6245 0.0000
vt 0.0129 0.6142 0.0000
vt 0.5065 0.6242 0.0000
vt 0.4986 0.6320 0.0000
vt 0.4982 0.6314 0.0000
vt 0.5058 0.6239 0.0000
vt 0.8472 0.6825 0.0000
vt 0.8365 0.6853 0.0000
vt 0.8365 0.6846 0.0000
vt 0.8468 0.6819 0.0000
vt 0.4799 0.5742 0.0000
vt 0.4692 0.5714 0.0000
vt 0.4696 0.5707 0.0000
vt 0.4799 0.5735 0.0000
vt 0.7139 0.5885 0.0000
vt 0.7060 0.5808 0.0000
vt 0.7067 0.5804 0.0000
vt 0.7143 0.5879 0.0000
vt 0.9988 0.3253 0.0000
vt 0.9960 0.3146 0.0000
vt 0.9967 0.3146 0.0000
vt 0.9995 0.3249 0.0000
vt 0.9960 0.6587 0.0000
vt 0.9988 0.6480 0.0000
vt 0.9995 0.6484 0.0000
vt 0.9967 0.6587 0.0000
vt 0.5514 0.6220 0.0000
vt 0.5592 0.6142 0.0000
vt 0.5596 0.6149 0.0000
vt 0.5520 0.6224 0.0000
vt 0.7205 0.0517 0.0000
vt 0.7312 0.0488 0.0000
vt 0.7312 0.0496 0.0000
vt 0.7209 0.0523 0.0000
vt 0.3726 0.5929 0.0000
vt 0.3833 0.5900 0.0000
vt 0.3833 0.5908 0.0000
vt 0.3730 0.5935 0.0000
vt 0.2373 0.6142 0.0000
vt 0.2480 0.6171 0.0000
vt 0.2476 0.6177 0.0000
vt 0.2373 0.6149 0.0000
vt 0.4503 0.6480 0.0000
vt 0.4581 0.6558 0.0000
vt 0.4575 0.6562 0.0000
vt 0.4499 0.6487 0.0000
vt 0.9966 0.3291 0.0000
vt 0.9995 0.3398 0.0000
vt 0.9987 0.3398 0.0000
vt 0.9960 0.3295 0.0000
vt 0.9995 0.1841 0.0000
vt 0.9966 0.1948 0.0000
vt 0.9960 0.1944 0.0000
vt 0.9987 0.1841 0.0000
vt 0.5258 0.5856 0.0000
vt 0.5179 0.5934 0.0000
vt 0.5176 0.5927 0.0000
vt 0.5251 0.5852 0.0000
vt 0.7940 0.0446 0.0000
vt 0.7833 0.0475 0.0000
vt 0.7833 0.0467 0.0000
vt 0.7937 0.0440 0.0000
vt 0.8085 0.0475 0.0000
vt 0.7978 0.0446 0.0000
vt 0.7982 0.0440 0.0000
vt 0.8085 0.0467 0.0000
vt 0.5061 0.6514 0.0000
vt 0.4982 0.6436 0.0000
vt 0.4989 0.6432 0.0000
vt 0.5065 0.6507 0.0000
vt 0.0565 0.5814 0.0000
vt 0.0537 0.5707 0.0000
vt 0.0544 0.5707 0.0000
vt 0.0572 0.5810 0.0000
vt 0.9960 0.1513 0.0000
vt 0.9988 0.1406 0.0000
vt 0.9995 0.1410 0.0000
vt 0.9967 0.1513 0.0000
vt 0.5900 0.5785 0.0000
vt 0.5979 0.5707 0.0000
vt 0.5983 0.5714 0.0000
vt 0.5907 0.5789 0.0000
vt 0.3968 0.5707 0.0000
vt 0.4075 0.5736 0.0000
vt 0.4071 0.5742 0.0000
vt 0.3968 0.5715 0.0000
vt 0.5276 0.6964 0.0000
vt 0.5355 0.7042 0.0000
vt 0.5348 0.7045 0.0000
vt 0.5272 0.6970 0.0000
vt 0.9966 0.2711 0.0000
vt 0.9995 0.2818 0.0000
vt 0.9987 0.2818 0.0000
vt 0.9960 0.2715 0.0000
vt 0.8545 0.6529 0.0000
vt 0.8516 0.6635 0.0000
vt 0.8510 0.6632 0.0000
vt 0.8538 0.6529 0.0000
vt 0.5065 0.5856 0.0000
vt 0.4986 0.5934 0.0000
vt 0.4982 0.5927 0.0000
vt 0.5058 0.5852 0.0000
vt 0.3833 0.5810 0.0000
vt 0.3726 0.5839 0.0000
vt 0.3726 0.5831 0.0000
vt 0.3829 0.5804 0.0000
vt 0.5718 0.5694 0.0000
vt 0.5611 0.5665 0.0000
vt 0.5614 0.5659 0.0000
vt 0.5718 0.5686 0.0000
vt 0.5351 0.6755 0.0000
vt 0.5272 0.6677 0.0000
vt 0.5279 0.6674 0.0000
vt 0.5355 0.6749 0.0000
vt 0.1822 0.5282 0.0000
vt 0.1793 0.5176 0.0000
vt 0.1800 0.5176 0.0000
vt 0.1828 0.5279 0.0000
vt 0.9960 0.4847 0.0000
vt 0.9988 0.4741 0.0000
vt 0.9995 0.4744 0.0000
vt 0.9967 0.4847 0.0000
vt 0.5611 0.5785 0.0000
vt 0.5689 0.5707 0.0000
vt 0.5693 0.5714 0.0000
vt 0.5617 0.5789 0.0000
vt 0.7350 0.0517 0.0000
vt 0.7457 0.0488 0.0000
vt 0.7457 0.0496 0.0000
vt 0.7354 0.0523 0.0000
vt 0.4789 0.5687 0.0000
vt 0.4896 0.5659 0.0000
vt 0.4896 0.5666 0.0000
vt 0.4793 0.5694 0.0000
vt 0.6915 0.0488 0.0000
vt 0.7022 0.0517 0.0000
vt 0.7019 0.0523 0.0000
vt 0.6915 0.0496 0.0000
vt 0.5808 0.6480 0.0000
vt 0.5886 0.6558 0.0000
vt 0.5880 0.6562 0.0000
vt 0.5804 0.6487 0.0000
vt 0.9966 0.5176 0.0000
vt 0.9995 0.5282 0.0000
vt 0.9987 0.5282 0.0000
vt 0.9960 0.5179 0.0000
vt 0.9995 0.1551 0.0000
vt 0.9966 0.1658 0.0000
vt 0.9960 0.1654 0.0000
vt 0.9987 0.1551 0.0000
vt 0.4920 0.5856 0.0000
vt 0.4841 0.5934 0.0000
vt 0.4837 0.5927 0.0000
vt 0.4913 0.5852 0.0000
vt 0.5476 0.5665 0.0000
vt 0.5369 0.5694 0.0000
vt 0.5369 0.5686 0.0000
vt 0.5472 0.5659 0.0000
vt 0.5862 0.5645 0.0000
vt 0.5756 0.5617 0.0000
vt 0.5759 0.5611 0.0000
vt 0.5862 0.5638 0.0000
vt 0.4674 0.6272 0.0000
vt 0.4596 0.6194 0.0000
vt 0.4602 0.6190 0.0000
vt 0.4678 0.6266 0.0000
vt 0.9940 0.8182 0.0000
vt 0.9911 0.8075 0.0000
vt 0.9919 0.8075 0.0000
vt 0.9947 0.8178 0.0000
vt 0.9960 0.5572 0.0000
vt 0.9988 0.5466 0.0000
vt 0.9995 0.5469 0.0000
vt 0.9967 0.5572 0.0000
vt 0.5514 0.5930 0.0000
vt 0.5592 0.5852 0.0000
vt 0.5596 0.5859 0.0000
vt 0.5520 0.5934 0.0000
vt 0.6215 0.2899 -0.0054
vt 0.4547 0.2899 -0.0054
vt 0.4547 0.2711 0.0054
vt 0.6215 0.2711 0.0054
vt 0.2759 0.2566 0.0206
vt 0.4451 0.2566 0.0206
vt 0.4451 0.2704 -0.0096
vt 0.2759 0.2704 -0.0096
vt 0.2759 0.3082 -0.0096
vt 0.4451 0.3082 -0.0096
vt 0.4451 0.3220 0.0206
vt 0.2759 0.3220 0.0206
vt 0.4547 0.3098 -0.0054
vt 0.6215 0.3098 -0.0054
vt 0.6215 0.3285 0.0054
vt 0.4547 0.3285 0.0054
vt 0.6215 0.3473 -0.0054
vt 0.4547 0.3473 -0.0054
vt 0.6915 0.2012 -0.0206
vt 0.5224 0.2012 -0.0206
vt 0.5224 0.1874 0.0096
vt 0.6915 0.1874 0.0096
vt 0.6915 0.1496 0.0096
vt 0.5224 0.1496 0.0096
vt 0.5224 0.1358 -0.0206
vt 0.6915 0.1358 -0.0206
vt 0.6215 0.3086 0.0054
vt 0.4547 0.3086 0.0054
vt 0.8614 0.5757 -0.0070
vt 0.7543 0.5757 -0.0070
vt 0.7543 0.5514 0.0070
vt 0.8614 0.5514 0.0070
vt 0.8752 0.4257 0.0271
vt 0.9851 0.4257 0.0271
vt 0.9851 0.4439 -0.0126
vt 0.8752 0.4439 -0.0126
vt 0.8752 0.4934 -0.0126
vt 0.9851 0.4934 -0.0126
vt 0.9851 0.5116 0.0271
vt 0.8752 0.5116 0.0271
vt 0.7543 0.4982 -0.0070
vt 0.8614 0.4982 -0.0070
vt 0.8614 0.5226 0.0070
vt 0.7543 0.5226 0.0070
vt 0.8614 0.5469 -0.0070
vt 0.7543 0.5469 -0.0070
vt 0.9851 0.4246 -0.0271
vt 0.8752 0.4246 -0.0271
vt 0.8752 0.4065 0.0126
vt 0.9851 0.4065 0.0126
vt 0.9851 0.3569 0.0126
vt 0.8752 0.3569 0.0126
vt 0.8752 0.3388 -0.0271
vt 0.9851 0.3388 -0.0271
vt 0.8614 0.6000 0.0070
vt 0.7543 0.6000 0.0070
vt 0.6528 0.2930 0.0000
vt 0.6528 0.2856 0.0000
vt 0.6673 0.2895 0.0000
vt 0.6635 0.2959 0.0000
vt 0.6779 0.3000 0.0000
vt 0.6714 0.3037 0.0000
vt 0.6818 0.3143 0.0000
vt 0.6743 0.3143 0.0000
vt 0.6779 0.3287 0.0000
vt 0.6714 0.3250 0.0000
vt 0.6673 0.3392 0.0000
vt 0.6635 0.3328 0.0000
vt 0.6528 0.3430 0.0000
vt 0.6528 0.3356 0.0000
vt 0.6383 0.3392 0.0000
vt 0.6421 0.3328 0.0000
vt 0.6278 0.3287 0.0000
vt 0.6342 0.3250 0.0000
vt 0.6239 0.3143 0.0000
vt 0.6314 0.3143 0.0000
vt 0.6278 0.3000 0.0000
vt 0.6342 0.3037 0.0000
vt 0.6383 0.2895 0.0000
vt 0.6421 0.2959 0.0000
vt 0.2168 0.4795 0.0000
vt 0.2131 0.4731 0.0000
vt 0.2276 0.4692 0.0000
vt 0.2276 0.4767 0.0000
vt 0.2420 0.4731 0.0000
vt 0.2383 0.4795 0.0000
vt 0.2526 0.4836 0.0000
vt 0.2462 0.4873 0.0000
vt 0.2565 0.4980 0.0000
vt 0.2490 0.4980 0.0000
vt 0.2526 0.5123 0.0000
vt 0.2462 0.5086 0.0000
vt 0.2420 0.5228 0.0000
vt 0.2383 0.5164 0.0000
vt 0.2276 0.5267 0.0000
vt 0.2276 0.5192 0.0000
vt 0.2131 0.5228 0.0000
vt 0.2168 0.5164 0.0000
vt 0.2025 0.5123 0.0000
vt 0.2090 0.5086 0.0000
vt 0.1986 0.4980 0.0000
vt 0.2061 0.4980 0.0000
vt 0.2025 0.4836 0.0000
vt 0.2090 0.4873 0.0000
vt 0.5934 0.4868 -0.0051
vt 0.5369 0.4868 -0.0051
vt 0.5369 0.4692 0.0051
vt 0.5934 0.4692 0.0051
vt 0.5031 0.4306 0.0149
vt 0.5635 0.4306 0.0149
vt 0.5635 0.4442 -0.0149
vt 0.5031 0.4442 -0.0149
vt 0.3581 0.4499 0.0051
vt 0.4147 0.4499 0.0051
vt 0.4147 0.4674 -0.0051
vt 0.3581 0.4674 -0.0051
vt 0.8075 0.6239 -0.0051
vt 0.8641 0.6239 -0.0051
vt 0.8641 0.6414 0.0051
vt 0.8075 0.6414 0.0051
vt 0.4306 0.4306 -0.0149
vt 0.4910 0.4306 -0.0149
vt 0.4910 0.4442 0.0149
vt 0.4306 0.4442 0.0149
vt 0.4692 0.4886 -0.0051
vt 0.5257 0.4886 -0.0051
vt 0.5257 0.5062 0.0051
vt 0.4692 0.5062 0.0051
vt 0.6142 0.3581 0.0051
vt 0.6707 0.3581 0.0051
vt 0.6707 0.3757 -0.0051
vt 0.6142 0.3757 -0.0051
vt 0.0706 0.5457 -0.0149
vt 0.0102 0.5457 -0.0149
vt 0.0102 0.5321 0.0149
vt 0.0706 0.5321 0.0149
vt 0.3229 0.5061 -0.0051
vt 0.2663 0.5061 -0.0051
vt 0.2663 0.4886 0.0051
vt 0.3229 0.4886 0.0051
vt 0.8110 0.0180 0.0051
vt 0.7543 0.0180 0.0051
vt 0.7543 0.0005 -0.0051
vt 0.8110 0.0005 -0.0051
vt 0.7519 0.0142 0.0149
vt 0.6915 0.0142 0.0149
vt 0.6915 0.0005 -0.0149
vt 0.7519 0.0005 -0.0149
vt 0.6175 0.4675 0.0051
vt 0.5611 0.4675 0.0051
vt 0.5611 0.4499 -0.0051
vt 0.6175 0.4499 -0.0051
vt 0.7421 0.4596 0.0040
vt 0.7421 0.4735 -0.0040
vt 0.7350 0.4735 -0.0040
vt 0.7350 0.4596 0.0040
vt 0.7904 0.7012 0.0040
vt 0.7904 0.7151 -0.0040
vt 0.7833 0.7151 -0.0040
vt 0.7833 0.7012 0.0040
vt 0.7219 0.4016 0.0040
vt 0.7219 0.4153 -0.0040
vt 0.7157 0.4153 -0.0040
vt 0.7157 0.4016 0.0040
vt 0.9766 0.8815 -0.0077
vt 0.9766 0.8703 0.0167
vt 0.9844 0.8703 0.0167
vt 0.9844 0.8815 -0.0077
vt 0.9815 0.8187 -0.0077
vt 0.9815 0.8075 0.0167
vt 0.9892 0.8075 0.0167
vt 0.9892 0.8187 -0.0077
vt 0.6045 0.4803 -0.0076
vt 0.6045 0.4692 0.0165
vt 0.6114 0.4692 0.0165
vt 0.6114 0.4803 -0.0076
vt 0.9766 0.8967 -0.0167
vt 0.9844 0.8967 -0.0167
vt 0.9815 0.8339 -0.0167
vt 0.9892 0.8339 -0.0167
vt 0.6045 0.4954 -0.0165
vt 0.6114 0.4954 -0.0165
vt 0.9766 0.9120 -0.0077
vt 0.9844 0.9120 -0.0077
vt 0.9815 0.8492 -0.0077
vt 0.9892 0.8492 -0.0077
vt 0.6045 0.5104 -0.0076
vt 0.6114 0.5104 -0.0076
vt 0.9766 0.9232 0.0167
vt 0.9844 0.9232 0.0167
vt 0.9815 0.8603 0.0167
vt 0.9892 0.8603 0.0167
vt 0.6045 0.5215 0.0165
vt 0.6114 0.5215 0.0165
vt 0.7350 0.5025 0.0040
vt 0.7350 0.4886 -0.0040
vt 0.7421 0.4886 -0.0040
vt 0.7421 0.5025 0.0040
vt 0.7350 0.5315 0.0040
vt 0.7350 0.5176 -0.0040
vt 0.7421 0.5176 -0.0040
vt 0.7421 0.5315 0.0040
vt 0.7157 0.5023 0.0040
vt 0.7157 0.4886 -0.0040
vt 0.7219 0.4886 -0.0040
vt 0.7219 0.5023 0.0040
vt 0.7350 0.5164 -0.0040
vt 0.7421 0.5164 -0.0040
vt 0.7350 0.5454 -0.0040
vt 0.7421 0.5454 -0.0040
vt 0.7157 0.5160 -0.0040
vt 0.7219 0.5160 -0.0040
vt 0.9796 0.8492 0.0077
vt 0.9796 0.8603 -0.0167
vt 0.9718 0.8603 -0.0167
vt 0.9718 0.8492 0.0077
vt 0.9941 0.9120 0.0077
vt 0.9941 0.9232 -0.0167
vt 0.9863 0.9232 -0.0167
vt 0.9863 0.9120 0.0077
vt 0.6356 0.4766 0.0076
vt 0.6356 0.4877 -0.0165
vt 0.6287 0.4877 -0.0165
vt 0.6287 0.4766 0.0076
vt 0.9796 0.8339 0.0167
vt 0.9718 0.8339 0.0167
vt 0.9941 0.8967 0.0167
vt 0.9863 0.8967 0.0167
vt 0.6356 0.4615 0.0165
vt 0.6287 0.4615 0.0165
vt 0.9796 0.8187 0.0077
vt 0.9718 0.8187 0.0077
vt 0.9941 0.8815 0.0077
vt 0.9863 0.8815 0.0077
vt 0.6356 0.4465 0.0076
vt 0.6287 0.4465 0.0076
vt 0.9796 0.8075 -0.0167
vt 0.9718 0.8075 -0.0167
vt 0.9941 0.8703 -0.0167
vt 0.9863 0.8703 -0.0167
vt 0.6356 0.4354 -0.0165
vt 0.6287 0.4354 -0.0165
vt 0.7421 0.4875 0.0040
vt 0.7350 0.4875 0.0040
vt 0.7904 0.7291 0.0040
vt 0.7833 0.7291 0.0040
vt 0.7219 0.4290 0.0040
vt 0.7157 0.4290 0.0040
vt 0.7409 0.5852 0.0000
vt 0.7409 0.5860 0.0000
vt 0.7306 0.5887 0.0000
vt 0.7302 0.5881 0.0000
vt 0.5592 0.5997 0.0000
vt 0.5596 0.6004 0.0000
vt 0.5520 0.6079 0.0000
vt 0.5514 0.6075 0.0000
vt 0.9988 0.2421 0.0000
vt 0.9995 0.2425 0.0000
vt 0.9967 0.2528 0.0000
vt 0.9960 0.2528 0.0000
vt 0.7060 0.2614 0.0000
vt 0.7068 0.2614 0.0000
vt 0.7096 0.2718 0.0000
vt 0.7089 0.2721 0.0000
vt 0.4789 0.6242 0.0000
vt 0.4796 0.6239 0.0000
vt 0.4871 0.6314 0.0000
vt 0.4868 0.6320 0.0000
vt 0.3726 0.5859 0.0000
vt 0.3730 0.5852 0.0000
vt 0.3833 0.5880 0.0000
vt 0.3833 0.5887 0.0000
vt 0.3726 0.5790 0.0000
vt 0.3726 0.5783 0.0000
vt 0.3829 0.5756 0.0000
vt 0.3833 0.5762 0.0000
vt 0.4744 0.6514 0.0000
vt 0.4741 0.6507 0.0000
vt 0.4817 0.6432 0.0000
vt 0.4823 0.6436 0.0000
vt 0.9966 0.2383 0.0000
vt 0.9960 0.2379 0.0000
vt 0.9987 0.2276 0.0000
vt 0.9995 0.2276 0.0000
vt 0.9995 0.6732 0.0000
vt 0.9987 0.6732 0.0000
vt 0.9960 0.6629 0.0000
vt 0.9966 0.6625 0.0000
vt 0.5886 0.6268 0.0000
vt 0.5880 0.6272 0.0000
vt 0.5804 0.6197 -0.0000
vt 0.5808 0.6190 -0.0000
vt 0.6926 0.3658 0.0000
vt 0.6922 0.3664 0.0000
vt 0.6819 0.3637 0.0000
vt 0.6819 0.3629 0.0000
vt 0.6104 0.5611 0.0000
vt 0.6104 0.5618 0.0000
vt 0.6001 0.5645 0.0000
vt 0.5997 0.5639 0.0000
vt 0.5544 0.6094 0.0000
vt 0.5548 0.6100 0.0000
vt 0.5472 0.6175 0.0000
vt 0.5466 0.6172 0.0000
vt 0.9988 0.5900 0.0000
vt 0.9995 0.5904 0.0000
vt 0.9967 0.6007 0.0000
vt 0.9960 0.6007 0.0000
vt 0.4016 0.5852 0.0000
vt 0.4023 0.5852 0.0000
vt 0.4051 0.5955 0.0000
vt 0.4045 0.5959 0.0000
vt 0.4596 0.6001 0.0000
vt 0.4602 0.5997 0.0000
vt 0.4678 0.6072 0.0000
vt 0.4674 0.6079 0.0000
vt 0.5514 0.5617 0.0000
vt 0.5518 0.5611 0.0000
vt 0.5621 0.5638 0.0000
vt 0.5621 0.5645 0.0000
vt 0.5031 0.5645 0.0000
vt 0.5031 0.5638 0.0000
vt 0.5134 0.5611 0.0000
vt 0.5138 0.5617 0.0000
vt 0.4599 0.6514 0.0000
vt 0.4596 0.6507 0.0000
vt 0.4672 0.6432 0.0000
vt 0.4678 0.6436 0.0000
vt 0.1799 0.5427 0.0000
vt 0.1793 0.5424 0.0000
vt 0.1821 0.5321 0.0000
vt 0.1828 0.5321 0.0000
vt 0.9995 0.5137 0.0000
vt 0.9987 0.5137 0.0000
vt 0.9960 0.5034 0.0000
vt 0.9966 0.5031 0.0000
vt 0.5886 0.6462 0.0000
vt 0.5880 0.6465 0.0000
vt 0.5804 0.6390 0.0000
vt 0.5808 0.6384 0.0000
vt 0.8037 0.6316 0.0000
vt 0.8033 0.6322 0.0000
vt 0.7930 0.6294 0.0000
vt 0.7930 0.6287 0.0000
vt 0.4413 0.5639 0.0000
vt 0.4409 0.5645 0.0000
vt 0.4306 0.5618 0.0000
vt 0.4306 0.5611 0.0000
vt 0.3919 0.5790 0.0000
vt 0.3919 0.5783 0.0000
vt 0.4022 0.5756 0.0000
vt 0.4026 0.5762 0.0000
vt 0.5276 0.6079 0.0000
vt 0.5272 0.6072 0.0000
vt 0.5348 0.5997 0.0000
vt 0.5355 0.6001 0.0000
vt 0.7453 0.1755 0.0000
vt 0.7447 0.1751 0.0000
vt 0.7475 0.1648 0.0000
vt 0.7482 0.1648 0.0000
vt 0.9995 0.2238 0.0000
vt 0.9987 0.2238 0.0000
vt 0.9960 0.2135 0.0000
vt 0.9966 0.2131 0.0000
vt 0.9800 0.6800 0.0000
vt 0.9794 0.6804 0.0000
vt 0.9718 0.6728 0.0000
vt 0.9722 0.6722 0.0000
vt 0.7409 0.5900 0.0000
vt 0.7409 0.5908 0.0000
vt 0.7306 0.5935 0.0000
vt 0.7302 0.5929 0.0000
vt 0.5544 0.6529 0.0000
vt 0.5548 0.6535 0.0000
vt 0.5472 0.6610 0.0000
vt 0.5466 0.6607 0.0000
vt 0.9988 0.2566 0.0000
vt 0.9995 0.2570 0.0000
vt 0.9967 0.2673 0.0000
vt 0.9960 0.2673 0.0000
vt 0.0682 0.5707 0.0000
vt 0.0689 0.5707 0.0000
vt 0.0717 0.5810 0.0000
vt 0.0710 0.5814 0.0000
vt 0.5272 0.6194 0.0000
vt 0.5279 0.6190 0.0000
vt 0.5355 0.6266 0.0000
vt 0.5351 0.6272 0.0000
vt 0.4547 0.5617 0.0000
vt 0.4551 0.5611 0.0000
vt 0.4654 0.5638 0.0000
vt 0.4654 0.5645 0.0000
vt 0.2808 0.6709 0.0000
vt 0.2808 0.6701 0.0000
vt 0.2911 0.6674 0.0000
vt 0.2915 0.6680 0.0000
vt 0.5469 0.5789 0.0000
vt 0.5466 0.5782 0.0000
vt 0.5541 0.5707 0.0000
vt 0.5548 0.5711 0.0000
vt 0.4457 0.5959 0.0000
vt 0.4451 0.5955 0.0000
vt 0.4479 0.5852 0.0000
vt 0.4486 0.5852 0.0000
vt 0.9995 0.3833 0.0000
vt 0.9987 0.3833 0.0000
vt 0.9960 0.3730 0.0000
vt 0.9966 0.3726 0.0000
vt 0.9655 0.6800 0.0000
vt 0.9649 0.6804 0.0000
vt 0.9573 0.6728 0.0000
vt 0.9577 0.6722 0.0000
vt 0.3833 0.5736 0.0000
vt 0.3829 0.5742 0.0000
vt 0.3726 0.5715 0.0000
vt 0.3726 0.5707 0.0000
vt 0.8082 0.7167 0.0000
vt 0.8075 0.7163 0.0000
vt 0.8103 0.7060 0.0000
vt 0.8110 0.7060 0.0000
vt 0.9995 0.5717 0.0000
vt 0.9987 0.5717 0.0000
vt 0.9960 0.5614 0.0000
vt 0.9966 0.5611 0.0000
vt 0.3460 0.4493 -0.0054
vt 0.1793 0.4493 -0.0054
vt 0.1793 0.4306 0.0054
vt 0.3460 0.4306 0.0054
vt 0.2663 0.3243 0.0206
vt 0.4354 0.3243 0.0206
vt 0.4354 0.3381 -0.0096
vt 0.2663 0.3381 -0.0096
vt 0.2663 0.3758 -0.0096
vt 0.4354 0.3758 -0.0096
vt 0.4354 0.3897 0.0206
vt 0.2663 0.3897 0.0206
vt 0.3968 0.3919 -0.0054
vt 0.5635 0.3919 -0.0054
vt 0.5635 0.4107 0.0054
vt 0.3968 0.4107 0.0054
vt 0.5635 0.4294 -0.0054
vt 0.3968 0.4294 -0.0054
vt 0.6239 0.2688 -0.0206
vt 0.4547 0.2688 -0.0206
vt 0.4547 0.2550 0.0096
vt 0.6239 0.2550 0.0096
vt 0.6239 0.2173 0.0096
vt 0.4547 0.2173 0.0096
vt 0.4547 0.2035 -0.0206
vt 0.6239 0.2035 -0.0206
vt 0.3460 0.4681 0.0054
vt 0.1793 0.4681 0.0054
vt 0.9822 0.6240 -0.0070
vt 0.8752 0.6240 -0.0070
vt 0.8752 0.5997 0.0070
vt 0.9822 0.5997 0.0070
vt 0.7543 0.2518 0.0271
vt 0.8643 0.2518 0.0271
vt 0.8643 0.2699 -0.0126
vt 0.7543 0.2699 -0.0126
vt 0.7543 0.3195 -0.0126
vt 0.8643 0.3195 -0.0126
vt 0.8643 0.3376 0.0271
vt 0.7543 0.3376 0.0271
vt 0.7543 0.4451 -0.0070
vt 0.8614 0.4451 -0.0070
vt 0.8614 0.4694 0.0070
vt 0.7543 0.4694 0.0070
vt 0.8614 0.4937 -0.0070
vt 0.7543 0.4937 -0.0070
vt 0.9851 0.5986 -0.0271
vt 0.8752 0.5986 -0.0271
vt 0.8752 0.5804 0.0126
vt 0.9851 0.5804 0.0126
vt 0.9851 0.5309 0.0126
vt 0.8752 0.5309 0.0126
vt 0.8752 0.5127 -0.0271
vt 0.9851 0.5127 -0.0271
vt 0.9822 0.6484 0.0070
vt 0.8752 0.6484 0.0070
vt 0.1406 0.5395 0.0000
vt 0.1406 0.5321 0.0000
vt 0.1551 0.5359 0.0000
vt 0.1513 0.5423 0.0000
vt 0.1657 0.5464 0.0000
vt 0.1592 0.5501 0.0000
vt 0.1695 0.5608 0.0000
vt 0.1621 0.5608 0.0000
vt 0.1657 0.5751 0.0000
vt 0.1592 0.5714 0.0000
vt 0.1551 0.5856 0.0000
vt 0.1513 0.5792 0.0000
vt 0.1406 0.5895 0.0000
vt 0.1406 0.5821 0.0000
vt 0.1261 0.5856 0.0000
vt 0.1299 0.5792 0.0000
vt 0.1155 0.5751 0.0000
vt 0.1220 0.5714 0.0000
vt 0.1116 0.5608 0.0000
vt 0.1191 0.5608 0.0000
vt 0.1155 0.5464 0.0000
vt 0.1220 0.5501 0.0000
vt 0.1261 0.5359 0.0000
vt 0.1299 0.5423 0.0000
vt 0.1492 0.4747 0.0000
vt 0.1454 0.4683 0.0000
vt 0.1599 0.4644 0.0000
vt 0.1599 0.4718 0.0000
vt 0.1744 0.4683 0.0000
vt 0.1706 0.4747 0.0000
vt 0.1850 0.4788 0.0000
vt 0.1785 0.4825 0.0000
vt 0.1889 0.4931 0.0000
vt 0.1814 0.4931 0.0000
vt 0.1850 0.5075 0.0000
vt 0.1785 0.5038 0.0000
vt 0.1744 0.5180 0.0000
vt 0.1706 0.5116 0.0000
vt 0.1599 0.5218 0.0000
vt 0.1599 0.5144 0.0000
vt 0.1454 0.5180 0.0000
vt 0.1492 0.5116 0.0000
vt 0.1349 0.5075 0.0000
vt 0.1413 0.5038 0.0000
vt 0.1310 0.4931 0.0000
vt 0.1385 0.4931 0.0000
vt 0.1349 0.4788 0.0000
vt 0.1413 0.4825 0.0000
vt 0.9172 0.6705 -0.0051
vt 0.8607 0.6705 -0.0051
vt 0.8607 0.6529 0.0051
vt 0.9172 0.6529 0.0051
vt 0.6335 0.2614 0.0149
vt 0.6940 0.2614 0.0149
vt 0.6940 0.2751 -0.0149
vt 0.6335 0.2751 -0.0149
vt 0.4016 0.4692 0.0051
vt 0.4582 0.4692 0.0051
vt 0.4582 0.4867 -0.0051
vt 0.4016 0.4867 -0.0051
vt 0.4257 0.4499 -0.0051
vt 0.4823 0.4499 -0.0051
vt 0.4823 0.4674 0.0051
vt 0.4257 0.4674 0.0051
vt 0.6335 0.2228 -0.0149
vt 0.6940 0.2228 -0.0149
vt 0.6940 0.2364 0.0149
vt 0.6335 0.2364 0.0149
vt 0.9283 0.6529 -0.0051
vt 0.9848 0.6529 -0.0051
vt 0.9848 0.6705 0.0051
vt 0.9283 0.6705 0.0051
vt 0.5369 0.4886 0.0051
vt 0.5934 0.4886 0.0051
vt 0.5934 0.5062 -0.0051
vt 0.5369 0.5062 -0.0051
vt 0.6940 0.2171 -0.0149
vt 0.6335 0.2171 -0.0149
vt 0.6335 0.2035 0.0149
vt 0.6940 0.2035 0.0149
vt 0.4582 0.5061 -0.0051
vt 0.4016 0.5061 -0.0051
vt 0.4016 0.4886 0.0051
vt 0.4582 0.4886 0.0051
vt 0.3905 0.5254 0.0051
vt 0.3339 0.5254 0.0051
vt 0.3339 0.5079 -0.0051
vt 0.3905 0.5079 -0.0051
vt 0.6940 0.2558 0.0149
vt 0.6335 0.2558 0.0149
vt 0.6335 0.2421 -0.0149
vt 0.6940 0.2421 -0.0149
vt 0.5934 0.5255 0.0051
vt 0.5369 0.5255 0.0051
vt 0.5369 0.5079 -0.0051
vt 0.5934 0.5079 -0.0051
vt 0.6792 0.3388 0.0040
vt 0.6792 0.3527 -0.0040
vt 0.6722 0.3527 -0.0040
vt 0.6722 0.3388 0.0040
vt 0.7421 0.4306 0.0040
vt 0.7421 0.4445 -0.0040
vt 0.7350 0.4445 -0.0040
vt 0.7350 0.4306 0.0040
vt 0.7219 0.4306 0.0040
vt 0.7219 0.4443 -0.0040
vt 0.7157 0.4443 -0.0040
vt 0.7157 0.4306 0.0040
vt 0.9670 0.7559 -0.0077
vt 0.9670 0.7447 0.0167
vt 0.9747 0.7447 0.0167
vt 0.9747 0.7559 -0.0077
vt 0.9573 0.7559 -0.0077
vt 0.9573 0.7447 0.0167
vt 0.9651 0.7447 0.0167
vt 0.9651 0.7559 -0.0077
vt 0.6190 0.4658 -0.0076
vt 0.6190 0.4547 0.0165
vt 0.6259 0.4547 0.0165
vt 0.6259 0.4658 -0.0076
vt 0.9670 0.7711 -0.0167
vt 0.9747 0.7711 -0.0167
vt 0.9573 0.7711 -0.0167
vt 0.9651 0.7711 -0.0167
vt 0.6190 0.4809 -0.0165
vt 0.6259 0.4809 -0.0165
vt 0.9670 0.7864 -0.0077
vt 0.9747 0.7864 -0.0077
vt 0.9573 0.7864 -0.0077
vt 0.9651 0.7864 -0.0077
vt 0.6190 0.4960 -0.0076
vt 0.6259 0.4960 -0.0076
vt 0.9670 0.7975 0.0167
vt 0.9747 0.7975 0.0167
vt 0.9573 0.7975 0.0167
vt 0.9651 0.7975 0.0167
vt 0.6190 0.5070 0.0165
vt 0.6259 0.5070 0.0165
vt 0.7350 0.5605 0.0040
vt 0.7350 0.5466 -0.0040
vt 0.7421 0.5466 -0.0040
vt 0.7421 0.5605 0.0040
vt 0.7157 0.3865 0.0040
vt 0.7157 0.3726 -0.0040
vt 0.7227 0.3726 -0.0040
vt 0.7227 0.3865 0.0040
vt 0.7157 0.5603 0.0040
vt 0.7157 0.5466 -0.0040
vt 0.7219 0.5466 -0.0040
vt 0.7219 0.5603 0.0040
vt 0.7350 0.5744 -0.0040
vt 0.7421 0.5744 -0.0040
vt 0.7157 0.4005 -0.0040
vt 0.7227 0.4005 -0.0040
vt 0.7157 0.5740 -0.0040
vt 0.7219 0.5740 -0.0040
vt 0.9941 0.7864 0.0077
vt 0.9941 0.7975 -0.0167
vt 0.9863 0.7975 -0.0167
vt 0.9863 0.7864 0.0077
vt 0.9844 0.7864 0.0077
vt 0.9844 0.7975 -0.0167
vt 0.9766 0.7975 -0.0167
vt 0.9766 0.7864 0.0077
vt 0.6453 0.4380 0.0076
vt 0.6453 0.4490 -0.0165
vt 0.6384 0.4490 -0.0165
vt 0.6384 0.4380 0.0076
vt 0.9941 0.7711 0.0167
vt 0.9863 0.7711 0.0167
vt 0.9844 0.7711 0.0167
vt 0.9766 0.7711 0.0167
vt 0.6453 0.4229 0.0165
vt 0.6384 0.4229 0.0165
vt 0.9941 0.7559 0.0077
vt 0.9863 0.7559 0.0077
vt 0.9844 0.7559 0.0077
vt 0.9766 0.7559 0.0077
vt 0.6453 0.4078 0.0076
vt 0.6384 0.4078 0.0076
vt 0.9941 0.7447 -0.0167
vt 0.9863 0.7447 -0.0167
vt 0.9844 0.7447 -0.0167
vt 0.9766 0.7447 -0.0167
vt 0.6453 0.3968 -0.0165
vt 0.6384 0.3968 -0.0165
vt 0.6792 0.3666 0.0040
vt 0.6722 0.3666 0.0040
vt 0.7421 0.4585 0.0040
vt 0.7350 0.4585 0.0040
vt 0.7219 0.4580 0.0040
vt 0.7157 0.4580 0.0040
vt 0.5186 0.5756 0.0000
vt 0.5186 0.5763 0.0000
vt 0.5083 0.5790 0.0000
vt 0.5079 0.5784 0.0000
vt 0.5544 0.5949 0.0000
vt 0.5548 0.5955 0.0000
vt 0.5472 0.6030 0.0000
vt 0.5466 0.6027 0.0000
vt 0.8104 0.2131 0.0000
vt 0.8110 0.2135 0.0000
vt 0.8083 0.2238 0.0000
vt 0.8075 0.2238 0.0000
vt 0.1648 0.5804 0.0000
vt 0.1656 0.5804 0.0000
vt 0.1683 0.5907 0.0000
vt 0.1677 0.5911 0.0000
vt 0.4596 0.6097 0.0000
vt 0.4602 0.6094 0.0000
vt 0.4678 0.6169 0.0000
vt 0.4674 0.6175 0.0000
vt 0.4934 0.5714 0.0000
vt 0.4938 0.5707 0.0000
vt 0.5041 0.5735 0.0000
vt 0.5041 0.5742 0.0000
vt 0.5176 0.5694 0.0000
vt 0.5176 0.5686 0.0000
vt 0.5279 0.5659 0.0000
vt 0.5283 0.5665 0.0000
vt 0.5469 0.5885 0.0000
vt 0.5466 0.5879 0.0000
vt 0.5541 0.5804 0.0000
vt 0.5548 0.5808 0.0000
vt 0.9966 0.5427 0.0000
vt 0.9960 0.5424 0.0000
vt 0.9987 0.5321 0.0000
vt 0.9995 0.5321 0.0000
vt 0.7096 0.4074 0.0000
vt 0.7088 0.4074 0.0000
vt 0.7060 0.3971 0.0000
vt 0.7067 0.3968 0.0000
vt 0.5886 0.6172 0.0000
vt 0.5880 0.6175 0.0000
vt 0.5804 0.6100 0.0000
vt 0.5808 0.6094 0.0000
vt 0.5379 0.5639 0.0000
vt 0.5376 0.5645 0.0000
vt 0.5272 0.5618 0.0000
vt 0.5272 0.5611 0.0000
vt 0.5234 0.5832 0.0000
vt 0.5231 0.5839 0.0000
vt 0.5127 0.5811 0.0000
vt 0.5127 0.5804 0.0000
vt 0.4402 0.5839 0.0000
vt 0.4402 0.5831 0.0000
vt 0.4506 0.5804 0.0000
vt 0.4509 0.5810 0.0000
vt 0.4986 0.6127 0.0000
vt 0.4982 0.6121 0.0000
vt 0.5058 0.6045 0.0000
vt 0.5065 0.6049 0.0000
vt 0.6970 0.2963 0.0000
vt 0.6964 0.2959 0.0000
vt 0.6991 0.2856 0.0000
vt 0.6999 0.2856 0.0000
vt 0.0572 0.5959 0.0000
vt 0.0564 0.5959 0.0000
vt 0.0537 0.5856 0.0000
vt 0.0543 0.5852 0.0000
vt 0.9510 0.6800 0.0000
vt 0.9504 0.6804 0.0000
vt 0.9428 0.6728 0.0000
vt 0.9432 0.6722 0.0000
vt 0.7409 0.5756 0.0000
vt 0.7409 0.5763 0.0000
vt 0.7306 0.5790 0.0000
vt 0.7302 0.5784 0.0000
vt 0.5351 0.6867 0.0000
vt 0.5355 0.6873 0.0000
vt 0.5279 0.6949 0.0000
vt 0.5272 0.6945 0.0000
vt 0.9988 0.3436 0.0000
vt 0.9995 0.3440 0.0000
vt 0.9967 0.3543 0.0000
vt 0.9960 0.3543 0.0000
vt 0.7882 0.7447 0.0000
vt 0.7889 0.7447 0.0000
vt 0.7917 0.7550 0.0000
vt 0.7911 0.7554 0.0000
vt 0.2373 0.6194 0.0000
vt 0.2379 0.6190 0.0000
vt 0.2455 0.6266 0.0000
vt 0.2451 0.6272 0.0000
vt 0.8027 0.7018 0.0000
vt 0.8030 0.7012 0.0000
vt 0.8134 0.7039 0.0000
vt 0.8134 0.7047 0.0000
vt 0.3919 0.5839 0.0000
vt 0.3919 0.5831 0.0000
vt 0.4022 0.5804 0.0000
vt 0.4026 0.5810 0.0000
vt 0.5276 0.6175 0.0000
vt 0.5272 0.6169 0.0000
vt 0.5348 0.6094 0.0000
vt 0.5355 0.6097 0.0000
vt 0.9966 0.3108 0.0000
vt 0.9960 0.3104 0.0000
vt 0.9987 0.3001 0.0000
vt 0.9995 0.3001 0.0000
vt 0.4486 0.6249 0.0000
vt 0.4479 0.6249 0.0000
vt 0.4451 0.6146 0.0000
vt 0.4457 0.6142 0.0000
vt 0.5886 0.6365 -0.0000
vt 0.5880 0.6369 -0.0000
vt 0.5804 0.6293 0.0000
vt 0.5808 0.6287 0.0000
vt 0.7167 0.0517 0.0000
vt 0.7163 0.0523 0.0000
vt 0.7060 0.0496 0.0000
vt 0.7060 0.0488 0.0000
vt 0.4751 0.5832 0.0000
vt 0.4747 0.5839 0.0000
vt 0.4644 0.5811 0.0000
vt 0.4644 0.5804 0.0000
vt 0.9922 0.9863 0.0000
vt 0.9922 0.9870 0.0000
vt 0.9818 0.9898 0.0000
vt 0.9815 0.9891 0.0000
vt 0.5834 0.5804 0.0000
vt 0.5838 0.5810 0.0000
vt 0.5762 0.5885 0.0000
vt 0.5756 0.5882 0.0000
vt 0.7476 0.0682 0.0000
vt 0.7482 0.0685 0.0000
vt 0.7454 0.0788 0.0000
vt 0.7447 0.0788 0.0000
vt 0.9960 0.3581 0.0000
vt 0.9967 0.3581 0.0000
vt 0.9995 0.3684 0.0000
vt 0.9988 0.3688 0.0000
vt 0.5272 0.7064 0.0000
vt 0.5279 0.7060 0.0000
vt 0.5355 0.7135 0.0000
vt 0.5351 0.7142 0.0000
vt 0.4161 0.5810 0.0000
vt 0.4165 0.5804 0.0000
vt 0.4268 0.5831 0.0000
vt 0.4268 0.5839 0.0000
vt 0.6964 0.2746 0.0000
vt 0.6964 0.2739 0.0000
vt 0.7067 0.2711 0.0000
vt 0.7071 0.2718 0.0000
vt 0.4261 0.5934 0.0000
vt 0.4257 0.5927 0.0000
vt 0.4333 0.5852 0.0000
vt 0.4340 0.5856 0.0000
vt 0.7888 0.7409 0.0000
vt 0.7882 0.7405 0.0000
vt 0.7910 0.7302 0.0000
vt 0.7917 0.7302 0.0000
vt 0.9995 0.4558 0.0000
vt 0.9987 0.4558 0.0000
vt 0.9960 0.4454 0.0000
vt 0.9966 0.4451 0.0000
vt 0.4871 0.6220 0.0000
vt 0.4865 0.6224 0.0000
vt 0.4789 0.6149 0.0000
vt 0.4793 0.6142 0.0000
vt 0.5379 0.5756 0.0000
vt 0.5379 0.5763 0.0000
vt 0.5276 0.5790 0.0000
vt 0.5272 0.5784 0.0000
vt 0.5351 0.7157 0.0000
vt 0.5355 0.7163 0.0000
vt 0.5279 0.7239 0.0000
vt 0.5272 0.7235 0.0000
vt 0.9988 0.4886 0.0000
vt 0.9995 0.4889 0.0000
vt 0.9967 0.4992 -0.0000
vt 0.9960 0.4992 -0.0000
vt 0.7060 0.4499 0.0000
vt 0.7068 0.4499 0.0000
vt 0.7096 0.4602 0.0000
vt 0.7089 0.4606 0.0000
vt 0.4596 0.6291 0.0000
vt 0.4602 0.6287 0.0000
vt 0.4678 0.6362 0.0000
vt 0.4674 0.6369 0.0000
vt 0.7543 0.0446 0.0000
vt 0.7547 0.0440 0.0000
vt 0.7650 0.0467 0.0000
vt 0.7650 0.0475 0.0000
vt 0.8027 0.6998 0.0000
vt 0.8027 0.6991 0.0000
vt 0.8130 0.6964 0.0000
vt 0.8134 0.6970 0.0000
vt 0.5276 0.6465 0.0000
vt 0.5272 0.6459 0.0000
vt 0.5348 0.6384 0.0000
vt 0.5355 0.6387 0.0000
vt 0.7067 0.4316 0.0000
vt 0.7060 0.4312 0.0000
vt 0.7088 0.4209 0.0000
vt 0.7096 0.4209 0.0000
vt 0.4631 0.5959 0.0000
vt 0.4624 0.5959 0.0000
vt 0.4596 0.5856 0.0000
vt 0.4602 0.5852 0.0000
vt 0.5548 0.6317 0.0000
vt 0.5541 0.6320 0.0000
vt 0.5466 0.6245 0.0000
vt 0.5469 0.6239 0.0000
vt 0.7650 0.0323 0.0000
vt 0.7647 0.0330 0.0000
vt 0.7543 0.0302 0.0000
vt 0.7543 0.0295 0.0000
vt 0.8230 0.6847 0.0000
vt 0.8227 0.6853 0.0000
vt 0.8123 0.6826 0.0000
vt 0.8123 0.6819 0.0000
vt 0.1465 0.5997 0.0000
vt 0.1465 0.6005 0.0000
vt 0.1362 0.6032 0.0000
vt 0.1358 0.6026 0.0000
vt 0.5852 0.5665 0.0000
vt 0.5856 0.5659 0.0000
vt 0.5959 0.5686 0.0000
vt 0.5959 0.5694 0.0000
vt 0.4982 0.5694 0.0000
vt 0.4982 0.5686 0.0000
vt 0.5086 0.5659 0.0000
vt 0.5089 0.5665 0.0000
vt 0.4986 0.6224 0.0000
vt 0.4982 0.6217 0.0000
vt 0.5058 0.6142 0.0000
vt 0.5065 0.6146 0.0000
vt 0.0108 0.6104 0.0000
vt 0.0102 0.6100 0.0000
vt 0.0129 0.5997 0.0000
vt 0.0137 0.5997 0.0000
vt 0.9995 0.2963 0.0000
vt 0.9987 0.2963 0.0000
vt 0.9960 0.2860 0.0000
vt 0.9966 0.2856 0.0000
vt 0.5065 0.6027 0.0000
vt 0.5058 0.6030 0.0000
vt 0.4982 0.5955 0.0000
vt 0.4986 0.5949 0.0000
# 1657 texture coords

o turret_a_base
g turret_a_base
usemtl base
s 1
f 1/1/1 2/2/2 3/3/3 4/4/4 
f 4/4/4 3/3/3 5/5/5 6/6/6 
f 6/6/6 5/5/5 7/7/7 8/8/8 
f 8/8/8 7/7/7 9/9/9 10/10/10 
f 10/10/10 9/9/9 11/11/11 12/12/12 
f 12/12/12 11/11/11 13/13/13 14/14/14 
f 14/14/14 13/13/13 15/15/15 16/16/16 
f 16/16/16 15/15/15 17/17/17 18/18/18 
f 18/18/18 17/17/17 19/19/19 20/20/20 
f 20/20/20 19/19/19 21/21/21 22/22/22 
f 22/22/22 21/21/21 23/23/23 24/24/24 
f 24/24/24 23/23/23 25/25/25 26/26/26 
f 26/26/26 25/25/25 27/27/27 28/28/28 
f 28/28/28 27/27/27 29/29/29 30/30/30 
f 30/30/30 29/29/29 31/31/31 32/32/32 
f 32/32/32 31/31/31 33/33/33 34/34/34 
f 34/34/34 33/33/33 35/35/35 36/36/36 
f 36/36/36 35/35/35 37/37/37 38/38/38 
f 38/38/38 37/37/37 39/39/39 40/40/40 
f 40/40/40 39/39/39 2/2/2 1/1/1 
f 2/41/2 41/42/41 42/43/42 3/44/3 
f 3/44/3 42/43/42 43/45/43 5/46/5 
f 5/46/5 43/45/43 44/47/44 7/48/7 
f 7/7/7 44/49/44 45/50/45 9/9/9 
f 9/51/9 45/52/45 46/53/46 11/54/11 
f 11/54/11 46/53/46 47/55/47 13/56/13 
f 13/13/13 47/57/47 48/58/48 15/15/15 
f 15/59/15 48/60/48 49/61/49 17/62/17 
f 17/62/17 49/61/49 50/63/50 19/64/19 
f 19/64/19 50/63/50 51/65/51 21/66/21 
f 21/66/21 51/65/51 52/67/52 23/68/23 
f 23/68/23 52/67/52 53/69/53 25/70/25 
f 25/70/25 53/69/53 54/71/54 27/72/27 
f 27/27/27 54/73/54 55/74/55 29/29/29 
f 29/75/29 55/76/55 56/77/56 31/78/31 
f 31/78/31 56/77/56 57/79/57 33/80/33 
f 33/33/33 57/81/57 58/82/58 35/35/35 
f 35/83/35 58/84/58 59/85/59 37/86/37 
f 37/86/37 59/85/59 60/87/60 39/88/39 
f 39/88/39 60/87/60 41/42/41 2/41/2 
f 61/89/61 62/90/62 63/91/63 64/92/64 
f 64/92/64 63/91/63 65/93/65 66/94/66 
f 66/94/66 65/93/65 67/95/67 68/96/68 
f 68/97/68 67/98/67 69/99/69 70/100/70 
f 70/101/70 69/102/69 71/103/71 72/104/72 
f 72/104/72 71/103/71 73/105/73 74/106/74 
f 74/107/74 73/108/73 75/109/75 76/110/76 
f 76/111/76 75/112/75 77/113/77 78/114/78 
f 78/114/78 77/113/77 79/115/79 80/116/80 
f 80/116/80 79/115/79 81/117/81 82/118/82 
f 82/118/82 81/117/81 83/119/83 84/120/84 
f 84/120/84 83/119/83 85/121/85 86/122/86 
f 86/122/86 85/121/85 87/123/87 88/124/88 
f 88/125/88 87/126/87 89/127/89 90/128/90 
f 90/129/90 89/130/89 91/131/91 92/132/92 
f 92/132/92 91/131/91 93/133/93 94/134/94 
f 94/135/94 93/136/93 95/137/95 96/138/96 
f 96/139/96 95/140/95 97/141/97 98/142/98 
f 98/142/98 97/141/97 99/143/99 100/144/100 
f 100/144/100 99/143/99 62/90/62 61/89/61 
f 62/90/62 101/145/101 102/146/102 63/91/63 
f 63/147/63 102/148/102 103/149/103 65/150/65 
f 65/150/65 103/149/103 104/151/104 67/98/67 
f 67/98/67 104/151/104 105/152/105 69/99/69 
f 69/99/69 105/152/105 106/153/106 71/154/71 
f 71/154/71 106/153/106 107/155/107 73/108/73 
f 73/108/73 107/155/107 108/156/108 75/109/75 
f 75/109/75 108/156/108 109/157/109 77/158/77 
f 77/158/77 109/157/109 110/159/110 79/160/79 
f 79/115/79 110/161/110 111/162/111 81/117/81 
f 81/117/81 111/162/111 112/163/112 83/119/83 
f 83/164/83 112/165/112 113/166/113 85/167/85 
f 85/167/85 113/166/113 114/168/114 87/126/87 
f 87/126/87 114/168/114 115/169/115 89/127/89 
f 89/127/89 115/169/115 116/170/116 91/171/91 
f 91/171/91 116/170/116 117/172/117 93/136/93 
f 93/136/93 117/172/117 118/173/118 95/137/95 
f 95/137/95 118/173/118 119/174/119 97/175/97 
f 97/175/97 119/174/119 120/176/120 99/177/99 
f 99/143/99 120/178/120 101/145/101 62/90/62 
f 101/179/101 121/180/121 122/181/122 102/148/102 
f 102/148/102 122/181/122 123/182/123 103/149/103 
f 103/149/103 123/182/123 124/183/124 104/151/104 
f 104/151/104 124/183/124 125/184/125 105/152/105 
f 105/152/105 125/184/125 126/185/126 106/153/106 
f 106/153/106 126/185/126 127/186/127 107/155/107 
f 107/155/107 127/186/127 128/187/128 108/156/108 
f 108/156/108 128/187/128 129/188/129 109/157/109 
f 109/157/109 129/188/129 130/189/130 110/159/110 
f 110/159/110 130/189/130 131/190/131 111/191/111 
f 111/191/111 131/190/131 132/192/132 112/165/112 
f 112/165/112 132/192/132 133/193/133 113/166/113 
f 113/166/113 133/193/133 134/194/134 114/168/114 
f 114/168/114 134/194/134 135/195/135 115/169/115 
f 115/169/115 135/195/135 136/196/136 116/170/116 
f 116/170/116 136/196/136 137/197/137 117/172/117 
f 117/172/117 137/197/137 138/198/138 118/173/118 
f 118/173/118 138/198/138 139/199/139 119/174/119 
f 119/174/119 139/199/139 140/200/140 120/176/120 
f 120/176/120 140/200/140 121/180/121 101/179/101 
f 141/201/141 122/181/122 121/180/121 
f 141/201/141 123/182/123 122/181/122 
f 141/201/141 124/183/124 123/182/123 
f 141/201/141 125/184/125 124/183/124 
f 141/201/141 126/185/126 125/184/125 
f 141/201/141 127/186/127 126/185/126 
f 141/201/141 128/187/128 127/186/127 
f 141/201/141 129/188/129 128/187/128 
f 141/201/141 130/189/130 129/188/129 
f 141/201/141 131/190/131 130/189/130 
f 141/201/141 132/192/132 131/190/131 
f 141/201/141 133/193/133 132/192/132 
f 141/201/141 134/194/134 133/193/133 
f 141/201/141 135/195/135 134/194/134 
f 141/201/141 136/196/136 135/195/135 
f 141/201/141 137/197/137 136/196/136 
f 141/201/141 138/198/138 137/197/137 
f 141/201/141 139/199/139 138/198/138 
f 141/201/141 140/200/140 139/199/139 
f 141/201/141 121/180/121 140/200/140 
f 142/202/142 143/203/143 144/204/144 145/205/145 
f 143/206/143 146/207/146 147/208/147 144/209/144 
f 148/210/148 149/211/149 150/212/150 151/213/151 
f 149/214/149 152/215/152 153/216/153 150/217/150 
f 152/215/152 154/218/154 155/219/155 153/216/153 
f 154/220/154 156/221/156 157/222/157 155/223/155 
f 158/224/158 159/225/159 160/226/160 161/227/161 
f 159/228/159 142/202/142 145/205/145 160/229/160 
f 162/230/162 163/231/163 164/232/164 165/233/165 
f 163/234/163 166/235/166 167/236/167 164/237/164 
f 168/238/168 169/239/169 170/240/150 171/241/170 
f 169/242/169 172/243/171 173/244/153 170/245/150 
f 172/243/171 174/246/172 175/247/155 173/244/153 
f 174/248/172 176/249/173 177/250/157 175/251/155 
f 178/252/174 179/253/175 180/254/160 181/255/161 
f 179/256/175 162/230/162 165/233/165 180/257/160 
f 182/258/176 183/259/177 163/260/163 162/261/162 
f 183/259/177 184/262/178 166/263/166 163/260/163 
f 184/262/178 185/264/179 186/265/180 166/263/166 
f 185/264/179 187/266/181 168/267/168 186/265/180 
f 187/266/181 188/268/182 169/269/169 168/267/168 
f 188/268/182 189/270/183 172/271/171 169/269/169 
f 189/270/183 190/272/184 174/273/172 172/271/171 
f 190/272/184 191/274/185 176/275/173 174/273/172 
f 191/274/185 192/276/186 193/277/180 176/275/173 
f 192/276/186 194/278/187 178/279/174 193/277/180 
f 194/278/187 195/280/188 179/281/175 178/279/174 
f 195/280/188 182/258/176 162/261/162 179/281/175 
f 196/282/189 197/283/190 165/284/165 164/285/164 
f 197/283/190 198/286/191 180/287/160 165/284/165 
f 198/286/191 199/288/192 181/289/161 180/287/160 
f 199/288/192 200/290/193 201/291/194 181/289/161 
f 200/290/193 202/292/195 177/293/157 201/291/194 
f 202/292/195 203/294/196 175/295/155 177/293/157 
f 203/294/196 204/296/197 173/297/153 175/295/155 
f 204/296/197 205/298/198 170/299/150 173/297/153 
f 205/298/198 206/300/199 171/301/170 170/299/150 
f 206/300/199 207/302/200 208/303/194 171/301/170 
f 207/302/200 209/304/201 167/305/167 208/303/194 
f 209/304/201 196/282/189 164/285/164 167/305/167 
f 197/306/190 196/307/189 210/308/202 211/309/203 
f 196/310/189 209/311/201 212/312/204 210/313/202 
f 209/314/201 207/315/200 213/316/205 212/317/204 
f 207/318/200 206/319/199 214/320/206 213/321/205 
f 206/322/199 205/323/198 215/324/159 214/325/206 
f 205/326/198 204/327/197 216/328/207 215/329/159 
f 204/330/197 203/331/196 217/332/208 216/333/207 
f 203/334/196 202/335/195 218/336/209 217/337/208 
f 202/338/195 200/339/193 219/340/210 218/341/209 
f 200/342/193 199/343/192 220/344/211 219/345/210 
f 199/346/192 198/347/191 221/348/149 220/349/211 
f 198/350/191 197/351/190 211/352/203 221/353/149 
f 222/354/163 223/355/212 224/356/145 225/357/213 
f 226/358/214 227/359/144 228/360/215 229/361/216 
f 230/362/214 183/363/177 182/364/176 231/365/217 
f 232/366/218 233/367/219 223/368/212 222/369/163 
f 234/370/218 235/371/219 227/372/144 226/373/214 
f 236/374/220 184/375/178 183/376/177 230/377/214 
f 237/378/221 238/379/222 233/367/219 232/366/218 
f 239/380/223 240/381/222 235/371/219 234/370/218 
f 241/382/224 185/383/179 184/375/178 236/374/220 
f 242/384/225 243/385/226 238/379/222 237/378/221 
f 244/386/225 245/387/226 240/381/222 239/380/223 
f 246/388/225 187/389/181 185/383/179 241/382/224 
f 247/390/227 248/391/150 243/385/226 242/384/225 
f 249/392/227 250/393/150 245/387/226 244/386/225 
f 251/394/227 188/395/182 187/389/181 246/388/225 
f 252/396/171 253/397/228 248/398/150 247/399/227 
f 254/400/171 255/401/153 250/402/150 249/403/227 
f 256/404/171 189/405/183 188/406/182 251/407/227 
f 257/408/172 258/409/229 253/397/228 252/396/171 
f 259/410/172 260/411/155 255/401/153 254/400/171 
f 261/412/172 190/413/184 189/405/183 256/404/171 
f 262/414/230 263/415/231 258/416/229 257/417/172 
f 264/418/230 265/419/231 260/420/155 259/421/172 
f 266/422/230 191/423/185 190/424/184 261/425/172 
f 267/426/232 268/427/233 263/415/231 262/414/230 
f 269/428/232 270/429/233 265/419/231 264/418/230 
f 271/430/234 192/431/186 191/423/185 266/422/230 
f 272/432/235 273/433/236 268/427/233 267/426/232 
f 274/434/235 275/435/236 270/429/233 269/428/232 
f 276/436/235 194/437/187 192/431/186 271/430/234 
f 277/438/237 278/439/160 273/433/236 272/432/235 
f 279/440/175 280/441/160 275/435/236 274/434/235 
f 281/442/175 195/443/188 194/437/187 276/436/235 
f 225/357/213 224/356/145 278/444/160 277/445/237 
f 229/361/216 228/360/215 280/446/160 279/447/175 
f 231/365/217 182/364/176 195/448/188 281/449/175 
f 145/450/145 144/451/144 282/452/194 283/453/194 
f 144/454/144 147/455/147 284/456/194 282/457/194 
f 147/458/147 285/459/194 286/460/194 284/461/194 
f 285/462/194 151/463/151 287/464/194 286/465/194 
f 151/466/151 150/467/150 288/468/194 287/469/194 
f 150/470/150 153/471/153 289/472/194 288/473/194 
f 153/474/153 155/475/155 290/476/194 289/477/194 
f 155/478/155 157/479/157 291/480/194 290/481/194 
f 157/482/157 292/483/194 293/484/194 291/485/194 
f 292/486/194 161/487/161 294/488/194 293/489/194 
f 161/490/161 160/491/160 295/492/194 294/493/194 
f 160/494/160 145/495/145 283/496/194 295/497/194 
f 222/498/163 225/499/213 296/500/180 297/501/180 
f 225/502/213 277/503/237 298/504/180 296/505/180 
f 277/506/237 272/507/235 299/508/180 298/509/180 
f 272/510/235 267/511/232 300/512/180 299/513/180 
f 267/514/232 262/515/230 301/516/180 300/517/180 
f 262/518/230 257/519/172 302/520/180 301/521/180 
f 257/522/172 252/523/171 303/524/180 302/525/180 
f 252/526/171 247/527/227 304/528/180 303/529/180 
f 247/530/227 242/531/225 305/532/180 304/533/180 
f 242/534/225 237/535/221 306/536/180 305/537/180 
f 237/538/221 232/539/218 307/540/180 306/541/180 
f 232/542/218 222/543/163 297/544/180 307/545/180 
f 224/546/145 223/547/212 308/548/194 309/549/194 
f 223/550/212 233/551/219 310/552/194 308/553/194 
f 233/554/219 238/555/222 311/556/194 310/557/194 
f 238/558/222 243/559/226 312/560/194 311/561/194 
f 243/562/226 248/563/150 313/564/194 312/565/194 
f 248/566/150 253/567/228 314/568/194 313/569/194 
f 253/570/228 258/571/229 315/572/194 314/573/194 
f 258/574/229 263/575/231 316/576/194 315/577/194 
f 263/578/231 268/579/233 317/580/194 316/581/194 
f 268/582/233 273/583/236 318/584/194 317/585/194 
f 273/586/236 278/587/160 319/588/194 318/589/194 
f 278/590/160 224/591/145 309/592/194 319/593/194 
f 226/594/214 229/595/216 320/596/180 321/597/180 
f 229/598/216 279/599/175 322/600/180 320/601/180 
f 279/602/175 274/603/235 323/604/180 322/605/180 
f 274/606/235 269/607/232 324/608/180 323/609/180 
f 269/610/232 264/611/230 325/612/180 324/613/180 
f 264/614/230 259/615/172 326/616/180 325/617/180 
f 259/618/172 254/619/171 327/620/180 326/621/180 
f 254/622/171 249/623/227 328/624/180 327/625/180 
f 249/626/227 244/627/225 329/628/180 328/629/180 
f 244/630/225 239/631/223 330/632/180 329/633/180 
f 239/634/223 234/635/218 331/636/180 330/637/180 
f 234/638/218 226/639/214 321/640/180 331/641/180 
f 228/642/215 227/643/144 332/644/194 333/645/194 
f 227/646/144 235/647/219 334/648/194 332/649/194 
f 235/650/219 240/651/222 335/652/194 334/653/194 
f 240/654/222 245/655/226 336/656/194 335/657/194 
f 245/658/226 250/659/150 337/660/194 336/661/194 
f 250/662/150 255/663/153 338/664/194 337/665/194 
f 255/666/153 260/667/155 339/668/194 338/669/194 
f 260/670/155 265/671/231 340/672/194 339/673/194 
f 265/674/231 270/675/233 341/676/194 340/677/194 
f 270/678/233 275/679/236 342/680/194 341/681/194 
f 275/682/236 280/683/160 343/684/194 342/685/194 
f 280/686/160 228/687/215 333/688/194 343/689/194 
f 230/690/214 231/691/217 344/692/180 345/693/238 
f 231/694/217 281/695/175 346/696/239 344/697/180 
f 281/698/175 276/699/235 347/700/239 346/701/239 
f 276/702/235 271/703/234 348/704/180 347/705/239 
f 271/706/234 266/707/230 349/708/180 348/709/180 
f 266/710/230 261/711/172 350/712/180 349/713/180 
f 261/714/172 256/715/171 351/716/180 350/717/180 
f 256/718/171 251/719/227 352/720/180 351/721/180 
f 251/722/227 246/723/225 353/724/180 352/725/180 
f 246/726/225 241/727/224 354/728/180 353/729/180 
f 241/730/224 236/731/220 355/732/238 354/733/180 
f 236/734/220 230/735/214 345/736/238 355/737/238 
f 356/738/207 357/739/165 358/740/240 359/741/159 
f 359/742/159 358/743/240 360/744/241 361/745/242 
f 362/746/156 363/747/157 364/748/229 365/749/154 
f 365/750/154 364/751/229 366/752/243 367/753/152 
f 367/753/152 366/752/243 368/754/150 369/755/149 
f 369/756/149 368/757/150 370/758/151 371/759/148 
f 372/760/244 373/761/167 374/762/164 375/763/143 
f 375/764/143 374/765/164 357/739/165 356/738/207 
f 376/766/217 377/767/215 378/768/160 379/769/175 
f 379/770/175 378/771/160 380/772/161 381/773/245 
f 382/774/173 383/775/157 384/776/155 385/777/246 
f 385/778/246 384/779/155 386/780/153 387/781/247 
f 387/781/247 386/780/153 388/782/150 389/783/227 
f 389/784/227 388/785/150 390/786/151 391/787/248 
f 392/788/249 393/789/250 394/790/251 395/791/214 
f 395/792/214 394/793/251 377/767/215 376/766/217 
f 396/794/176 376/795/217 379/796/175 397/797/188 
f 397/797/188 379/796/175 381/798/245 398/799/187 
f 398/799/187 381/798/245 399/800/180 400/801/186 
f 400/801/186 399/800/180 382/802/173 401/803/252 
f 401/803/252 382/802/173 385/804/246 402/805/184 
f 402/805/184 385/804/246 387/806/247 403/807/183 
f 403/807/183 387/806/247 389/808/227 404/809/182 
f 404/809/182 389/808/227 391/810/248 405/811/253 
f 405/811/253 391/810/248 406/812/180 407/813/254 
f 407/813/254 406/812/180 392/814/249 408/815/255 
f 408/815/255 392/814/249 395/816/214 409/817/256 
f 409/817/256 395/816/214 376/795/217 396/794/176 
f 410/818/257 378/819/160 377/820/215 411/821/258 
f 411/821/258 377/820/215 394/822/251 412/823/189 
f 412/823/189 394/822/251 393/824/250 413/825/259 
f 413/825/259 393/824/250 414/826/194 415/827/260 
f 415/827/260 414/826/194 390/828/151 416/829/199 
f 416/829/199 390/828/151 388/830/150 417/831/261 
f 417/831/261 388/830/150 386/832/153 418/833/262 
f 418/833/262 386/832/153 384/834/155 419/835/263 
f 419/835/263 384/834/155 383/836/157 420/837/195 
f 420/837/195 383/836/157 421/838/194 422/839/264 
f 422/839/264 421/838/194 380/840/161 423/841/265 
f 423/841/265 380/840/161 378/819/160 410/818/257 
f 411/842/258 424/843/203 425/844/149 410/845/257 
f 410/846/257 425/847/149 426/848/211 423/849/265 
f 423/850/265 426/851/211 427/852/210 422/853/264 
f 422/854/264 427/855/210 428/856/209 420/857/195 
f 420/858/195 428/859/209 429/860/143 419/861/263 
f 419/862/263 429/863/143 430/864/207 418/865/262 
f 418/866/262 430/867/207 431/868/266 417/869/261 
f 417/870/261 431/871/266 432/872/206 416/873/199 
f 416/874/199 432/875/206 433/876/205 415/877/260 
f 415/878/260 433/879/205 434/880/204 413/881/259 
f 413/882/259 434/883/204 435/884/154 412/885/189 
f 412/886/189 435/887/154 424/888/203 411/889/258 
f 436/890/266 437/891/267 438/892/145 439/893/240 
f 440/894/268 441/895/269 442/896/215 443/897/160 
f 444/898/159 445/899/142 396/900/176 397/901/188 
f 446/902/206 436/903/266 439/904/240 447/905/270 
f 448/906/235 440/907/268 443/908/160 449/909/271 
f 450/910/272 444/911/159 397/912/188 398/913/187 
f 451/914/205 446/902/206 447/905/270 452/915/233 
f 453/916/273 448/906/235 449/909/271 454/917/274 
f 455/918/234 450/910/272 398/913/187 400/919/186 
f 456/920/275 451/914/205 452/915/233 457/921/276 
f 458/922/230 453/916/273 454/917/274 459/923/231 
f 460/924/277 455/918/234 400/919/186 401/925/252 
f 461/926/278 456/920/275 457/921/276 462/927/279 
f 463/928/172 458/922/230 459/923/231 464/929/155 
f 465/930/154 460/924/277 401/925/252 402/931/184 
f 466/932/280 461/933/278 462/934/279 467/935/281 
f 468/936/282 463/937/172 464/938/155 469/939/243 
f 470/940/152 465/941/154 402/942/184 403/943/183 
f 471/944/283 466/932/280 467/935/281 472/945/284 
f 473/946/149 468/936/282 469/939/243 474/947/150 
f 475/948/283 470/940/152 403/943/183 404/949/182 
f 476/950/285 471/951/283 472/952/284 477/953/286 
f 478/954/285 473/955/149 474/956/150 479/957/226 
f 480/958/285 475/959/283 404/960/182 405/961/253 
f 481/962/210 476/950/285 477/953/286 482/963/222 
f 483/964/210 478/954/285 479/957/226 484/965/222 
f 485/966/287 480/958/285 405/961/253 407/967/254 
f 486/968/288 481/962/210 482/963/222 487/969/219 
f 488/970/209 483/964/210 484/965/222 489/971/219 
f 490/972/288 485/966/287 407/967/254 408/973/255 
f 491/974/208 486/968/288 487/969/219 492/975/164 
f 493/976/208 488/970/209 489/971/219 494/977/212 
f 495/978/143 490/972/288 408/973/255 409/979/256 
f 437/891/267 491/980/208 492/981/164 438/892/145 
f 441/895/269 493/982/208 494/983/212 442/896/215 
f 445/899/142 495/984/143 409/985/256 396/900/176 
f 357/986/165 496/987/194 497/988/194 358/989/240 
f 358/990/240 497/991/194 498/992/194 360/993/241 
f 360/994/241 498/995/194 499/996/194 500/997/194 
f 500/998/194 499/999/194 501/1000/194 363/1001/157 
f 363/1002/157 501/1003/194 502/1004/194 364/1005/229 
f 364/1006/229 502/1007/194 503/1008/194 366/1009/243 
f 366/1010/243 503/1011/194 504/1012/194 368/1013/150 
f 368/1014/150 504/1015/194 505/1016/194 370/1017/151 
f 370/1018/151 505/1019/194 506/1020/194 507/1021/194 
f 507/1022/194 506/1023/194 508/1024/194 373/1025/167 
f 373/1026/167 508/1027/194 509/1028/194 374/1029/164 
f 374/1030/164 509/1031/194 496/1032/194 357/1033/165 
f 438/1034/145 510/1035/194 511/1036/194 439/1037/240 
f 439/1038/240 511/1039/194 512/1040/194 447/1041/270 
f 447/1042/270 512/1043/194 513/1044/194 452/1045/233 
f 452/1046/233 513/1047/194 514/1048/194 457/1049/276 
f 457/1050/276 514/1051/194 515/1052/194 462/1053/279 
f 462/1054/279 515/1055/194 516/1056/194 467/1057/281 
f 467/1058/281 516/1059/194 517/1060/194 472/1061/284 
f 472/1062/284 517/1063/194 518/1064/194 477/1065/286 
f 477/1066/286 518/1067/194 519/1068/194 482/1069/222 
f 482/1070/222 519/1071/194 520/1072/194 487/1073/219 
f 487/1074/219 520/1075/194 521/1076/194 492/1077/164 
f 492/1078/164 521/1079/194 510/1080/194 438/1081/145 
f 440/1082/268 522/1083/180 523/1084/180 441/1085/269 
f 468/1086/282 524/1087/180 525/1088/180 463/1089/172 
f 463/1090/172 525/1091/180 526/1092/180 458/1093/230 
f 458/1094/230 526/1095/180 527/1096/180 453/1097/273 
f 453/1098/273 527/1099/180 528/1100/180 448/1101/235 
f 448/1102/235 528/1103/180 522/1104/180 440/1105/268 
f 442/1106/215 529/1107/194 530/1108/194 443/1109/160 
f 443/1110/160 530/1111/194 531/1112/194 449/1113/271 
f 449/1114/271 531/1115/194 532/1116/194 454/1117/274 
f 454/1118/274 532/1119/194 533/1120/194 459/1121/231 
f 459/1122/231 533/1123/194 534/1124/194 464/1125/155 
f 464/1126/155 534/1127/194 535/1128/194 469/1129/243 
f 469/1130/243 535/1131/194 536/1132/194 474/1133/150 
f 474/1134/150 536/1135/194 537/1136/289 479/1137/226 
f 479/1138/226 537/1139/289 538/1140/194 484/1141/222 
f 484/1142/222 538/1143/194 539/1144/194 489/1145/219 
f 489/1146/219 539/1147/194 540/1148/194 494/1149/212 
f 494/1150/212 540/1151/194 529/1152/194 442/1153/215 
f 460/1154/277 541/1155/180 542/1156/180 455/1157/234 
f 455/1158/234 542/1159/180 543/1160/180 450/1161/272 
f 544/1162/141 545/1163/165 546/1164/160 547/1165/159 
f 547/1166/159 546/1167/160 548/1168/161 549/1169/242 
f 550/1170/156 551/1171/157 552/1172/155 553/1173/154 
f 553/1174/154 552/1175/155 554/1176/243 555/1177/152 
f 555/1177/152 554/1176/243 556/1178/290 557/1179/149 
f 557/1180/149 556/1181/290 558/1182/151 559/1183/148 
f 560/1184/244 561/1185/167 562/1186/164 563/1187/143 
f 563/1188/143 562/1189/164 545/1163/165 544/1162/141 
f 564/1190/217 565/1191/145 566/1192/160 567/1193/175 
f 567/1194/175 566/1195/160 568/1196/161 569/1197/245 
f 570/1198/291 571/1199/157 572/1200/155 573/1201/172 
f 573/1202/172 572/1203/155 574/1204/243 575/1205/292 
f 575/1205/292 574/1204/243 576/1206/150 577/1207/169 
f 577/1208/169 576/1209/150 578/1210/170 579/1211/168 
f 580/1212/293 581/1213/167 582/1214/164 583/1215/163 
f 583/1216/163 582/1217/164 565/1191/145 564/1190/217 
f 584/1218/294 564/1219/217 567/1220/175 585/1221/295 
f 585/1221/295 567/1220/175 569/1222/245 586/1223/296 
f 586/1223/296 569/1222/245 587/1224/180 588/1225/297 
f 588/1225/297 587/1224/180 570/1226/291 589/1227/252 
f 589/1227/252 570/1226/291 573/1228/172 590/1229/298 
f 590/1229/298 573/1228/172 575/1230/292 591/1231/299 
f 591/1231/299 575/1230/292 577/1232/169 592/1233/182 
f 592/1233/182 577/1232/169 579/1234/168 593/1235/253 
f 593/1235/253 579/1234/168 594/1236/180 595/1237/254 
f 595/1237/254 594/1236/180 580/1238/293 596/1239/300 
f 596/1239/300 580/1238/293 583/1240/163 597/1241/301 
f 597/1241/301 583/1240/163 564/1219/217 584/1218/294 
f 598/1242/257 566/1243/160 565/1244/145 599/1245/258 
f 599/1245/258 565/1244/145 582/1246/164 600/1247/302 
f 600/1247/302 582/1246/164 581/1248/167 601/1249/303 
f 601/1249/303 581/1248/167 602/1250/194 603/1251/200 
f 603/1251/200 602/1250/194 578/1252/170 604/1253/304 
f 604/1253/304 578/1252/170 576/1254/150 605/1255/305 
f 605/1255/305 576/1254/150 574/1256/243 606/1257/306 
f 606/1257/306 574/1256/243 572/1258/155 607/1259/196 
f 607/1259/196 572/1258/155 571/1260/157 608/1261/195 
f 608/1261/195 571/1260/157 609/1262/194 610/1263/264 
f 610/1263/264 609/1262/194 568/1264/161 611/1265/265 
f 611/1265/265 568/1264/161 566/1243/160 598/1242/257 
f 599/1266/258 612/1267/152 613/1268/149 598/1269/257 
f 598/1270/257 613/1271/149 614/1272/211 611/1273/265 
f 611/1274/265 614/1275/211 615/1276/307 610/1277/264 
f 610/1278/264 615/1279/307 616/1280/288 608/1281/195 
f 608/1282/195 616/1283/288 617/1284/208 607/1285/196 
f 607/1286/196 617/1287/208 618/1288/141 606/1289/306 
f 606/1290/306 618/1291/141 619/1292/266 605/1293/305 
f 605/1294/305 619/1295/266 620/1296/308 604/1297/304 
f 604/1298/304 620/1299/308 621/1300/309 603/1301/200 
f 603/1302/200 621/1303/309 622/1304/204 601/1305/303 
f 601/1306/303 622/1307/204 623/1308/154 600/1309/302 
f 600/1310/302 623/1311/154 612/1312/152 599/1313/258 
f 624/1314/175 625/1315/310 626/1316/215 627/1317/240 
f 628/1318/268 629/1319/162 630/1320/165 631/1321/240 
f 632/1322/175 633/1323/162 584/1324/294 585/1325/295 
f 634/1326/311 624/1327/175 627/1328/240 635/1329/236 
f 636/1330/311 628/1331/268 631/1332/240 637/1333/270 
f 638/1334/311 632/1335/175 585/1336/295 586/1337/296 
f 639/1338/232 634/1326/311 635/1329/236 640/1339/312 
f 641/1340/232 636/1330/311 637/1333/270 642/1341/312 
f 643/1342/234 638/1334/311 586/1337/296 588/1343/297 
f 644/1344/230 639/1338/232 640/1339/312 645/1345/313 
f 646/1346/230 641/1340/232 642/1341/312 647/1347/314 
f 648/1348/315 643/1342/234 588/1343/297 589/1349/252 
f 649/1350/172 644/1344/230 645/1345/313 650/1351/279 
f 651/1352/172 646/1346/230 647/1347/314 652/1353/155 
f 653/1354/172 648/1348/315 589/1349/252 590/1355/298 
f 654/1356/282 649/1357/172 650/1358/279 655/1359/243 
f 656/1360/292 651/1361/172 652/1362/155 657/1363/243 
f 658/1364/292 653/1365/172 590/1366/298 591/1367/299 
f 659/1368/149 654/1356/282 655/1359/243 660/1369/290 
f 661/1370/169 656/1360/292 657/1363/243 662/1371/290 
f 663/1372/316 658/1364/292 591/1367/299 592/1373/182 
f 664/1374/285 659/1375/149 660/1376/290 665/1377/317 
f 666/1378/318 661/1379/169 662/1380/290 667/1381/226 
f 668/1382/319 663/1383/316 592/1384/182 593/1385/253 
f 669/1386/210 664/1374/285 665/1377/317 670/1387/320 
f 671/1388/223 666/1378/318 667/1381/226 672/1389/320 
f 673/1390/287 668/1382/319 593/1385/253 595/1391/254 
f 674/1392/288 669/1386/210 670/1387/320 675/1393/321 
f 676/1394/322 671/1388/223 672/1389/320 677/1395/321 
f 678/1396/288 673/1390/287 595/1391/254 596/1397/300 
f 679/1398/208 674/1392/288 675/1393/321 680/1399/212 
f 681/1400/163 676/1394/322 677/1395/321 682/1401/164 
f 683/1402/323 678/1396/288 596/1397/300 597/1403/301 
f 625/1315/310 679/1404/208 680/1405/212 626/1316/215 
f 629/1319/162 681/1406/163 682/1407/164 630/1320/165 
f 633/1323/162 683/1408/323 597/1409/301 584/1324/294 
f 545/1410/165 684/1411/194 685/1412/194 546/1413/160 
f 546/1414/160 685/1415/194 686/1416/194 548/1417/161 
f 548/1418/161 686/1419/194 687/1420/194 688/1421/194 
f 688/1422/194 687/1423/194 689/1424/194 551/1425/157 
f 551/1426/157 689/1427/194 690/1428/194 552/1429/155 
f 552/1430/155 690/1431/194 691/1432/194 554/1433/243 
f 554/1434/243 691/1435/194 692/1436/194 556/1437/290 
f 556/1438/290 692/1439/194 693/1440/194 558/1441/151 
f 558/1442/151 693/1443/194 694/1444/194 695/1445/194 
f 695/1446/194 694/1447/194 696/1448/194 561/1449/167 
f 561/1450/167 696/1451/194 697/1452/194 562/1453/164 
f 562/1454/164 697/1455/194 684/1456/194 545/1457/165 
f 624/1458/175 698/1459/180 699/1460/180 625/1461/310 
f 654/1462/282 700/1463/180 701/1464/180 649/1465/172 
f 649/1466/172 701/1467/180 702/1468/180 644/1469/230 
f 644/1470/230 702/1471/180 703/1472/180 639/1473/232 
f 639/1474/232 703/1475/180 704/1476/180 634/1477/311 
f 634/1478/311 704/1479/180 698/1480/180 624/1481/175 
f 626/1482/215 705/1483/194 706/1484/289 627/1485/240 
f 627/1486/240 706/1487/289 707/1488/289 635/1489/236 
f 635/1490/236 707/1491/289 708/1492/194 640/1493/312 
f 640/1494/312 708/1495/194 709/1496/194 645/1497/313 
f 645/1498/313 709/1499/194 710/1500/194 650/1501/279 
f 650/1502/279 710/1503/194 711/1504/194 655/1505/243 
f 655/1506/243 711/1507/194 712/1508/194 660/1509/290 
f 660/1510/290 712/1511/194 713/1512/194 665/1513/317 
f 665/1514/317 713/1515/194 714/1516/194 670/1517/320 
f 670/1518/320 714/1519/194 715/1520/194 675/1521/321 
f 675/1522/321 715/1523/194 716/1524/194 680/1525/212 
f 680/1526/212 716/1527/194 705/1528/194 626/1529/215 
f 628/1530/268 717/1531/180 718/1532/180 629/1533/162 
f 629/1534/162 718/1535/180 719/1536/180 681/1537/163 
f 681/1538/163 719/1539/180 720/1540/180 676/1541/322 
f 676/1542/322 720/1543/180 721/1544/180 671/1545/223 
f 671/1546/223 721/1547/180 722/1548/180 666/1549/318 
f 666/1550/318 722/1551/180 723/1552/180 661/1553/169 
f 661/1554/169 723/1555/180 724/1556/180 656/1557/292 
f 656/1558/292 724/1559/180 725/1560/180 651/1561/172 
f 651/1562/172 725/1563/180 726/1564/180 646/1565/230 
f 646/1566/230 726/1567/180 727/1568/180 641/1569/232 
f 641/1570/232 727/1571/180 728/1572/180 636/1573/311 
f 636/1574/311 728/1575/180 717/1576/180 628/1577/268 
f 630/1578/165 729/1579/194 730/1580/194 631/1581/240 
f 631/1582/240 730/1583/194 731/1584/289 637/1585/270 
f 637/1586/270 731/1587/289 732/1588/194 642/1589/312 
f 642/1590/312 732/1591/194 733/1592/194 647/1593/314 
f 647/1594/314 733/1595/194 734/1596/194 652/1597/155 
f 652/1598/155 734/1599/194 735/1600/194 657/1601/243 
f 657/1602/243 735/1603/194 736/1604/194 662/1605/290 
f 662/1606/290 736/1607/194 737/1608/194 667/1609/226 
f 667/1610/226 737/1611/194 738/1612/194 672/1613/320 
f 672/1614/320 738/1615/194 739/1616/194 677/1617/321 
f 677/1618/321 739/1619/194 740/1620/194 682/1621/164 
f 682/1622/164 740/1623/194 729/1624/194 630/1625/165 
f 632/1626/175 741/1627/180 742/1628/180 633/1629/162 
f 633/1630/162 742/1631/180 743/1632/180 683/1633/323 
f 663/1634/316 744/1635/180 745/1636/180 658/1637/292 
f 658/1638/292 745/1639/180 746/1640/180 653/1641/172 
f 653/1642/172 746/1643/180 747/1644/180 648/1645/315 
f 648/1646/315 747/1647/180 748/1648/180 643/1649/234 
f 643/1650/234 748/1651/180 749/1652/180 638/1653/311 
f 638/1654/311 749/1655/180 741/1656/180 632/1657/175 
# 542 polygons - 20 triangles

#
# object turret_a_boltz
#

v  -0.0000 -0.0000 1.5351
v  -0.0000 0.4669 1.4612
v  -0.1443 0.4441 1.4612
v  -0.2745 0.3778 1.4612
v  -0.3778 0.2745 1.4612
v  -0.4441 0.1443 1.4612
v  -0.4669 -0.0000 1.4612
v  -0.4441 -0.1443 1.4612
v  -0.3778 -0.2745 1.4612
v  -0.2745 -0.3778 1.4612
v  -0.1443 -0.4441 1.4612
v  0.0000 -0.4669 1.4612
v  0.1443 -0.4441 1.4612
v  0.2745 -0.3778 1.4612
v  0.3778 -0.2745 1.4612
v  0.4441 -0.1443 1.4612
v  0.4669 0.0000 1.4612
v  0.4441 0.1443 1.4612
v  0.3778 0.2745 1.4612
v  0.2745 0.3778 1.4612
v  0.1443 0.4441 1.4612
v  -0.0000 0.8882 1.2466
v  -0.2745 0.8447 1.2466
v  -0.5221 0.7185 1.2466
v  -0.7185 0.5221 1.2466
v  -0.8447 0.2745 1.2466
v  -0.8882 -0.0000 1.2466
v  -0.8447 -0.2745 1.2466
v  -0.7185 -0.5221 1.2466
v  -0.5221 -0.7185 1.2466
v  -0.2745 -0.8447 1.2466
v  0.0000 -0.8882 1.2466
v  0.2745 -0.8447 1.2466
v  0.5221 -0.7185 1.2466
v  0.7185 -0.5221 1.2466
v  0.8447 -0.2745 1.2466
v  0.8882 0.0000 1.2466
v  0.8447 0.2745 1.2466
v  0.7185 0.5221 1.2466
v  0.5221 0.7185 1.2466
v  0.2745 0.8447 1.2466
v  -0.0000 0.8882 1.0104
v  -0.2745 0.8447 1.0104
v  -0.5221 0.7185 1.0104
v  -0.7185 0.5221 1.0104
v  -0.8447 0.2745 1.0104
v  -0.8882 -0.0000 1.0104
v  -0.8447 -0.2745 1.0104
v  -0.7185 -0.5221 1.0104
v  -0.5221 -0.7185 1.0104
v  -0.2745 -0.8447 1.0104
v  0.0000 -0.8882 1.0104
v  0.2745 -0.8447 1.0104
v  0.5221 -0.7185 1.0104
v  0.7185 -0.5221 1.0104
v  0.8447 -0.2745 1.0104
v  0.8882 0.0000 1.0104
v  0.8447 0.2745 1.0104
v  0.7185 0.5221 1.0104
v  0.5221 0.7185 1.0104
v  0.2745 0.8447 1.0104
# 61 vertices

vn -0.0000 0.0000 1.0000
vn -0.0000 0.3230 0.9464
vn -0.0998 0.3072 0.9464
vn -0.1899 0.2613 0.9464
vn -0.2613 0.1899 0.9464
vn -0.3072 0.0998 0.9464
vn -0.3230 -0.0000 0.9464
vn -0.3072 -0.0998 0.9464
vn -0.2613 -0.1899 0.9464
vn -0.1899 -0.2613 0.9464
vn -0.0998 -0.3072 0.9464
vn 0.0000 -0.3230 0.9464
vn 0.0998 -0.3072 0.9464
vn 0.1899 -0.2613 0.9464
vn 0.2613 -0.1899 0.9464
vn 0.3072 -0.0998 0.9464
vn 0.3230 0.0000 0.9464
vn 0.3072 0.0998 0.9464
vn 0.2613 0.1899 0.9464
vn 0.1899 0.2613 0.9464
vn 0.0998 0.3072 0.9464
vn -0.0000 0.8657 0.5006
vn -0.2675 0.8233 0.5006
vn -0.5089 0.7004 0.5005
vn -0.7004 0.5088 0.5006
vn -0.8233 0.2675 0.5006
vn -0.8657 0.0000 0.5006
vn -0.8234 -0.2675 0.5005
vn -0.7004 -0.5088 0.5006
vn -0.5088 -0.7004 0.5006
vn -0.2675 -0.8233 0.5006
vn 0.0000 -0.8657 0.5006
vn 0.2675 -0.8233 0.5006
vn 0.5089 -0.7004 0.5006
vn 0.7004 -0.5088 0.5006
vn 0.8233 -0.2675 0.5005
vn 0.8657 0.0000 0.5006
vn 0.8233 0.2675 0.5006
vn 0.7004 0.5089 0.5006
vn 0.5088 0.7004 0.5005
vn 0.2675 0.8233 0.5005
vn -0.0000 1.0000 0.0000
vn -0.3090 0.9511 0.0000
vn -0.5878 0.8090 0.0000
vn -0.8090 0.5878 0.0000
vn -0.9511 0.3090 0.0000
vn -1.0000 -0.0000 -0.0000
vn -0.9511 -0.3090 -0.0000
vn -0.8090 -0.5878 0.0000
vn -0.5878 -0.8090 0.0000
vn -0.3090 -0.9511 0.0000
vn 0.0000 -1.0000 0.0000
vn 0.3090 -0.9511 0.0000
vn 0.5878 -0.8090 0.0000
vn 0.8090 -0.5878 0.0000
vn 0.9511 -0.3090 0.0000
vn 1.0000 -0.0000 0.0000
vn 0.9511 0.3090 0.0000
vn 0.8090 0.5878 0.0000
vn 0.5878 0.8090 0.0000
vn 0.3090 0.9511 0.0000
# 61 vertex normals

vt 0.8736 0.8386 0.0548
vt 0.8736 0.9210 0.0267
vt 0.8597 0.9170 0.0267
vt 0.8472 0.9052 0.0267
vt 0.8372 0.8870 0.0267
vt 0.8309 0.8641 0.0267
vt 0.8287 0.8386 0.0267
vt 0.8309 0.8131 0.0267
vt 0.8372 0.7902 0.0267
vt 0.8472 0.7719 0.0267
vt 0.8597 0.7602 0.0267
vt 0.8736 0.7562 0.0267
vt 0.8874 0.7602 0.0267
vt 0.8999 0.7719 0.0267
vt 0.9099 0.7902 0.0267
vt 0.9163 0.8131 0.0267
vt 0.9185 0.8386 0.0267
vt 0.9163 0.8641 0.0267
vt 0.9099 0.8870 0.0267
vt 0.8999 0.9052 0.0267
vt 0.8874 0.9170 0.0267
vt 0.8736 0.9953 -0.0548
vt 0.8472 0.9876 -0.0548
vt 0.8234 0.9654 -0.0548
vt 0.8045 0.9307 -0.0548
vt 0.7924 0.8870 -0.0548
vt 0.7882 0.8386 -0.0548
vt 0.7924 0.7902 -0.0548
vt 0.8045 0.7465 -0.0548
vt 0.8234 0.7118 -0.0548
vt 0.8472 0.6895 -0.0548
vt 0.8736 0.6819 -0.0548
vt 0.8999 0.6895 -0.0548
vt 0.9237 0.7118 -0.0548
vt 0.9426 0.7465 -0.0548
vt 0.9548 0.7902 -0.0548
vt 0.9589 0.8386 -0.0548
vt 0.9548 0.8870 -0.0548
vt 0.9426 0.9307 -0.0548
vt 0.9237 0.9654 -0.0548
vt 0.8999 0.9876 -0.0548
vt 0.3533 0.5272 0.0084
vt 0.3799 0.5272 -0.0084
vt 0.3799 0.5689 -0.0084
vt 0.3533 0.5689 0.0084
vt 0.7737 0.6529 0.0253
vt 0.7986 0.6529 -0.0253
vt 0.7986 0.6962 -0.0253
vt 0.7737 0.6962 0.0253
vt 0.7012 0.5997 0.0426
vt 0.7226 0.5997 -0.0426
vt 0.7226 0.6466 -0.0426
vt 0.7012 0.6466 0.0426
vt 0.8123 0.6432 0.0106
vt 0.8474 0.6432 -0.0106
vt 0.8474 0.6764 -0.0106
vt 0.8123 0.6764 0.0106
vt 0.4789 0.5272 0.0034
vt 0.5157 0.5272 -0.0034
vt 0.5157 0.5587 -0.0034
vt 0.4789 0.5587 0.0034
vt 0.5272 0.5272 -0.0034
vt 0.5640 0.5272 0.0034
vt 0.5640 0.5587 0.0034
vt 0.5272 0.5587 -0.0034
vt 0.7060 0.2953 -0.0106
vt 0.7411 0.2953 0.0106
vt 0.7411 0.3285 0.0106
vt 0.7060 0.3285 -0.0106
vt 0.7592 0.1938 0.0426
vt 0.7806 0.1938 -0.0426
vt 0.7806 0.2406 -0.0426
vt 0.7592 0.2406 0.0426
vt 0.7640 0.6045 0.0253
vt 0.7890 0.6045 -0.0253
vt 0.7890 0.6479 -0.0253
vt 0.7640 0.6479 0.0253
vt 0.3339 0.5707 0.0084
vt 0.3605 0.5707 -0.0084
vt 0.3605 0.6124 -0.0084
vt 0.3339 0.6124 0.0084
vt 0.3339 0.6142 -0.0084
vt 0.3605 0.6142 0.0084
vt 0.3605 0.6559 0.0084
vt 0.3339 0.6559 -0.0084
vt 0.7254 0.6045 -0.0253
vt 0.7503 0.6045 0.0253
vt 0.7503 0.6479 0.0253
vt 0.7254 0.6479 -0.0253
vt 0.7350 0.1938 -0.0426
vt 0.7564 0.1938 0.0426
vt 0.7564 0.2406 0.0426
vt 0.7350 0.2406 -0.0426
vt 0.6239 0.5127 -0.0106
vt 0.6589 0.5127 0.0106
vt 0.6589 0.5459 0.0106
vt 0.6239 0.5459 -0.0106
vt 0.4306 0.5272 -0.0034
vt 0.4674 0.5272 0.0034
vt 0.4674 0.5587 0.0034
vt 0.4306 0.5587 -0.0034
vt 0.5756 0.5272 0.0034
vt 0.6124 0.5272 -0.0034
vt 0.6124 0.5587 -0.0034
vt 0.5756 0.5587 0.0034
vt 0.7060 0.3339 0.0106
vt 0.7411 0.3339 -0.0106
vt 0.7411 0.3671 -0.0106
vt 0.7060 0.3671 0.0106
vt 0.7833 0.1938 -0.0426
vt 0.8047 0.1938 0.0426
vt 0.8047 0.2406 0.0426
vt 0.7833 0.2406 -0.0426
vt 0.7157 0.2470 -0.0253
vt 0.7406 0.2470 0.0253
vt 0.7406 0.2903 0.0253
vt 0.7157 0.2903 -0.0253
vt 0.3919 0.5272 -0.0084
vt 0.4185 0.5272 0.0084
vt 0.4185 0.5689 0.0084
vt 0.3919 0.5689 -0.0084
# 121 texture coords

o turret_a_boltz
g turret_a_boltz
usemtl boltz
s 1
f 750/1658/324 751/1659/325 752/1660/326 
f 750/1658/324 752/1660/326 753/1661/327 
f 750/1658/324 753/1661/327 754/1662/328 
f 750/1658/324 754/1662/328 755/1663/329 
f 750/1658/324 755/1663/329 756/1664/330 
f 750/1658/324 756/1664/330 757/1665/331 
f 750/1658/324 757/1665/331 758/1666/332 
f 750/1658/324 758/1666/332 759/1667/333 
f 750/1658/324 759/1667/333 760/1668/334 
f 750/1658/324 760/1668/334 761/1669/335 
f 750/1658/324 761/1669/335 762/1670/336 
f 750/1658/324 762/1670/336 763/1671/337 
f 750/1658/324 763/1671/337 764/1672/338 
f 750/1658/324 764/1672/338 765/1673/339 
f 750/1658/324 765/1673/339 766/1674/340 
f 750/1658/324 766/1674/340 767/1675/341 
f 750/1658/324 767/1675/341 768/1676/342 
f 750/1658/324 768/1676/342 769/1677/343 
f 750/1658/324 769/1677/343 770/1678/344 
f 750/1658/324 770/1678/344 751/1659/325 
f 751/1659/325 771/1679/345 772/1680/346 752/1660/326 
f 752/1660/326 772/1680/346 773/1681/347 753/1661/327 
f 753/1661/327 773/1681/347 774/1682/348 754/1662/328 
f 754/1662/328 774/1682/348 775/1683/349 755/1663/329 
f 755/1663/329 775/1683/349 776/1684/350 756/1664/330 
f 756/1664/330 776/1684/350 777/1685/351 757/1665/331 
f 757/1665/331 777/1685/351 778/1686/352 758/1666/332 
f 758/1666/332 778/1686/352 779/1687/353 759/1667/333 
f 759/1667/333 779/1687/353 780/1688/354 760/1668/334 
f 760/1668/334 780/1688/354 781/1689/355 761/1669/335 
f 761/1669/335 781/1689/355 782/1690/356 762/1670/336 
f 762/1670/336 782/1690/356 783/1691/357 763/1671/337 
f 763/1671/337 783/1691/357 784/1692/358 764/1672/338 
f 764/1672/338 784/1692/358 785/1693/359 765/1673/339 
f 765/1673/339 785/1693/359 786/1694/360 766/1674/340 
f 766/1674/340 786/1694/360 787/1695/361 767/1675/341 
f 767/1675/341 787/1695/361 788/1696/362 768/1676/342 
f 768/1676/342 788/1696/362 789/1697/363 769/1677/343 
f 769/1677/343 789/1697/363 790/1698/364 770/1678/344 
f 770/1678/344 790/1698/364 771/1679/345 751/1659/325 
f 791/1699/365 792/1700/366 772/1701/346 771/1702/345 
f 792/1703/366 793/1704/367 773/1705/347 772/1706/346 
f 793/1707/367 794/1708/368 774/1709/348 773/1710/347 
f 794/1711/368 795/1712/369 775/1713/349 774/1714/348 
f 795/1715/369 796/1716/370 776/1717/350 775/1718/349 
f 796/1719/370 797/1720/371 777/1721/351 776/1722/350 
f 797/1723/371 798/1724/372 778/1725/352 777/1726/351 
f 798/1727/372 799/1728/373 779/1729/353 778/1730/352 
f 799/1731/373 800/1732/374 780/1733/354 779/1734/353 
f 800/1735/374 801/1736/375 781/1737/355 780/1738/354 
f 801/1739/375 802/1740/376 782/1741/356 781/1742/355 
f 802/1743/376 803/1744/377 783/1745/357 782/1746/356 
f 803/1747/377 804/1748/378 784/1749/358 783/1750/357 
f 804/1751/378 805/1752/379 785/1753/359 784/1754/358 
f 805/1755/379 806/1756/380 786/1757/360 785/1758/359 
f 806/1759/380 807/1760/381 787/1761/361 786/1762/360 
f 807/1763/381 808/1764/382 788/1765/362 787/1766/361 
f 808/1767/382 809/1768/383 789/1769/363 788/1770/362 
f 809/1771/383 810/1772/384 790/1773/364 789/1774/363 
f 810/1775/384 791/1776/365 771/1777/345 790/1778/364 
# 40 polygons - 20 triangles

#
# object turret_a_color
#

v  -0.0000 1.4371 0.4669
v  -0.0000 1.5110 -0.0000
v  -0.4669 1.4371 -0.0000
v  -0.4441 1.3668 0.4669
v  -0.8882 1.2225 -0.0000
v  -0.8447 1.1626 0.4669
v  -1.2225 0.8882 -0.0000
v  -1.1626 0.8447 0.4669
v  -1.4371 0.4669 -0.0000
v  -1.3668 0.4441 0.4669
v  -1.5110 -0.0000 -0.0000
v  -1.4371 -0.0000 0.4669
v  -1.4371 -0.4669 -0.0000
v  -1.3668 -0.4441 0.4669
v  -1.2225 -0.8882 -0.0000
v  -1.1626 -0.8447 0.4669
v  -0.8882 -1.2225 -0.0000
v  -0.8447 -1.1626 0.4669
v  -0.4669 -1.4371 -0.0000
v  -0.4441 -1.3668 0.4669
v  0.0000 -1.5110 -0.0000
v  0.0000 -1.4371 0.4669
v  0.4669 -1.4371 -0.0000
v  0.4441 -1.3668 0.4669
v  0.8882 -1.2225 -0.0000
v  0.8447 -1.1626 0.4669
v  1.2225 -0.8882 -0.0000
v  1.1626 -0.8447 0.4669
v  1.4371 -0.4669 -0.0000
v  1.3668 -0.4441 0.4669
v  1.5110 0.0000 -0.0000
v  1.4371 0.0000 0.4669
v  1.4371 0.4669 -0.0000
v  1.3668 0.4441 0.4669
v  1.2225 0.8882 -0.0000
v  1.1626 0.8447 0.4669
v  0.8882 1.2225 -0.0000
v  0.8447 1.1626 0.4669
v  0.4669 1.4371 -0.0000
v  0.4441 1.3668 0.4669
v  -0.0000 1.4371 -0.4669
v  -0.4441 1.3668 -0.4669
v  -0.8447 1.1626 -0.4669
v  -1.1626 0.8447 -0.4669
v  -1.3668 0.4441 -0.4669
v  -1.4371 -0.0000 -0.4669
v  -1.3668 -0.4441 -0.4669
v  -1.1626 -0.8447 -0.4669
v  -0.8447 -1.1626 -0.4669
v  -0.4441 -1.3668 -0.4669
v  0.0000 -1.4371 -0.4669
v  0.4441 -1.3668 -0.4669
v  0.8447 -1.1626 -0.4669
v  1.1626 -0.8447 -0.4669
v  1.3668 -0.4441 -0.4669
v  1.4371 0.0000 -0.4669
v  1.3668 0.4441 -0.4669
v  1.1626 0.8447 -0.4669
v  0.8447 1.1626 -0.4669
v  0.4441 1.3668 -0.4669
v  1.4051 -0.3071 -0.3225
v  1.4051 -0.3660 -0.2636
v  1.4051 -0.3876 -0.1831
v  1.4051 -0.3660 -0.1026
v  1.4051 -0.3071 -0.0436
v  1.4051 -0.2266 -0.0221
v  1.4051 -0.1461 -0.0436
v  1.4051 -0.0872 -0.1026
v  1.4051 -0.0656 -0.1831
v  1.4051 -0.0872 -0.2636
v  1.4051 -0.1461 -0.3225
v  1.4051 -0.2266 -0.3441
v  2.7186 -0.0656 -0.1831
v  2.7186 -0.0872 -0.2636
v  2.7186 -0.0872 -0.1026
v  2.7186 -0.3876 -0.1831
v  2.7186 -0.3660 -0.1026
v  2.7186 -0.3660 -0.2636
v  3.1591 -0.0385 -0.2916
v  3.1591 -0.0095 -0.1831
v  4.0360 -0.0095 -0.1831
v  4.0360 -0.0385 -0.2916
v  3.1591 -0.0385 -0.0745
v  4.0360 -0.0385 -0.0745
v  3.1591 -0.4146 -0.0745
v  3.1591 -0.4437 -0.1831
v  4.0360 -0.4437 -0.1831
v  4.0360 -0.4146 -0.0745
v  3.1591 -0.4146 -0.2916
v  4.0360 -0.4146 -0.2916
v  1.4051 0.3071 -0.3225
v  1.4051 0.2266 -0.3441
v  1.4051 0.1461 -0.3225
v  1.4051 0.0872 -0.2636
v  1.4051 0.0656 -0.1831
v  1.4051 0.0872 -0.1026
v  1.4051 0.1461 -0.0436
v  1.4051 0.2266 -0.0221
v  1.4051 0.3071 -0.0436
v  1.4051 0.3660 -0.1026
v  1.4051 0.3876 -0.1831
v  1.4051 0.3660 -0.2636
v  2.7186 0.0872 -0.2636
v  2.7186 0.0656 -0.1831
v  2.7186 0.0872 -0.1026
v  2.7186 0.3660 -0.1026
v  2.7186 0.3876 -0.1831
v  2.7186 0.3660 -0.2636
v  3.1591 0.0385 -0.2916
v  4.0360 0.0385 -0.2916
v  4.0360 0.0095 -0.1831
v  3.1591 0.0095 -0.1831
v  4.0360 0.0385 -0.0745
v  3.1591 0.0385 -0.0745
v  3.1591 0.4146 -0.0745
v  4.0360 0.4146 -0.0745
v  4.0360 0.4437 -0.1831
v  3.1591 0.4437 -0.1831
v  4.0360 0.4146 -0.2916
v  3.1591 0.4146 -0.2916
v  1.4051 0.0805 0.0576
v  1.4051 0.0000 0.0360
v  1.4051 -0.0805 0.0576
v  1.4051 -0.1394 0.1165
v  1.4051 -0.1610 0.1970
v  1.4051 -0.1394 0.2775
v  1.4051 -0.0805 0.3364
v  1.4051 0.0000 0.3580
v  1.4051 0.0805 0.3364
v  1.4051 0.1394 0.2775
v  1.4051 0.1610 0.1970
v  1.4051 0.1394 0.1165
v  2.7186 -0.1394 0.1165
v  2.7186 -0.1610 0.1970
v  2.7186 -0.1394 0.2775
v  2.7186 0.1394 0.2775
v  2.7186 0.1610 0.1970
v  2.7186 0.1394 0.1165
v  3.1591 -0.1880 0.0884
v  4.0360 -0.1880 0.0884
v  4.0360 -0.2171 0.1970
v  3.1591 -0.2171 0.1970
v  4.0360 -0.1880 0.3056
v  3.1591 -0.1880 0.3056
v  3.1591 0.1880 0.3056
v  4.0360 0.1880 0.3056
v  4.0360 0.2171 0.1970
v  3.1591 0.2171 0.1970
v  4.0360 0.1880 0.0884
v  3.1591 0.1880 0.0884
# 150 vertices

vn -0.0000 0.9877 0.1564
vn -0.0000 1.0000 -0.0000
vn -0.3090 0.9511 -0.0000
vn -0.3052 0.9393 0.1564
vn -0.5878 0.8090 -0.0000
vn -0.5805 0.7991 0.1564
vn -0.8090 0.5878 -0.0000
vn -0.7991 0.5805 0.1564
vn -0.9511 0.3090 -0.0000
vn -0.9393 0.3052 0.1564
vn -1.0000 -0.0000 -0.0000
vn -0.9877 -0.0000 0.1564
vn -0.9511 -0.3090 -0.0000
vn -0.9393 -0.3052 0.1564
vn -0.8090 -0.5878 -0.0000
vn -0.7991 -0.5805 0.1564
vn -0.5878 -0.8090 -0.0000
vn -0.5805 -0.7991 0.1564
vn -0.3090 -0.9511 -0.0000
vn -0.3052 -0.9393 0.1564
vn 0.0000 -1.0000 -0.0000
vn 0.0000 -0.9877 0.1564
vn 0.3090 -0.9511 -0.0000
vn 0.3052 -0.9393 0.1564
vn 0.5878 -0.8090 -0.0000
vn 0.5805 -0.7991 0.1564
vn 0.8090 -0.5878 -0.0000
vn 0.7991 -0.5805 0.1564
vn 0.9511 -0.3090 -0.0000
vn 0.9393 -0.3052 0.1564
vn 1.0000 0.0000 -0.0000
vn 0.9877 0.0000 0.1564
vn 0.9511 0.3090 -0.0000
vn 0.9393 0.3052 0.1564
vn 0.8090 0.5878 -0.0000
vn 0.7991 0.5806 0.1564
vn 0.5878 0.8090 -0.0000
vn 0.5805 0.7991 0.1564
vn 0.3090 0.9511 -0.0000
vn 0.3052 0.9393 0.1564
vn -0.0000 0.9877 -0.1564
vn -0.3052 0.9393 -0.1564
vn -0.5805 0.7991 -0.1564
vn -0.7991 0.5805 -0.1564
vn -0.9393 0.3052 -0.1564
vn -0.9877 -0.0000 -0.1564
vn -0.9393 -0.3052 -0.1564
vn -0.7991 -0.5805 -0.1564
vn -0.5805 -0.7991 -0.1564
vn -0.3052 -0.9393 -0.1564
vn 0.0000 -0.9877 -0.1564
vn 0.3052 -0.9393 -0.1564
vn 0.5805 -0.7991 -0.1564
vn 0.7991 -0.5805 -0.1564
vn 0.9393 -0.3052 -0.1564
vn 0.9877 0.0000 -0.1564
vn 0.9393 0.3052 -0.1564
vn 0.7991 0.5806 -0.1564
vn 0.5805 0.7991 -0.1564
vn 0.3052 0.9393 -0.1564
vn -1.0000 0.0000 0.0000
vn -0.8574 -0.4970 -0.1332
vn -0.6533 -0.7571 0.0000
vn -0.8575 -0.4970 0.1332
vn -0.8575 0.4970 0.1332
vn -0.6532 0.7572 -0.0000
vn -0.8575 0.4970 -0.1332
vn -0.0000 0.9659 -0.2588
vn 0.0000 0.9659 0.2588
vn 0.0000 -1.0000 0.0000
vn 0.0000 -0.9659 0.2588
vn 0.0000 -0.9659 -0.2588
vn 0.0000 0.9659 -0.2588
vn 0.0000 1.0000 0.0000
vn -0.0000 -1.0000 -0.0000
vn -0.0000 -0.9659 -0.2588
vn -0.8575 -0.4970 -0.1332
vn -0.6532 -0.7572 0.0000
vn -0.6533 0.7571 0.0000
vn -0.8574 0.4970 -0.1332
vn -0.6532 -0.7572 -0.0000
vn -0.6532 0.7572 0.0000
vn 0.0000 1.0000 -0.0000
vn -0.0000 -1.0000 -0.0001
# 84 vertex normals

vt 0.6620 0.9146 0.1313
vt 0.6620 0.8275 0.1614
vt 0.7098 0.8275 0.1313
vt 0.7075 0.9146 0.1026
vt 0.7529 0.8275 0.0438
vt 0.7485 0.9146 0.0195
vt 0.7871 0.8275 -0.0923
vt 0.7810 0.9146 -0.1100
vt 0.2772 0.1879 0.0287
vt 0.2711 0.1233 0.0188
vt 0.3298 0.1233 -0.0165
vt 0.3330 0.1879 -0.0049
vt 0.3949 0.1233 -0.0287
vt 0.3949 0.1879 -0.0165
vt 0.4600 0.1233 -0.0165
vt 0.4568 0.1879 -0.0049
vt 0.5187 0.1233 0.0188
vt 0.5127 0.1879 0.0287
vt 0.2917 0.9146 0.1100
vt 0.2856 0.8275 0.0923
vt 0.3198 0.8275 -0.0438
vt 0.3243 0.9146 -0.0195
vt 0.3629 0.8275 -0.1313
vt 0.3653 0.9146 -0.1026
vt 0.4107 0.8275 -0.1614
vt 0.4107 0.9146 -0.1313
vt 0.4585 0.8275 -0.1313
vt 0.4562 0.9146 -0.1026
vt 0.5016 0.8275 -0.0438
vt 0.4972 0.9146 -0.0195
vt 0.5358 0.8275 0.0923
vt 0.5297 0.9146 0.1100
vt 0.7556 0.1879 -0.0287
vt 0.7495 0.1233 -0.0188
vt 0.8082 0.1233 0.0165
vt 0.8114 0.1879 0.0049
vt 0.8733 0.1233 0.0287
vt 0.8733 0.1879 0.0165
vt 0.9384 0.1233 0.0165
vt 0.9352 0.1879 0.0049
vt 0.9971 0.1233 -0.0188
vt 0.9911 0.1879 -0.0287
vt 0.5430 0.9146 -0.1100
vt 0.5369 0.8275 -0.0923
vt 0.5711 0.8275 0.0438
vt 0.5756 0.9146 0.0195
vt 0.6142 0.8275 0.1313
vt 0.6166 0.9146 0.1026
vt 0.6620 0.7405 0.1313
vt 0.7075 0.7405 0.1026
vt 0.7485 0.7405 0.0195
vt 0.7810 0.7405 -0.1100
vt 0.2772 0.0588 0.0287
vt 0.3330 0.0588 -0.0049
vt 0.3949 0.0588 -0.0165
vt 0.4568 0.0588 -0.0049
vt 0.5127 0.0588 0.0287
vt 0.2917 0.7405 0.1100
vt 0.3243 0.7405 -0.0195
vt 0.3653 0.7405 -0.1026
vt 0.4107 0.7405 -0.1313
vt 0.4562 0.7405 -0.1026
vt 0.4972 0.7405 -0.0195
vt 0.5297 0.7405 0.1100
vt 0.7556 0.0588 -0.0287
vt 0.8114 0.0588 0.0049
vt 0.8733 0.0588 0.0165
vt 0.9352 0.0588 0.0049
vt 0.9911 0.0588 -0.0287
vt 0.5430 0.7405 -0.1100
vt 0.5756 0.7405 0.0195
vt 0.6166 0.7405 0.1026
vt 0.2791 0.5301 0.0000
vt 0.2870 0.5379 -0.0000
vt 0.2899 0.5485 -0.0000
vt 0.2870 0.5592 -0.0000
vt 0.2791 0.5670 0.0000
vt 0.2684 0.5698 0.0000
vt 0.2577 0.5670 0.0000
vt 0.2498 0.5592 0.0000
vt 0.2470 0.5485 0.0000
vt 0.2498 0.5379 0.0000
vt 0.2577 0.5301 0.0000
vt 0.2684 0.5272 0.0000
vt 0.7012 0.0820 0.0096
vt 0.7012 0.1008 0.0206
vt 0.5321 0.1008 0.0206
vt 0.5321 0.0820 0.0096
vt 0.7012 0.1197 0.0096
vt 0.5321 0.1197 0.0096
vt 0.5176 0.0521 -0.0096
vt 0.5176 0.0332 -0.0206
vt 0.6867 0.0332 -0.0206
vt 0.6867 0.0521 -0.0096
vt 0.5176 0.0143 -0.0096
vt 0.6867 0.0143 -0.0096
vt 0.9851 0.2699 0.0126
vt 0.9851 0.2947 0.0271
vt 0.8752 0.2947 0.0271
vt 0.8752 0.2699 0.0126
vt 0.9851 0.3195 0.0126
vt 0.8752 0.3195 0.0126
vt 0.0102 0.5128 -0.0126
vt 0.0102 0.4880 -0.0271
vt 0.1201 0.4880 -0.0271
vt 0.1201 0.5128 -0.0126
vt 0.0102 0.4632 -0.0126
vt 0.1201 0.4632 -0.0126
vt 0.2915 0.5736 0.0000
vt 0.3022 0.5707 0.0000
vt 0.3130 0.5736 0.0000
vt 0.3208 0.5814 0.0000
vt 0.3237 0.5920 0.0000
vt 0.3208 0.6027 0.0000
vt 0.3130 0.6104 0.0000
vt 0.3022 0.6133 0.0000
vt 0.2915 0.6104 0.0000
vt 0.2837 0.6027 0.0000
vt 0.2808 0.5920 0.0000
vt 0.2837 0.5814 0.0000
vt 0.2759 0.2704 -0.0096
vt 0.4451 0.2704 -0.0096
vt 0.4451 0.2893 -0.0206
vt 0.2759 0.2893 -0.0206
vt 0.4451 0.3082 -0.0096
vt 0.2759 0.3082 -0.0096
vt 0.6915 0.1874 0.0096
vt 0.5224 0.1874 0.0096
vt 0.5224 0.1685 0.0206
vt 0.6915 0.1685 0.0206
vt 0.5224 0.1496 0.0096
vt 0.6915 0.1496 0.0096
vt 0.8752 0.4439 -0.0126
vt 0.9851 0.4439 -0.0126
vt 0.9851 0.4687 -0.0271
vt 0.8752 0.4687 -0.0271
vt 0.9851 0.4934 -0.0126
vt 0.8752 0.4934 -0.0126
vt 0.9851 0.4065 0.0126
vt 0.8752 0.4065 0.0126
vt 0.8752 0.3817 0.0271
vt 0.9851 0.3817 0.0271
vt 0.8752 0.3569 0.0126
vt 0.9851 0.3569 0.0126
vt 0.3108 0.5301 0.0000
vt 0.3216 0.5272 0.0000
vt 0.3323 0.5301 0.0000
vt 0.3402 0.5379 0.0000
vt 0.3430 0.5485 0.0000
vt 0.3402 0.5592 0.0000
vt 0.3323 0.5670 0.0000
vt 0.3216 0.5698 0.0000
vt 0.3108 0.5670 0.0000
vt 0.3030 0.5592 0.0000
vt 0.3001 0.5485 0.0000
vt 0.3030 0.5379 0.0000
vt 0.2663 0.3381 -0.0096
vt 0.4354 0.3381 -0.0096
vt 0.4354 0.3570 -0.0206
vt 0.2663 0.3570 -0.0206
vt 0.4354 0.3758 -0.0096
vt 0.2663 0.3758 -0.0096
vt 0.6239 0.2550 0.0096
vt 0.4547 0.2550 0.0096
vt 0.4547 0.2362 0.0206
vt 0.6239 0.2362 0.0206
vt 0.4547 0.2173 0.0096
vt 0.6239 0.2173 0.0096
vt 0.7543 0.2699 -0.0126
vt 0.8643 0.2699 -0.0126
vt 0.8643 0.2947 -0.0271
vt 0.7543 0.2947 -0.0271
vt 0.8643 0.3195 -0.0126
vt 0.7543 0.3195 -0.0126
vt 0.9851 0.5804 0.0126
vt 0.8752 0.5804 0.0126
vt 0.8752 0.5556 0.0271
vt 0.9851 0.5556 0.0271
vt 0.8752 0.5309 0.0126
vt 0.9851 0.5309 0.0126
# 180 texture coords

o turret_a_color
g turret_a_color
usemtl color
s 1
f 811/1779/385 812/1780/386 813/1781/387 814/1782/388 
f 814/1782/388 813/1781/387 815/1783/389 816/1784/390 
f 816/1784/390 815/1783/389 817/1785/391 818/1786/392 
f 818/1787/392 817/1788/391 819/1789/393 820/1790/394 
f 820/1790/394 819/1789/393 821/1791/395 822/1792/396 
f 822/1792/396 821/1791/395 823/1793/397 824/1794/398 
f 824/1794/398 823/1793/397 825/1795/399 826/1796/400 
f 826/1797/400 825/1798/399 827/1799/401 828/1800/402 
f 828/1800/402 827/1799/401 829/1801/403 830/1802/404 
f 830/1802/404 829/1801/403 831/1803/405 832/1804/406 
f 832/1804/406 831/1803/405 833/1805/407 834/1806/408 
f 834/1806/408 833/1805/407 835/1807/409 836/1808/410 
f 836/1808/410 835/1807/409 837/1809/411 838/1810/412 
f 838/1811/412 837/1812/411 839/1813/413 840/1814/414 
f 840/1814/414 839/1813/413 841/1815/415 842/1816/416 
f 842/1816/416 841/1815/415 843/1817/417 844/1818/418 
f 844/1818/418 843/1817/417 845/1819/419 846/1820/420 
f 846/1821/420 845/1822/419 847/1823/421 848/1824/422 
f 848/1824/422 847/1823/421 849/1825/423 850/1826/424 
f 850/1826/424 849/1825/423 812/1780/386 811/1779/385 
f 812/1780/386 851/1827/425 852/1828/426 813/1781/387 
f 813/1781/387 852/1828/426 853/1829/427 815/1783/389 
f 815/1783/389 853/1829/427 854/1830/428 817/1785/391 
f 817/1788/391 854/1831/428 855/1832/429 819/1789/393 
f 819/1789/393 855/1832/429 856/1833/430 821/1791/395 
f 821/1791/395 856/1833/430 857/1834/431 823/1793/397 
f 823/1793/397 857/1834/431 858/1835/432 825/1795/399 
f 825/1798/399 858/1836/432 859/1837/433 827/1799/401 
f 827/1799/401 859/1837/433 860/1838/434 829/1801/403 
f 829/1801/403 860/1838/434 861/1839/435 831/1803/405 
f 831/1803/405 861/1839/435 862/1840/436 833/1805/407 
f 833/1805/407 862/1840/436 863/1841/437 835/1807/409 
f 835/1807/409 863/1841/437 864/1842/438 837/1809/411 
f 837/1812/411 864/1843/438 865/1844/439 839/1813/413 
f 839/1813/413 865/1844/439 866/1845/440 841/1815/415 
f 841/1815/415 866/1845/440 867/1846/441 843/1817/417 
f 843/1817/417 867/1846/441 868/1847/442 845/1819/419 
f 845/1822/419 868/1848/442 869/1849/443 847/1823/421 
f 847/1823/421 869/1849/443 870/1850/444 849/1825/423 
f 849/1825/423 870/1850/444 851/1827/425 812/1780/386 
usemtl base
f 871/1851/445 872/1852/446 873/1853/447 874/1854/448 875/1855/445 876/1856/445 877/1857/445 878/1858/449 879/1859/450 880/1860/451 881/1861/445 882/1862/445 
usemtl color
f 880/1863/451 879/1864/450 883/1865/386 884/1866/452 
f 879/1864/450 878/1867/449 885/1868/453 883/1865/386 
f 874/1869/448 873/1870/447 886/1871/454 887/1872/455 
f 873/1870/447 872/1873/446 888/1874/456 886/1871/454 
f 889/1875/457 890/1876/458 891/1877/386 892/1878/457 
f 890/1876/458 893/1879/453 894/1880/453 891/1877/386 
f 895/1881/455 896/1882/454 897/1883/459 898/1884/455 
f 896/1882/454 899/1885/460 900/1886/460 897/1883/459 
usemtl base
f 901/1887/445 902/1888/445 903/1889/445 904/1890/461 905/1891/462 906/1892/448 907/1893/445 908/1894/445 909/1895/445 910/1896/449 911/1897/463 912/1898/464 
usemtl color
f 904/1899/461 913/1900/460 914/1901/459 905/1902/462 
f 905/1902/462 914/1901/459 915/1903/455 906/1904/448 
f 910/1905/449 916/1906/453 917/1907/458 911/1908/463 
f 911/1908/463 917/1907/458 918/1909/457 912/1910/464 
f 919/1911/456 920/1912/456 921/1913/459 922/1914/454 
f 922/1914/454 921/1913/459 923/1915/455 924/1916/455 
f 925/1917/453 926/1918/453 927/1919/386 928/1920/386 
f 928/1920/386 927/1919/386 929/1921/457 930/1922/457 
usemtl base
f 931/1923/445 932/1924/445 933/1925/445 934/1926/461 935/1927/465 936/1928/448 937/1929/445 938/1930/445 939/1931/445 940/1932/449 941/1933/466 942/1934/451 
usemtl color
f 934/1935/461 943/1936/460 944/1937/454 935/1938/465 
f 935/1938/465 944/1937/454 945/1939/455 936/1940/448 
f 940/1941/449 946/1942/453 947/1943/467 941/1944/466 
f 941/1944/466 947/1943/467 948/1945/457 942/1946/451 
f 949/1947/460 950/1948/460 951/1949/468 952/1950/454 
f 952/1950/454 951/1949/468 953/1951/455 954/1952/455 
f 955/1953/453 956/1954/453 957/1955/467 958/1956/467 
f 958/1956/467 957/1955/467 959/1957/457 960/1958/457 
# 67 polygons

#
# object turret_a_emissive
#

v  3.5614 -0.3071 -0.3225
v  3.5614 -0.2266 -0.3441
v  3.5614 -0.1461 -0.3225
v  3.5614 -0.0872 -0.2636
v  3.5614 -0.0656 -0.1831
v  3.5614 -0.0872 -0.1026
v  3.5614 -0.1461 -0.0436
v  3.5614 -0.2266 -0.0221
v  3.5614 -0.3071 -0.0436
v  3.5614 -0.3660 -0.1026
v  3.5614 -0.3876 -0.1831
v  3.5614 -0.3660 -0.2636
v  2.7186 -0.1489 -0.3176
v  2.7933 -0.1489 -0.3176
v  2.7933 -0.2266 -0.3384
v  2.7186 -0.2266 -0.3384
v  2.8680 -0.1489 -0.3176
v  2.9428 -0.1489 -0.3176
v  2.9428 -0.2266 -0.3384
v  2.8680 -0.2266 -0.3384
v  3.0175 -0.1489 -0.3176
v  3.0922 -0.1489 -0.3176
v  3.0922 -0.2266 -0.3384
v  3.0175 -0.2266 -0.3384
v  2.7186 -0.0920 -0.2608
v  2.7933 -0.0920 -0.2608
v  2.8680 -0.0920 -0.2608
v  2.9428 -0.0920 -0.2608
v  3.0175 -0.0920 -0.2608
v  3.0922 -0.0920 -0.2608
v  2.7186 -0.0712 -0.1831
v  2.7933 -0.0712 -0.1831
v  2.8680 -0.0712 -0.1831
v  2.9428 -0.0712 -0.1831
v  3.0175 -0.0712 -0.1831
v  3.0922 -0.0712 -0.1831
v  2.7186 -0.0920 -0.1054
v  2.7933 -0.0920 -0.1054
v  2.8680 -0.0920 -0.1054
v  2.9428 -0.0920 -0.1054
v  3.0175 -0.0920 -0.1054
v  3.0922 -0.0920 -0.1054
v  2.7186 -0.1489 -0.0485
v  2.7933 -0.1489 -0.0485
v  2.8680 -0.1489 -0.0485
v  2.9428 -0.1489 -0.0485
v  3.0175 -0.1489 -0.0485
v  3.0922 -0.1489 -0.0485
v  2.7186 -0.2266 -0.0277
v  2.7933 -0.2266 -0.0277
v  2.8680 -0.2266 -0.0277
v  2.9428 -0.2266 -0.0277
v  3.0175 -0.2266 -0.0277
v  3.0922 -0.2266 -0.0277
v  2.7186 -0.3043 -0.0485
v  2.7933 -0.3043 -0.0485
v  2.8680 -0.3043 -0.0485
v  2.9428 -0.3043 -0.0485
v  3.0175 -0.3043 -0.0485
v  3.0922 -0.3043 -0.0485
v  2.7186 -0.3611 -0.1054
v  2.7933 -0.3611 -0.1054
v  2.8680 -0.3611 -0.1054
v  2.9428 -0.3611 -0.1054
v  3.0175 -0.3611 -0.1054
v  3.0922 -0.3611 -0.1054
v  2.7186 -0.3820 -0.1831
v  2.7933 -0.3820 -0.1831
v  2.8680 -0.3820 -0.1831
v  2.9428 -0.3820 -0.1831
v  3.0175 -0.3820 -0.1831
v  3.0922 -0.3820 -0.1831
v  2.7186 -0.3611 -0.2608
v  2.7933 -0.3611 -0.2608
v  2.8680 -0.3611 -0.2608
v  2.9428 -0.3611 -0.2608
v  3.0175 -0.3611 -0.2608
v  3.0922 -0.3611 -0.2608
v  2.7186 -0.3043 -0.3176
v  2.7933 -0.3043 -0.3176
v  2.8680 -0.3043 -0.3176
v  2.9428 -0.3043 -0.3176
v  3.0175 -0.3043 -0.3176
v  3.0922 -0.3043 -0.3176
v  3.5614 0.3071 -0.3225
v  3.5614 0.3660 -0.2636
v  3.5614 0.3876 -0.1831
v  3.5614 0.3660 -0.1026
v  3.5614 0.3071 -0.0436
v  3.5614 0.2266 -0.0221
v  3.5614 0.1461 -0.0436
v  3.5614 0.0872 -0.1026
v  3.5614 0.0656 -0.1831
v  3.5614 0.0872 -0.2636
v  3.5614 0.1461 -0.3225
v  3.5614 0.2266 -0.3441
v  2.7186 0.1489 -0.3176
v  2.7186 0.2266 -0.3384
v  2.7933 0.2266 -0.3384
v  2.7933 0.1489 -0.3176
v  2.8680 0.1489 -0.3176
v  2.8680 0.2266 -0.3384
v  2.9428 0.2266 -0.3384
v  2.9428 0.1489 -0.3176
v  3.0175 0.1489 -0.3176
v  3.0175 0.2266 -0.3384
v  3.0922 0.2266 -0.3384
v  3.0922 0.1489 -0.3176
v  2.7186 0.0920 -0.2608
v  2.7933 0.0920 -0.2608
v  2.8680 0.0920 -0.2608
v  2.9428 0.0920 -0.2608
v  3.0175 0.0920 -0.2608
v  3.0922 0.0920 -0.2608
v  2.7186 0.0712 -0.1831
v  2.7933 0.0712 -0.1831
v  2.8680 0.0712 -0.1831
v  2.9428 0.0712 -0.1831
v  3.0175 0.0712 -0.1831
v  3.0922 0.0712 -0.1831
v  2.7186 0.0920 -0.1054
v  2.7933 0.0920 -0.1054
v  2.8680 0.0920 -0.1054
v  2.9428 0.0920 -0.1054
v  3.0175 0.0920 -0.1054
v  3.0922 0.0920 -0.1054
v  2.7186 0.1489 -0.0485
v  2.7933 0.1489 -0.0485
v  2.8680 0.1489 -0.0485
v  2.9428 0.1489 -0.0485
v  3.0175 0.1489 -0.0485
v  3.0922 0.1489 -0.0485
v  2.7186 0.2266 -0.0277
v  2.7933 0.2266 -0.0277
v  2.8680 0.2266 -0.0277
v  2.9428 0.2266 -0.0277
v  3.0175 0.2266 -0.0277
v  3.0922 0.2266 -0.0277
v  2.7186 0.3043 -0.0485
v  2.7933 0.3043 -0.0485
v  2.8680 0.3043 -0.0485
v  2.9428 0.3043 -0.0485
v  3.0175 0.3043 -0.0485
v  3.0922 0.3043 -0.0485
v  2.7186 0.3611 -0.1054
v  2.7933 0.3611 -0.1054
v  2.8680 0.3611 -0.1054
v  2.9428 0.3611 -0.1054
v  3.0175 0.3611 -0.1054
v  3.0922 0.3611 -0.1054
v  2.7186 0.3820 -0.1831
v  2.7933 0.3820 -0.1831
v  2.8680 0.3820 -0.1831
v  2.9428 0.3820 -0.1831
v  3.0175 0.3820 -0.1831
v  3.0922 0.3820 -0.1831
v  2.7186 0.3611 -0.2608
v  2.7933 0.3611 -0.2608
v  2.8680 0.3611 -0.2608
v  2.9428 0.3611 -0.2608
v  3.0175 0.3611 -0.2608
v  3.0922 0.3611 -0.2608
v  2.7186 0.3043 -0.3176
v  2.7933 0.3043 -0.3176
v  2.8680 0.3043 -0.3176
v  2.9428 0.3043 -0.3176
v  3.0175 0.3043 -0.3176
v  3.0922 0.3043 -0.3176
v  2.7933 0.1461 -0.3225
v  2.7933 0.2266 -0.3441
v  2.7933 0.3071 -0.3225
v  2.7933 0.3660 -0.2636
v  2.7933 0.3876 -0.1831
v  2.7933 0.3660 -0.1026
v  2.7933 0.3071 -0.0436
v  2.7933 0.2266 -0.0221
v  2.7933 0.1461 -0.0436
v  2.7933 0.0872 -0.1026
v  2.7933 0.0656 -0.1831
v  2.7933 0.0872 -0.2636
v  2.9428 0.2266 -0.3441
v  2.9428 0.3071 -0.3225
v  2.9428 0.3660 -0.2636
v  2.9428 0.3876 -0.1831
v  2.9428 0.3660 -0.1026
v  2.9428 0.3071 -0.0436
v  2.9428 0.2266 -0.0221
v  3.0922 0.1461 -0.3225
v  3.0922 0.2266 -0.3441
v  3.0922 0.3071 -0.3225
v  3.0922 0.3660 -0.2636
v  3.0922 0.3876 -0.1831
v  3.0922 0.3660 -0.1026
v  3.0922 0.3071 -0.0436
v  3.0922 0.2266 -0.0221
v  3.0922 0.1461 -0.0436
v  3.0922 0.0872 -0.1026
v  3.0922 0.0872 -0.2636
v  3.5614 0.0805 0.0576
v  3.5614 0.1394 0.1165
v  3.5614 0.1610 0.1970
v  3.5614 0.1394 0.2775
v  3.5614 0.0805 0.3364
v  3.5614 0.0000 0.3580
v  3.5614 -0.0805 0.3364
v  3.5614 -0.1394 0.2775
v  3.5614 -0.1610 0.1970
v  3.5614 -0.1394 0.1165
v  3.5614 -0.0805 0.0576
v  3.5614 0.0000 0.0360
v  2.7186 -0.0777 0.0624
v  2.7186 0.0000 0.0416
v  2.7933 0.0000 0.0416
v  2.7933 -0.0777 0.0624
v  2.8680 -0.0777 0.0624
v  2.8680 0.0000 0.0416
v  2.9428 0.0000 0.0416
v  2.9428 -0.0777 0.0624
v  3.0175 -0.0777 0.0624
v  3.0175 0.0000 0.0416
v  3.0922 0.0000 0.0416
v  3.0922 -0.0777 0.0624
v  2.7186 -0.1346 0.1193
v  2.7933 -0.1346 0.1193
v  2.8680 -0.1346 0.1193
v  2.9428 -0.1346 0.1193
v  3.0175 -0.1346 0.1193
v  3.0922 -0.1346 0.1193
v  2.7186 -0.1554 0.1970
v  2.7933 -0.1554 0.1970
v  2.8680 -0.1554 0.1970
v  2.9428 -0.1554 0.1970
v  3.0175 -0.1554 0.1970
v  3.0922 -0.1554 0.1970
v  2.7186 -0.1346 0.2747
v  2.7933 -0.1346 0.2747
v  2.8680 -0.1346 0.2747
v  2.9428 -0.1346 0.2747
v  3.0175 -0.1346 0.2747
v  3.0922 -0.1346 0.2747
v  2.7186 -0.0777 0.3316
v  2.7933 -0.0777 0.3316
v  2.8680 -0.0777 0.3316
v  2.9428 -0.0777 0.3316
v  3.0175 -0.0777 0.3316
v  3.0922 -0.0777 0.3316
v  2.7186 0.0000 0.3524
v  2.7933 0.0000 0.3524
v  2.8680 0.0000 0.3524
v  2.9428 0.0000 0.3524
v  3.0175 0.0000 0.3524
v  3.0922 0.0000 0.3524
v  2.7186 0.0777 0.3316
v  2.7933 0.0777 0.3316
v  2.8680 0.0777 0.3316
v  2.9428 0.0777 0.3316
v  3.0175 0.0777 0.3316
v  3.0922 0.0777 0.3316
v  2.7186 0.1346 0.2747
v  2.7933 0.1346 0.2747
v  2.8680 0.1346 0.2747
v  2.9428 0.1346 0.2747
v  3.0175 0.1346 0.2747
v  3.0922 0.1346 0.2747
v  2.7186 0.1554 0.1970
v  2.7933 0.1554 0.1970
v  2.8680 0.1554 0.1970
v  2.9428 0.1554 0.1970
v  3.0175 0.1554 0.1970
v  3.0922 0.1554 0.1970
v  2.7186 0.1346 0.1193
v  2.7933 0.1346 0.1193
v  2.8680 0.1346 0.1193
v  2.9428 0.1346 0.1193
v  3.0175 0.1346 0.1193
v  3.0922 0.1346 0.1193
v  2.7186 0.0777 0.0624
v  2.7933 0.0777 0.0624
v  2.8680 0.0777 0.0624
v  2.9428 0.0777 0.0624
v  3.0175 0.0777 0.0624
v  3.0922 0.0777 0.0624
v  2.7933 0.0000 0.0360
v  2.7933 0.0805 0.0576
v  2.7933 0.1394 0.1165
v  2.7933 0.1610 0.1970
v  2.7933 0.1394 0.2775
v  2.7933 0.0805 0.3364
v  2.7933 0.0000 0.3580
v  3.0922 0.0805 0.0576
v  3.0922 0.1394 0.1165
v  3.0922 0.1610 0.1970
v  3.0922 0.1394 0.2775
v  3.0922 0.0805 0.3364
# 294 vertices

vn 1.0000 0.0000 0.0000
vn 0.0000 0.5000 -0.8660
vn 0.0000 0.0000 -1.0000
vn -0.0000 0.0000 -1.0000
vn -0.0000 -0.0000 -1.0000
vn 0.0000 0.8660 -0.5000
vn 0.0000 0.8661 -0.4999
vn 0.0000 1.0000 -0.0000
vn -0.0000 1.0000 0.0001
vn -0.0000 1.0000 -0.0000
vn -0.0000 0.8660 0.5000
vn 0.0000 0.8660 0.5000
vn -0.0000 0.5000 0.8660
vn 0.0000 0.5000 0.8660
vn 0.0000 -0.0000 1.0000
vn -0.0000 -0.5000 0.8660
vn 0.0000 -0.5000 0.8660
vn -0.0000 -0.8660 0.5000
vn 0.0000 -0.8660 0.5000
vn 0.0000 -1.0000 0.0000
vn -0.0000 -1.0000 -0.0000
vn 0.0000 -1.0000 -0.0000
vn 0.0000 -0.8660 -0.5000
vn 0.0000 -0.5000 -0.8660
vn 0.0000 -0.0000 -1.0000
vn -0.7703 0.0000 -0.6377
vn -0.7703 -0.3189 -0.5523
vn -0.5170 -0.0000 -0.8560
vn -0.7703 -0.0000 -0.6377
vn -0.7703 -0.5523 -0.3189
vn -0.0000 -0.8660 -0.5000
vn -0.5169 -0.7413 -0.4280
vn -0.7702 -0.6378 0.0000
vn -0.7703 -0.5522 0.3189
vn 0.0000 -0.8660 0.5001
vn -0.5170 -0.7413 0.4280
vn -0.7703 -0.3189 0.5523
vn -0.7703 0.0000 0.6377
vn -0.5169 0.0000 0.8560
vn -0.7702 0.0000 0.6378
vn -0.7703 0.3189 0.5523
vn -0.7703 0.3189 0.5522
vn 0.0000 0.4999 0.8661
vn -0.7703 0.5522 0.3189
vn -0.7703 0.5523 0.3189
vn 0.0000 1.0000 0.0000
vn -0.7703 0.6377 -0.0000
vn -0.7703 0.6377 0.0000
vn -0.0000 0.8660 -0.5000
vn -0.7703 0.5523 -0.3189
vn -0.7703 0.5523 -0.3188
vn -0.7703 0.3189 -0.5523
vn -0.0000 0.5000 -0.8660
vn -0.7703 0.3188 -0.5523
vn -0.7703 0.3188 -0.5522
vn -1.0000 0.0000 0.0000
vn -0.5170 0.0000 -0.8560
vn -0.0000 -0.5000 -0.8660
vn -0.0000 -1.0000 0.0000
vn -0.5170 0.0000 0.8560
vn -0.0000 -0.0000 1.0000
vn -0.5170 0.4280 0.7413
vn -0.7703 0.5523 0.3188
vn -0.0000 1.0000 0.0000
vn -0.5169 0.4280 -0.7414
# 65 vertex normals

vt 0.2045 0.5301 0.0000
vt 0.2153 0.5272 0.0000
vt 0.2260 0.5301 0.0000
vt 0.2338 0.5379 0.0000
vt 0.2367 0.5485 0.0000
vt 0.2338 0.5592 0.0000
vt 0.2260 0.5670 0.0000
vt 0.2153 0.5698 0.0000
vt 0.2045 0.5670 0.0000
vt 0.1967 0.5592 0.0000
vt 0.1938 0.5485 0.0000
vt 0.1967 0.5379 0.0000
vt 0.6841 0.4624 0.0039
vt 0.6770 0.4624 0.0039
vt 0.6770 0.4489 -0.0039
vt 0.6841 0.4489 -0.0039
vt 0.6889 0.3513 0.0039
vt 0.6819 0.3513 0.0039
vt 0.6819 0.3378 -0.0039
vt 0.6889 0.3378 -0.0039
vt 0.6841 0.5011 0.0039
vt 0.6770 0.5011 0.0039
vt 0.6770 0.4876 -0.0039
vt 0.6841 0.4876 -0.0039
vt 0.7235 0.0790 0.0075
vt 0.7157 0.0790 0.0075
vt 0.7157 0.0682 -0.0161
vt 0.7235 0.0682 -0.0161
vt 0.6752 0.4076 0.0075
vt 0.6674 0.4076 0.0075
vt 0.6674 0.3968 -0.0161
vt 0.6752 0.3968 -0.0161
vt 0.7428 0.1418 0.0075
vt 0.7350 0.1418 0.0075
vt 0.7350 0.1310 -0.0161
vt 0.7428 0.1310 -0.0161
vt 0.7235 0.0937 0.0161
vt 0.7157 0.0937 0.0161
vt 0.6752 0.4223 0.0161
vt 0.6674 0.4223 0.0161
vt 0.7428 0.1566 0.0161
vt 0.7350 0.1566 0.0161
vt 0.7235 0.1085 0.0075
vt 0.7157 0.1085 0.0075
vt 0.6752 0.4371 0.0075
vt 0.6674 0.4371 0.0075
vt 0.7428 0.1713 0.0075
vt 0.7350 0.1713 0.0075
vt 0.7235 0.1193 -0.0161
vt 0.7157 0.1193 -0.0161
vt 0.6752 0.4479 -0.0161
vt 0.6674 0.4479 -0.0161
vt 0.7428 0.1822 -0.0161
vt 0.7350 0.1822 -0.0161
vt 0.6867 0.4103 0.0039
vt 0.6938 0.4103 0.0039
vt 0.6938 0.4238 -0.0039
vt 0.6867 0.4238 -0.0039
vt 0.6867 0.4489 0.0039
vt 0.6938 0.4489 0.0039
vt 0.6938 0.4624 -0.0039
vt 0.6867 0.4624 -0.0039
vt 0.6964 0.5552 0.0039
vt 0.7034 0.5552 0.0039
vt 0.7034 0.5688 -0.0039
vt 0.6964 0.5688 -0.0039
vt 0.6867 0.3968 -0.0039
vt 0.6938 0.3968 -0.0039
vt 0.6867 0.4354 -0.0039
vt 0.6938 0.4354 -0.0039
vt 0.6964 0.5417 -0.0039
vt 0.7034 0.5417 -0.0039
vt 0.7350 0.1085 -0.0075
vt 0.7428 0.1085 -0.0075
vt 0.7428 0.1193 0.0161
vt 0.7350 0.1193 0.0161
vt 0.7157 0.1713 -0.0075
vt 0.7235 0.1713 -0.0075
vt 0.7235 0.1822 0.0161
vt 0.7157 0.1822 0.0161
vt 0.7060 0.2342 -0.0075
vt 0.7138 0.2342 -0.0075
vt 0.7138 0.2450 0.0161
vt 0.7060 0.2450 0.0161
vt 0.7350 0.0937 -0.0161
vt 0.7428 0.0937 -0.0161
vt 0.7157 0.1566 -0.0161
vt 0.7235 0.1566 -0.0161
vt 0.7060 0.2194 -0.0161
vt 0.7138 0.2194 -0.0161
vt 0.7350 0.0790 -0.0075
vt 0.7428 0.0790 -0.0075
vt 0.7157 0.1418 -0.0075
vt 0.7235 0.1418 -0.0075
vt 0.7060 0.2046 -0.0075
vt 0.7138 0.2046 -0.0075
vt 0.7350 0.0682 0.0161
vt 0.7428 0.0682 0.0161
vt 0.7157 0.1310 0.0161
vt 0.7235 0.1310 0.0161
vt 0.7060 0.1938 0.0161
vt 0.7138 0.1938 0.0161
vt 0.6770 0.4354 0.0039
vt 0.6841 0.4354 0.0039
vt 0.6819 0.3243 0.0039
vt 0.6889 0.3243 0.0039
vt 0.6770 0.4741 0.0039
vt 0.6841 0.4741 0.0039
vt 0.2598 0.5736 0.0000
vt 0.2677 0.5814 0.0000
vt 0.2705 0.5920 0.0000
vt 0.2677 0.6027 0.0000
vt 0.2598 0.6104 0.0000
vt 0.2491 0.6133 0.0000
vt 0.2384 0.6104 0.0000
vt 0.2305 0.6027 0.0000
vt 0.2276 0.5920 0.0000
vt 0.2305 0.5814 0.0000
vt 0.2384 0.5736 0.0000
vt 0.2491 0.5707 0.0000
vt 0.6938 0.2856 0.0039
vt 0.6938 0.2991 -0.0039
vt 0.6867 0.2991 -0.0039
vt 0.6867 0.2856 0.0039
vt 0.0897 0.5321 0.0039
vt 0.0897 0.5456 -0.0039
vt 0.0827 0.5456 -0.0039
vt 0.0827 0.5321 0.0039
vt 0.7034 0.3968 0.0039
vt 0.7034 0.4103 -0.0039
vt 0.6964 0.4103 -0.0039
vt 0.6964 0.3968 0.0039
vt 0.6674 0.4704 -0.0075
vt 0.6674 0.4596 0.0161
vt 0.6752 0.4596 0.0161
vt 0.6752 0.4704 -0.0075
vt 0.7060 0.0790 -0.0075
vt 0.7060 0.0682 0.0161
vt 0.7138 0.0682 0.0161
vt 0.7138 0.0790 -0.0075
vt 0.7157 0.2046 -0.0075
vt 0.7157 0.1938 0.0161
vt 0.7235 0.1938 0.0161
vt 0.7235 0.2046 -0.0075
vt 0.6674 0.4852 -0.0161
vt 0.6752 0.4852 -0.0161
vt 0.7060 0.0937 -0.0161
vt 0.7138 0.0937 -0.0161
vt 0.7157 0.2194 -0.0161
vt 0.7235 0.2194 -0.0161
vt 0.6674 0.4999 -0.0075
vt 0.6752 0.4999 -0.0075
vt 0.7060 0.1085 -0.0075
vt 0.7138 0.1085 -0.0075
vt 0.7157 0.2342 -0.0075
vt 0.7235 0.2342 -0.0075
vt 0.6674 0.5108 0.0161
vt 0.6752 0.5108 0.0161
vt 0.7060 0.1193 0.0161
vt 0.7138 0.1193 0.0161
vt 0.7157 0.2450 0.0161
vt 0.7235 0.2450 0.0161
vt 0.6867 0.4876 0.0039
vt 0.6867 0.4741 -0.0039
vt 0.6938 0.4741 -0.0039
vt 0.6938 0.4876 0.0039
vt 0.6819 0.5262 0.0039
vt 0.6819 0.5127 -0.0039
vt 0.6889 0.5127 -0.0039
vt 0.6889 0.5262 0.0039
vt 0.6964 0.4876 0.0039
vt 0.6964 0.4741 -0.0039
vt 0.7034 0.4741 -0.0039
vt 0.7034 0.4876 0.0039
vt 0.6867 0.5011 -0.0039
vt 0.6938 0.5011 -0.0039
vt 0.6819 0.5398 -0.0039
vt 0.6889 0.5398 -0.0039
vt 0.6964 0.5011 -0.0039
vt 0.7034 0.5011 -0.0039
vt 0.6558 0.4999 0.0075
vt 0.6558 0.5108 -0.0161
vt 0.6480 0.5108 -0.0161
vt 0.6480 0.4999 0.0075
vt 0.7042 0.1858 0.0075
vt 0.7042 0.1967 -0.0161
vt 0.6964 0.1967 -0.0161
vt 0.6964 0.1858 0.0075
vt 0.7332 0.2342 0.0075
vt 0.7332 0.2450 -0.0161
vt 0.7254 0.2450 -0.0161
vt 0.7254 0.2342 0.0075
vt 0.6558 0.4852 0.0161
vt 0.6480 0.4852 0.0161
vt 0.7042 0.1711 0.0161
vt 0.6964 0.1711 0.0161
vt 0.7332 0.2194 0.0161
vt 0.7254 0.2194 0.0161
vt 0.6558 0.4704 0.0075
vt 0.6480 0.4704 0.0075
vt 0.7042 0.1563 0.0075
vt 0.6964 0.1563 0.0075
vt 0.7332 0.2046 0.0075
vt 0.7254 0.2046 0.0075
vt 0.6558 0.4596 -0.0161
vt 0.6480 0.4596 -0.0161
vt 0.7042 0.1455 -0.0161
vt 0.6964 0.1455 -0.0161
vt 0.7332 0.1938 -0.0161
vt 0.7254 0.1938 -0.0161
vt 0.6938 0.3126 0.0039
vt 0.6867 0.3126 0.0039
vt 0.0897 0.5591 0.0039
vt 0.0827 0.5591 0.0039
vt 0.7034 0.4238 0.0039
vt 0.6964 0.4238 0.0039
vt 0.8230 0.6895 0.0000
vt 0.8227 0.6902 0.0000
vt 0.8123 0.6874 0.0000
vt 0.8123 0.6867 0.0000
vt 0.7940 0.0295 0.0000
vt 0.7940 0.0302 0.0000
vt 0.7837 0.0330 0.0000
vt 0.7833 0.0323 0.0000
vt 0.5882 0.5997 0.0000
vt 0.5886 0.6004 0.0000
vt 0.5810 0.6079 0.0000
vt 0.5804 0.6075 0.0000
vt 0.9940 0.9331 0.0000
vt 0.9947 0.9335 0.0000
vt 0.9919 0.9438 0.0000
vt 0.9911 0.9438 0.0000
vt 0.9960 0.1696 0.0000
vt 0.9967 0.1696 0.0000
vt 0.9995 0.1799 0.0000
vt 0.9988 0.1803 0.0000
vt 0.4982 0.6339 0.0000
vt 0.4989 0.6335 0.0000
vt 0.5065 0.6411 0.0000
vt 0.5061 0.6417 0.0000
vt 0.4644 0.5762 0.0000
vt 0.4648 0.5756 0.0000
vt 0.4751 0.5783 0.0000
vt 0.4751 0.5790 0.0000
vt 0.4402 0.5790 0.0000
vt 0.4402 0.5783 0.0000
vt 0.4506 0.5756 0.0000
vt 0.4509 0.5762 0.0000
vt 0.5324 0.5885 0.0000
vt 0.5321 0.5879 0.0000
vt 0.5396 0.5804 0.0000
vt 0.5403 0.5808 0.0000
vt 0.9966 0.6442 0.0000
vt 0.9960 0.6438 0.0000
vt 0.9987 0.6335 0.0000
vt 0.9995 0.6335 0.0000
vt 0.1248 0.6007 0.0000
vt 0.1241 0.6007 0.0000
vt 0.1213 0.5904 0.0000
vt 0.1220 0.5900 0.0000
vt 0.5355 0.6558 0.0000
vt 0.5348 0.6562 0.0000
vt 0.5272 0.6487 0.0000
vt 0.5276 0.6480 0.0000
vt 0.7795 0.0440 0.0000
vt 0.7795 0.0447 0.0000
vt 0.7692 0.0475 0.0000
vt 0.7688 0.0468 0.0000
vt 0.5931 0.5900 0.0000
vt 0.5934 0.5907 0.0000
vt 0.5859 0.5982 0.0000
vt 0.5852 0.5978 0.0000
vt 0.9988 0.4016 0.0000
vt 0.9995 0.4020 0.0000
vt 0.9967 0.4123 0.0000
vt 0.9960 0.4123 0.0000
vt 0.7012 0.3098 0.0000
vt 0.7019 0.3098 0.0000
vt 0.7047 0.3201 0.0000
vt 0.7041 0.3204 0.0000
vt 0.5272 0.5904 0.0000
vt 0.5279 0.5900 0.0000
vt 0.5355 0.5976 0.0000
vt 0.5351 0.5982 0.0000
vt 0.2808 0.6632 0.0000
vt 0.2811 0.6625 0.0000
vt 0.2915 0.6653 0.0000
vt 0.2915 0.6660 0.0000
vt 0.5283 0.5736 0.0000
vt 0.5279 0.5742 0.0000
vt 0.5176 0.5715 0.0000
vt 0.5176 0.5707 0.0000
vt 0.8085 0.0295 0.0000
vt 0.8085 0.0302 0.0000
vt 0.7982 0.0330 0.0000
vt 0.7978 0.0323 0.0000
vt 0.6124 0.5659 0.0000
vt 0.6128 0.5665 0.0000
vt 0.6052 0.5741 0.0000
vt 0.6045 0.5737 0.0000
vt 0.9988 0.4596 0.0000
vt 0.9995 0.4599 0.0000
vt 0.9967 0.4703 0.0000
vt 0.9960 0.4703 0.0000
vt 0.4451 0.5997 0.0000
vt 0.4458 0.5997 0.0000
vt 0.4486 0.6100 0.0000
vt 0.4480 0.6104 0.0000
vt 0.4789 0.6049 0.0000
vt 0.4796 0.6045 0.0000
vt 0.4871 0.6121 0.0000
vt 0.4868 0.6127 0.0000
vt 0.4789 0.5617 0.0000
vt 0.4793 0.5611 0.0000
vt 0.4896 0.5638 0.0000
vt 0.4896 0.5645 0.0000
vt 0.4886 0.5790 0.0000
vt 0.4886 0.5783 0.0000
vt 0.4989 0.5756 0.0000
vt 0.4993 0.5762 0.0000
vt 0.4793 0.6562 0.0000
vt 0.4789 0.6556 0.0000
vt 0.4865 0.6480 0.0000
vt 0.4871 0.6484 0.0000
vt 0.9365 0.6800 0.0000
vt 0.9359 0.6804 0.0000
vt 0.9283 0.6728 0.0000
vt 0.9287 0.6722 0.0000
vt 0.3081 0.6219 0.0000
vt 0.3160 0.6297 0.0000
vt 0.3189 0.6403 0.0000
vt 0.3160 0.6510 0.0000
vt 0.3081 0.6588 0.0000
vt 0.2974 0.6616 0.0000
vt 0.2867 0.6588 0.0000
vt 0.2788 0.6510 0.0000
vt 0.2759 0.6403 0.0000
vt 0.2788 0.6297 0.0000
vt 0.2867 0.6219 0.0000
vt 0.2974 0.6190 0.0000
vt 0.6841 0.3968 0.0039
vt 0.6841 0.4103 -0.0039
vt 0.6770 0.4103 -0.0039
vt 0.6770 0.3968 0.0039
vt 0.6986 0.3243 0.0039
vt 0.6986 0.3378 -0.0039
vt 0.6915 0.3378 -0.0039
vt 0.6915 0.3243 0.0039
vt 0.7083 0.5127 0.0039
vt 0.7083 0.5262 -0.0039
vt 0.7012 0.5262 -0.0039
vt 0.7012 0.5127 0.0039
vt 0.7254 0.0790 -0.0075
vt 0.7254 0.0682 0.0161
vt 0.7332 0.0682 0.0161
vt 0.7332 0.0790 -0.0075
vt 0.6384 0.4704 -0.0075
vt 0.6384 0.4596 0.0161
vt 0.6462 0.4596 0.0161
vt 0.6462 0.4704 -0.0075
vt 0.6964 0.2191 -0.0075
vt 0.6964 0.2083 0.0161
vt 0.7042 0.2083 0.0161
vt 0.7042 0.2191 -0.0075
vt 0.7254 0.0937 -0.0161
vt 0.7332 0.0937 -0.0161
vt 0.6384 0.4852 -0.0161
vt 0.6462 0.4852 -0.0161
vt 0.6964 0.2339 -0.0161
vt 0.7042 0.2339 -0.0161
vt 0.7254 0.1085 -0.0075
vt 0.7332 0.1085 -0.0075
vt 0.6384 0.4999 -0.0075
vt 0.6462 0.4999 -0.0075
vt 0.6964 0.2487 -0.0075
vt 0.7042 0.2487 -0.0075
vt 0.7254 0.1193 0.0161
vt 0.7332 0.1193 0.0161
vt 0.6384 0.5108 0.0161
vt 0.6462 0.5108 0.0161
vt 0.6964 0.2595 0.0161
vt 0.7042 0.2595 0.0161
vt 0.6964 0.4489 0.0039
vt 0.6964 0.4354 -0.0039
vt 0.7034 0.4354 -0.0039
vt 0.7034 0.4489 0.0039
vt 0.6722 0.5359 0.0039
vt 0.6722 0.5224 -0.0039
vt 0.6793 0.5224 -0.0039
vt 0.6793 0.5359 0.0039
vt 0.6915 0.5262 0.0039
vt 0.6915 0.5127 -0.0039
vt 0.6986 0.5127 -0.0039
vt 0.6986 0.5262 0.0039
vt 0.6964 0.4624 -0.0039
vt 0.7034 0.4624 -0.0039
vt 0.6722 0.5494 -0.0039
vt 0.6793 0.5494 -0.0039
vt 0.6915 0.5398 -0.0039
vt 0.6986 0.5398 -0.0039
vt 0.7138 0.1713 0.0075
vt 0.7138 0.1822 -0.0161
vt 0.7060 0.1822 -0.0161
vt 0.7060 0.1713 0.0075
vt 0.6655 0.4999 0.0075
vt 0.6655 0.5108 -0.0161
vt 0.6577 0.5108 -0.0161
vt 0.6577 0.4999 0.0075
vt 0.7332 0.1713 0.0075
vt 0.7332 0.1822 -0.0161
vt 0.7254 0.1822 -0.0161
vt 0.7254 0.1713 0.0075
vt 0.7138 0.1566 0.0161
vt 0.7060 0.1566 0.0161
vt 0.6655 0.4852 0.0161
vt 0.6577 0.4852 0.0161
vt 0.7332 0.1566 0.0161
vt 0.7254 0.1566 0.0161
vt 0.7138 0.1418 0.0075
vt 0.7060 0.1418 0.0075
vt 0.6655 0.4704 0.0075
vt 0.6577 0.4704 0.0075
vt 0.7332 0.1418 0.0075
vt 0.7254 0.1418 0.0075
vt 0.7138 0.1310 -0.0161
vt 0.7060 0.1310 -0.0161
vt 0.6655 0.4596 -0.0161
vt 0.6577 0.4596 -0.0161
vt 0.7332 0.1310 -0.0161
vt 0.7254 0.1310 -0.0161
vt 0.6841 0.4238 0.0039
vt 0.6770 0.4238 0.0039
vt 0.6986 0.3513 0.0039
vt 0.6915 0.3513 0.0039
vt 0.7083 0.5398 0.0039
vt 0.7012 0.5398 0.0039
vt 0.1465 0.5949 0.0000
vt 0.1465 0.5956 0.0000
vt 0.1362 0.5984 0.0000
vt 0.1358 0.5977 0.0000
vt 0.5882 0.5852 0.0000
vt 0.5886 0.5859 0.0000
vt 0.5810 0.5934 0.0000
vt 0.5804 0.5930 0.0000
vt 0.9988 0.4306 0.0000
vt 0.9995 0.4310 0.0000
vt 0.9967 0.4413 0.0000
vt 0.9960 0.4413 0.0000
vt 0.1600 0.5949 0.0000
vt 0.1607 0.5949 0.0000
vt 0.1635 0.6052 0.0000
vt 0.1629 0.6056 0.0000
vt 0.9863 0.6726 0.0000
vt 0.9869 0.6722 0.0000
vt 0.9945 0.6797 0.0000
vt 0.9942 0.6804 0.0000
vt 0.4306 0.5665 0.0000
vt 0.4310 0.5659 0.0000
vt 0.4413 0.5686 0.0000
vt 0.4413 0.5694 0.0000
vt 0.6027 0.5756 0.0000
vt 0.6031 0.5762 0.0000
vt 0.5955 0.5837 0.0000
vt 0.5949 0.5833 0.0000
vt 0.9940 0.9573 0.0000
vt 0.9947 0.9577 0.0000
vt 0.9919 0.9680 0.0000
vt 0.9911 0.9680 0.0000
vt 0.9960 0.5756 0.0000
vt 0.9967 0.5756 0.0000
vt 0.9995 0.5859 0.0000
vt 0.9988 0.5862 0.0000
vt 0.4789 0.6339 0.0000
vt 0.4796 0.6335 0.0000
vt 0.4871 0.6411 0.0000
vt 0.4868 0.6417 0.0000
# 476 texture coords

o turret_a_emissive
g turret_a_emissive
usemtl emissive
s 1
f 961/1959/469 962/1960/469 963/1961/469 964/1962/469 965/1963/469 966/1964/469 967/1965/469 968/1966/469 969/1967/469 970/1968/469 971/1969/469 972/1970/469 
f 973/1971/470 974/1972/470 975/1973/471 976/1974/471 
f 977/1975/470 978/1976/470 979/1977/472 980/1978/473 
f 981/1979/470 982/1980/470 983/1981/471 984/1982/471 
f 985/1983/474 986/1984/475 974/1985/470 973/1986/470 
f 987/1987/474 988/1988/474 978/1989/470 977/1990/470 
f 989/1991/474 990/1992/474 982/1993/470 981/1994/470 
f 991/1995/476 992/1996/477 986/1984/475 985/1983/474 
f 993/1997/476 994/1998/476 988/1988/474 987/1987/474 
f 995/1999/478 996/2000/478 990/1992/474 989/1991/474 
f 997/2001/479 998/2002/479 992/1996/477 991/1995/476 
f 999/2003/479 1000/2004/479 994/1998/476 993/1997/476 
f 1001/2005/480 1002/2006/480 996/2000/478 995/1999/478 
f 1003/2007/481 1004/2008/481 998/2002/479 997/2001/479 
f 1005/2009/482 1006/2010/482 1000/2004/479 999/2003/479 
f 1007/2011/482 1008/2012/482 1002/2006/480 1001/2005/480 
f 1009/2013/483 1010/2014/483 1004/2015/481 1003/2016/481 
f 1011/2017/483 1012/2018/483 1006/2019/482 1005/2020/482 
f 1013/2021/483 1014/2022/483 1008/2023/482 1007/2024/482 
f 1015/2025/484 1016/2026/484 1010/2014/483 1009/2013/483 
f 1017/2027/485 1018/2028/485 1012/2018/483 1011/2017/483 
f 1019/2029/485 1020/2030/485 1014/2022/483 1013/2021/483 
f 1021/2031/486 1022/2032/486 1016/2033/484 1015/2034/484 
f 1023/2035/486 1024/2036/486 1018/2037/485 1017/2038/485 
f 1025/2039/487 1026/2040/487 1020/2041/485 1019/2042/485 
f 1027/2043/488 1028/2044/489 1022/2032/486 1021/2031/486 
f 1029/2045/488 1030/2046/489 1024/2036/486 1023/2035/486 
f 1031/2047/490 1032/2048/488 1026/2040/487 1025/2039/487 
f 1033/2049/491 1034/2050/491 1028/2044/489 1027/2043/488 
f 1035/2051/491 1036/2052/491 1030/2046/489 1029/2045/488 
f 1037/2053/491 1038/2054/491 1032/2048/488 1031/2047/490 
f 1039/2055/492 1040/2056/492 1034/2050/491 1033/2049/491 
f 1041/2057/492 1042/2058/492 1036/2052/491 1035/2051/491 
f 1043/2059/492 1044/2060/492 1038/2054/491 1037/2053/491 
f 976/1974/471 975/1973/471 1040/2061/492 1039/2062/492 
f 980/1978/473 979/1977/472 1042/2063/492 1041/2064/492 
f 984/1982/471 983/1981/471 1044/2065/492 1043/2066/492 
f 1045/2067/469 1046/2068/469 1047/2069/469 1048/2070/469 1049/2071/469 1050/2072/469 1051/2073/469 1052/2074/469 1053/2075/469 1054/2076/469 1055/2077/469 1056/2078/469 
f 1057/2079/492 1058/2080/493 1059/2081/494 1060/2082/495 
f 1061/2083/492 1062/2084/471 1063/2085/496 1064/2086/492 
f 1065/2087/492 1066/2088/493 1067/2089/497 1068/2090/495 
f 1069/2091/491 1057/2092/492 1060/2093/495 1070/2094/498 
f 1071/2095/491 1061/2096/492 1064/2097/492 1072/2098/491 
f 1073/2099/499 1065/2100/492 1068/2101/495 1074/2102/500 
f 1075/2103/490 1069/2091/491 1070/2094/498 1076/2104/501 
f 1077/2105/490 1071/2095/491 1072/2098/491 1078/2106/488 
f 1079/2107/488 1073/2099/499 1074/2102/500 1080/2108/489 
f 1081/2109/486 1075/2103/490 1076/2104/501 1082/2110/502 
f 1083/2111/486 1077/2105/490 1078/2106/488 1084/2112/486 
f 1085/2113/503 1079/2107/488 1080/2108/489 1086/2114/504 
f 1087/2115/484 1081/2109/486 1082/2110/502 1088/2116/505 
f 1089/2117/485 1083/2111/486 1084/2112/486 1090/2118/485 
f 1091/2119/485 1085/2113/503 1086/2114/504 1092/2120/505 
f 1093/2121/483 1087/2122/484 1088/2123/505 1094/2124/506 
f 1095/2125/483 1089/2126/485 1090/2127/485 1096/2128/507 
f 1097/2129/483 1091/2130/485 1092/2131/505 1098/2132/508 
f 1099/2133/481 1093/2121/483 1094/2124/506 1100/2134/509 
f 1101/2135/482 1095/2125/483 1096/2128/507 1102/2136/510 
f 1103/2137/511 1097/2129/483 1098/2132/508 1104/2138/510 
f 1105/2139/479 1099/2140/481 1100/2141/509 1106/2142/512 
f 1107/2143/479 1101/2144/482 1102/2145/510 1108/2146/512 
f 1109/2147/480 1103/2148/511 1104/2149/510 1110/2150/513 
f 1111/2151/514 1105/2139/479 1106/2142/512 1112/2152/515 
f 1113/2153/514 1107/2143/479 1108/2146/512 1114/2154/515 
f 1115/2155/514 1109/2147/480 1110/2150/513 1116/2156/516 
f 1117/2157/517 1111/2151/514 1112/2152/515 1118/2158/518 
f 1119/2159/474 1113/2153/514 1114/2154/515 1120/2160/519 
f 1121/2161/474 1115/2155/514 1116/2156/516 1122/2162/519 
f 1123/2163/470 1117/2157/517 1118/2158/518 1124/2164/520 
f 1125/2165/521 1119/2159/474 1120/2160/519 1126/2166/522 
f 1127/2167/470 1121/2161/474 1122/2162/519 1128/2168/523 
f 1058/2080/493 1123/2169/470 1124/2170/520 1059/2081/494 
f 1062/2084/471 1125/2171/521 1126/2172/522 1063/2085/496 
f 1066/2088/493 1127/2173/470 1128/2174/523 1067/2089/497 
usemtl base
f 1129/2175/524 1060/2176/495 1059/2177/494 1130/2178/524 
f 1130/2179/524 1059/2180/494 1124/2181/520 1131/2182/524 
f 1131/2183/524 1124/2184/520 1118/2185/518 1132/2186/524 
f 1132/2187/524 1118/2188/518 1112/2189/515 1133/2190/524 
f 1133/2191/524 1112/2192/515 1106/2193/512 1134/2194/524 
f 1134/2195/524 1106/2196/512 1100/2197/509 1135/2198/524 
f 1135/2199/524 1100/2200/509 1094/2201/506 1136/2202/524 
f 1136/2203/524 1094/2204/506 1088/2205/505 1137/2206/524 
f 1137/2207/524 1088/2208/505 1082/2209/502 1138/2210/524 
f 1138/2211/524 1082/2212/502 1076/2213/501 1139/2214/524 
f 1139/2215/524 1076/2216/501 1070/2217/498 1140/2218/524 
f 1140/2219/524 1070/2220/498 1060/2221/495 1129/2222/524 
f 1141/2223/524 1063/2224/496 1126/2225/522 1142/2226/524 
f 1142/2227/524 1126/2228/522 1120/2229/519 1143/2230/524 
f 1143/2231/524 1120/2232/519 1114/2233/515 1144/2234/524 
f 1144/2235/524 1114/2236/515 1108/2237/512 1145/2238/524 
f 1145/2239/524 1108/2240/512 1102/2241/510 1146/2242/524 
f 1146/2243/524 1102/2244/510 1096/2245/507 1147/2246/524 
f 1148/2247/524 1068/2248/495 1067/2249/497 1149/2250/524 
f 1149/2251/524 1067/2252/497 1128/2253/523 1150/2254/524 
f 1150/2255/524 1128/2256/523 1122/2257/519 1151/2258/524 
f 1151/2259/524 1122/2260/519 1116/2261/516 1152/2262/524 
f 1152/2263/524 1116/2264/516 1110/2265/513 1153/2266/524 
f 1153/2267/524 1110/2268/513 1104/2269/510 1154/2270/524 
f 1154/2271/524 1104/2272/510 1098/2273/508 1155/2274/524 
f 1155/2275/524 1098/2276/508 1092/2277/505 1156/2278/524 
f 1156/2279/524 1092/2280/505 1086/2281/504 1157/2282/524 
f 1158/2283/524 1074/2284/500 1068/2285/495 1148/2286/524 
usemtl emissive
f 1159/2287/469 1160/2288/469 1161/2289/469 1162/2290/469 1163/2291/469 1164/2292/469 1165/2293/469 1166/2294/469 1167/2295/469 1168/2296/469 1169/2297/469 1170/2298/469 
f 1171/2299/492 1172/2300/493 1173/2301/525 1174/2302/492 
f 1175/2303/526 1176/2304/472 1177/2305/473 1178/2306/526 
f 1179/2307/526 1180/2308/493 1181/2309/493 1182/2310/526 
f 1183/2311/491 1171/2312/492 1174/2313/492 1184/2314/491 
f 1185/2315/491 1175/2316/526 1178/2317/526 1186/2318/491 
f 1187/2319/499 1179/2320/526 1182/2321/526 1188/2322/499 
f 1189/2323/527 1183/2311/491 1184/2314/491 1190/2324/527 
f 1191/2325/488 1185/2315/491 1186/2318/491 1192/2326/489 
f 1193/2327/490 1187/2319/499 1188/2322/499 1194/2328/488 
f 1195/2329/486 1189/2323/527 1190/2324/527 1196/2330/486 
f 1197/2331/486 1191/2325/488 1192/2326/489 1198/2332/486 
f 1199/2333/487 1193/2327/490 1194/2328/488 1200/2334/487 
f 1201/2335/484 1195/2329/486 1196/2330/486 1202/2336/484 
f 1203/2337/485 1197/2331/486 1198/2332/486 1204/2338/485 
f 1205/2339/485 1199/2333/487 1200/2334/487 1206/2340/485 
f 1207/2341/483 1201/2342/484 1202/2343/484 1208/2344/528 
f 1209/2345/529 1203/2346/485 1204/2347/485 1210/2348/529 
f 1211/2349/483 1205/2350/485 1206/2351/485 1212/2352/483 
f 1213/2353/481 1207/2341/483 1208/2344/528 1214/2354/509 
f 1215/2355/482 1209/2345/529 1210/2348/529 1216/2356/482 
f 1217/2357/482 1211/2349/483 1212/2352/483 1218/2358/530 
f 1219/2359/479 1213/2360/481 1214/2361/509 1220/2362/513 
f 1221/2363/479 1215/2364/482 1216/2365/482 1222/2366/479 
f 1223/2367/480 1217/2368/482 1218/2369/530 1224/2370/531 
f 1225/2371/514 1219/2359/479 1220/2362/513 1226/2372/516 
f 1227/2373/532 1221/2363/479 1222/2366/479 1228/2374/532 
f 1229/2375/476 1223/2367/480 1224/2370/531 1230/2376/516 
f 1231/2377/474 1225/2371/514 1226/2372/516 1232/2378/518 
f 1233/2379/474 1227/2373/532 1228/2374/532 1234/2380/474 
f 1235/2381/517 1229/2375/476 1230/2376/516 1236/2382/518 
f 1237/2383/470 1231/2377/474 1232/2378/518 1238/2384/520 
f 1239/2385/521 1233/2379/474 1234/2380/474 1240/2386/521 
f 1241/2387/521 1235/2381/517 1236/2382/518 1242/2388/533 
f 1172/2300/493 1237/2389/470 1238/2390/520 1173/2301/525 
f 1176/2304/472 1239/2391/521 1240/2392/521 1177/2305/473 
f 1180/2308/493 1241/2393/521 1242/2394/533 1181/2309/493 
usemtl base
f 1243/2395/524 1173/2396/525 1238/2397/520 1244/2398/524 
f 1244/2399/524 1238/2400/520 1232/2401/518 1245/2402/524 
f 1245/2403/524 1232/2404/518 1226/2405/516 1246/2406/524 
f 1246/2407/524 1226/2408/516 1220/2409/513 1247/2410/524 
f 1247/2411/524 1220/2412/513 1214/2413/509 1248/2414/524 
f 1248/2415/524 1214/2416/509 1208/2417/528 1249/2418/524 
f 1250/2419/524 1242/2420/533 1236/2421/518 1251/2422/524 
f 1251/2423/524 1236/2424/518 1230/2425/516 1252/2426/524 
f 1252/2427/524 1230/2428/516 1224/2429/531 1253/2430/524 
f 1253/2431/524 1224/2432/531 1218/2433/530 1254/2434/524 
# 149 polygons

